tiempo_ms,tiempo_s,temperatura_c,temperatura_k,presion_hpa,densidad_kg_m3,altitud_estimada_m
0,0.0,20.64,293.78999999999996,1019.74,1.2091909683677464,-53.865638469762764
157,0.157,20.64,293.78999999999996,1019.72,1.2091672526957442,-53.700069654420325
291,0.291,20.64,293.78999999999996,1019.72,1.2091672526957442,-53.700069654420325
425,0.425,20.64,293.78999999999996,1019.75,1.2092028262037473,-53.94842189130659
560,0.56,20.64,293.78999999999996,1019.74,1.2091909683677464,-53.865638469762764
694,0.694,20.64,293.78999999999996,1019.75,1.2092028262037473,-53.94842189130659
828,0.828,20.64,293.78999999999996,1019.73,1.2091791105317453,-53.78285439079739
962,0.962,20.64,293.78999999999996,1019.73,1.2091791105317453,-53.78285439079739
1096,1.096,20.63,293.78,1019.72,1.2092084116327955,-53.700069654420325
1233,1.233,20.63,293.78,1019.78,1.2092795610705804,-54.19676821162536
1367,1.367,20.63,293.78,1019.74,1.209232128112057,-53.865638469762764
1502,1.502,20.64,293.78999999999996,1019.74,1.2091909683677464,-53.865638469762764
1636,1.636,20.64,293.78999999999996,1019.75,1.2092028262037473,-53.94842189130659
1771,1.771,20.64,293.78999999999996,1019.72,1.2091672526957442,-53.700069654420325
1905,1.905,20.64,293.78999999999996,1019.75,1.2092028262037473,-53.94842189130659
2039,2.039,20.64,293.78999999999996,1019.71,1.2091553948597433,-53.61728426061187
2173,2.173,20.65,293.79999999999995,1019.75,1.2091616688577227,-53.94842189130659
2318,2.318,20.65,293.79999999999995,1019.75,1.2091616688577227,-53.94842189130659
2452,2.452,20.65,293.79999999999995,1019.75,1.2091616688577227,-53.94842189130659
2586,2.586,20.65,293.79999999999995,1019.75,1.2091616688577227,-53.94842189130659
2720,2.72,20.65,293.79999999999995,1019.75,1.2091616688577227,-53.94842189130659
2854,2.854,20.64,293.78999999999996,1019.77,1.2092265418757493,-54.113986762228045
2989,2.989,20.64,293.78999999999996,1019.74,1.2091909683677464,-53.865638469762764
3124,3.124,20.64,293.78999999999996,1019.75,1.2092028262037473,-53.94842189130659
3258,3.258,20.64,293.78999999999996,1019.75,1.2092028262037473,-53.94842189130659
3395,3.395,20.64,293.78999999999996,1019.75,1.2092028262037473,-53.94842189130659
3529,3.529,20.64,293.78999999999996,1019.74,1.2091909683677464,-53.865638469762764
3663,3.663,20.64,293.78999999999996,1019.73,1.2091791105317453,-53.78285439079739
3834,3.834,20.65,293.79999999999995,1019.76,1.2091735262901213,-54.031204655468244
3968,3.968,20.65,293.79999999999995,1019.73,1.2091379539929252,-53.78285439079739
4103,4.103,20.66,293.81,1019.73,1.2090968002556803,-53.78285439079739
4237,4.237,20.66,293.81,1019.75,1.209120514313328,-53.94842189130659
4371,4.371,20.66,293.81,1019.76,1.2091323713421518,-54.031204655468244
4515,4.515,20.66,293.81,1019.77,1.2091442283709757,-54.113986762228045
4649,4.649,20.66,293.81,1019.75,1.209120514313328,-53.94842189130659
4785,4.785,20.67,293.82,1019.76,1.2090912191955538,-54.031204655468244
4919,4.919,20.67,293.82,1019.75,1.2090793625702774,-53.94842189130659
5053,5.053,20.67,293.82,1019.74,1.209067505945001,-53.865638469762764
5195,5.195,20.67,293.82,1019.74,1.209067505945001,-53.865638469762764
5338,5.338,20.67,293.82,1019.75,1.2090793625702774,-53.94842189130659
5479,5.479,20.67,293.82,1019.75,1.2090793625702774,-53.94842189130659
5621,5.621,20.67,293.82,1019.72,1.2090437926944477,-53.700069654420325
5764,5.764,20.67,293.82,1019.72,1.2090437926944477,-53.700069654420325
5906,5.906,20.67,293.82,1019.73,1.2090556493197242,-53.78285439079739
6048,6.048,20.67,293.82,1019.74,1.209067505945001,-53.865638469762764
6191,6.191,20.67,293.82,1019.74,1.209067505945001,-53.865638469762764
6332,6.332,20.67,293.82,1019.75,1.2090793625702774,-53.94842189130659
6474,6.474,20.67,293.82,1019.73,1.2090556493197242,-53.78285439079739
6617,6.617,20.67,293.82,1019.72,1.2090437926944477,-53.700069654420325
6798,6.798,20.67,293.82,1019.72,1.2090437926944477,-53.700069654420325
6940,6.94,20.67,293.82,1019.76,1.2090912191955538,-54.031204655468244
7082,7.082,20.66,293.81,1019.76,1.2091323713421518,-54.031204655468244
7225,7.225,20.66,293.81,1019.76,1.2091323713421518,-54.031204655468244
7366,7.366,20.66,293.81,1019.74,1.209108657284504,-53.865638469762764
7508,7.508,20.66,293.81,1019.75,1.209120514313328,-53.94842189130659
7651,7.651,20.65,293.79999999999995,1019.76,1.2091735262901213,-54.031204655468244
7793,7.793,20.65,293.79999999999995,1019.76,1.2091735262901213,-54.031204655468244
7935,7.935,20.65,293.79999999999995,1019.78,1.2091972411549188,-54.19676821162536
8078,8.078,20.64,293.78999999999996,1019.74,1.2091909683677464,-53.865638469762764
8219,8.219,20.64,293.78999999999996,1019.75,1.2092028262037473,-53.94842189130659
8361,8.361,20.64,293.78999999999996,1019.73,1.2091791105317453,-53.78285439079739
8504,8.504,20.64,293.78999999999996,1019.74,1.2091909683677464,-53.865638469762764
8646,8.646,20.65,293.79999999999995,1019.74,1.2091498114253239,-53.865638469762764
8788,8.788,20.65,293.79999999999995,1019.73,1.2091379539929252,-53.78285439079739
8933,8.933,20.65,293.79999999999995,1019.73,1.2091379539929252,-53.78285439079739
9075,9.075,20.65,293.79999999999995,1019.75,1.2091616688577227,-53.94842189130659
9217,9.217,20.65,293.79999999999995,1019.74,1.2091498114253239,-53.865638469762764
9360,9.36,20.65,293.79999999999995,1019.74,1.2091498114253239,-53.865638469762764
9501,9.501,20.65,293.79999999999995,1019.77,1.2091853837225202,-54.113986762228045
9643,9.643,20.65,293.79999999999995,1019.76,1.2091735262901213,-54.031204655468244
9786,9.786,20.65,293.79999999999995,1019.73,1.2091379539929252,-53.78285439079739
9928,9.928,20.65,293.79999999999995,1019.75,1.2091616688577227,-53.94842189130659
10070,10.07,20.65,293.79999999999995,1019.72,1.2091260965605266,-53.700069654420325
10213,10.213,20.65,293.79999999999995,1019.75,1.2091616688577227,-53.94842189130659
10354,10.354,20.65,293.79999999999995,1019.74,1.2091498114253239,-53.865638469762764
10496,10.496,20.64,293.78999999999996,1019.75,1.2092028262037473,-53.94842189130659
10639,10.639,20.65,293.79999999999995,1019.74,1.2091498114253239,-53.865638469762764
10781,10.781,20.65,293.79999999999995,1019.75,1.2091616688577227,-53.94842189130659
10923,10.923,20.65,293.79999999999995,1019.74,1.2091498114253239,-53.865638469762764
11066,11.066,20.65,293.79999999999995,1019.74,1.2091498114253239,-53.865638469762764
11210,11.21,20.65,293.79999999999995,1019.76,1.2091735262901213,-54.031204655468244
11353,11.353,20.64,293.78999999999996,1019.73,1.2091791105317453,-53.78285439079739
11495,11.495,20.65,293.79999999999995,1019.76,1.2091735262901213,-54.031204655468244
11637,11.637,20.64,293.78999999999996,1019.73,1.2091791105317453,-53.78285439079739
11778,11.778,20.64,293.78999999999996,1019.75,1.2092028262037473,-53.94842189130659
11921,11.921,20.64,293.78999999999996,1019.74,1.2091909683677464,-53.865638469762764
12063,12.063,20.64,293.78999999999996,1019.76,1.2092146840397484,-54.031204655468244
12205,12.205,20.65,293.79999999999995,1019.77,1.2091853837225202,-54.113986762228045
12348,12.348,20.65,293.79999999999995,1019.77,1.2091853837225202,-54.113986762228045
12490,12.49,20.65,293.79999999999995,1019.76,1.2091735262901213,-54.031204655468244
12631,12.631,20.65,293.79999999999995,1019.79,1.2092090985873174,-54.2795490036602
12804,12.804,20.64,293.78999999999996,1019.78,1.2092383997117504,-54.19676821162536
12946,12.946,20.64,293.78999999999996,1019.79,1.2092502575477515,-54.2795490036602
13088,13.088,20.64,293.78999999999996,1019.74,1.2091909683677464,-53.865638469762764
13229,13.229,20.64,293.78999999999996,1019.75,1.2092028262037473,-53.94842189130659
13375,13.375,20.64,293.78999999999996,1019.77,1.2092265418757493,-54.113986762228045
13517,13.517,20.64,293.78999999999996,1019.77,1.2092265418757493,-54.113986762228045
13659,13.659,20.64,293.78999999999996,1019.78,1.2092383997117504,-54.19676821162536
13801,13.801,20.64,293.78999999999996,1019.76,1.2092146840397484,-54.031204655468244
13943,13.943,20.64,293.78999999999996,1019.76,1.2092146840397484,-54.031204655468244
14086,14.086,20.64,293.78999999999996,1019.75,1.2092028262037473,-53.94842189130659
14228,14.228,20.63,293.78,1019.75,1.209243986351688,-53.94842189130659
14370,14.37,20.63,293.78,1019.74,1.209232128112057,-53.865638469762764
14512,14.512,20.62,293.77,1019.77,1.2093088665884073,-54.113986762228045
14654,14.654,20.62,293.77,1019.8,1.2093444425182716,-54.362329138342396
14826,14.826,20.62,293.77,1019.76,1.209297007945119,-54.031204655468244
14968,14.968,20.61,293.76,1019.76,1.2093381741014353,-54.031204655468244
15110,15.11,20.61,293.76,1019.77,1.209350033148408,-54.113986762228045
15252,15.252,20.61,293.76,1019.72,1.2092907379135438,-53.700069654420325
15394,15.394,20.62,293.77,1019.77,1.2093088665884073,-54.113986762228045
15537,15.537,20.62,293.77,1019.78,1.2093207252316953,-54.19676821162536
15681,15.681,20.62,293.77,1019.75,1.209285149301831,-53.94842189130659
15823,15.823,20.61,293.76,1019.75,1.2093263150544624,-53.94842189130659
15966,15.966,20.62,293.77,1019.74,1.209273290658543,-53.865638469762764
16108,16.108,20.62,293.77,1019.79,1.2093325838749833,-54.2795490036602
16250,16.25,20.62,293.77,1019.78,1.2093207252316953,-54.19676821162536
16392,16.392,20.62,293.77,1019.78,1.2093207252316953,-54.19676821162536
16534,16.534,20.62,293.77,1019.75,1.209285149301831,-53.94842189130659
16676,16.676,20.62,293.77,1019.75,1.209285149301831,-53.94842189130659
16819,16.819,20.62,293.77,1019.74,1.209273290658543,-53.865638469762764
16961,16.961,20.61,293.76,1019.75,1.2093263150544624,-53.94842189130659
17103,17.103,20.61,293.76,1019.78,1.2093618921953808,-54.19676821162536
17245,17.245,20.61,293.76,1019.77,1.209350033148408,-54.113986762228045
17387,17.387,20.61,293.76,1019.81,1.2093974693362994,-54.4451086156818
17529,17.529,20.61,293.76,1019.77,1.209350033148408,-54.113986762228045
17672,17.672,20.61,293.76,1019.75,1.2093263150544624,-53.94842189130659
17814,17.814,20.6,293.75,1019.77,1.2093912025112388,-54.113986762228045
17956,17.956,20.6,293.75,1019.78,1.2094030619619238,-54.19676821162536
18099,18.099,20.61,293.76,1019.76,1.2093381741014353,-54.031204655468244
18240,18.24,20.6,293.75,1019.77,1.2093912025112388,-54.113986762228045
18382,18.382,20.6,293.75,1019.75,1.2093674836098685,-53.94842189130659
18525,18.525,20.61,293.76,1019.75,1.2093263150544624,-53.94842189130659
18667,18.667,20.61,293.76,1019.77,1.209350033148408,-54.113986762228045
18809,18.809,20.61,293.76,1019.75,1.2093263150544624,-53.94842189130659
18952,18.952,20.61,293.76,1019.76,1.2093381741014353,-54.031204655468244
19093,19.093,20.61,293.76,1019.72,1.2092907379135438,-53.700069654420325
19235,19.235,20.61,293.76,1019.74,1.2093144560074895,-53.865638469762764
19378,19.378,20.61,293.76,1019.79,1.2093737512423537,-54.2795490036602
19520,19.52,20.61,293.76,1019.78,1.2093618921953808,-54.19676821162536
19662,19.662,20.61,293.76,1019.76,1.2093381741014353,-54.031204655468244
19805,19.805,20.6,293.75,1019.8,1.209426780863294,-54.362329138342396
19946,19.946,20.6,293.75,1019.77,1.2093912025112388,-54.113986762228045
20091,20.091,20.6,293.75,1019.79,1.2094149214126089,-54.2795490036602
20234,20.234,20.6,293.75,1019.79,1.2094149214126089,-54.2795490036602
20375,20.375,20.59,293.73999999999995,1019.78,1.20944423453161,-54.19676821162536
20517,20.517,20.58,293.72999999999996,1019.78,1.2094854099047259,-54.19676821162536
20660,20.66,20.58,293.72999999999996,1019.78,1.2094854099047259,-54.19676821162536
20802,20.802,20.58,293.72999999999996,1019.79,1.2094972701629179,-54.2795490036602
20944,20.944,20.58,293.72999999999996,1019.78,1.2094854099047259,-54.19676821162536
21087,21.087,20.59,293.73999999999995,1019.78,1.20944423453161,-54.19676821162536
21229,21.229,20.59,293.73999999999995,1019.77,1.2094323746771851,-54.113986762228045
21370,21.37,20.58,293.72999999999996,1019.77,1.2094735496465339,-54.113986762228045
21513,21.513,20.59,293.73999999999995,1019.79,1.2094560943860349,-54.2795490036602
21655,21.655,20.59,293.73999999999995,1019.79,1.2094560943860349,-54.2795490036602
21827,21.827,20.59,293.73999999999995,1019.78,1.20944423453161,-54.19676821162536
21968,21.968,20.59,293.73999999999995,1019.81,1.2094798140948844,-54.4451086156818
22111,22.111,20.59,293.73999999999995,1019.79,1.2094560943860349,-54.2795490036602
22253,22.253,20.59,293.73999999999995,1019.8,1.2094679542404596,-54.362329138342396
22397,22.397,20.59,293.73999999999995,1019.77,1.2094323746771851,-54.113986762228045
22540,22.54,20.58,293.72999999999996,1019.78,1.2094854099047259,-54.19676821162536
22682,22.682,20.58,293.72999999999996,1019.76,1.2094616893883419,-54.031204655468244
22824,22.824,20.57,293.71999999999997,1019.78,1.2095265880815576,-54.19676821162536
22995,22.995,20.57,293.71999999999997,1019.79,1.2095384487435443,-54.2795490036602
23138,23.138,20.57,293.71999999999997,1019.78,1.2095265880815576,-54.19676821162536
23280,23.28,20.57,293.71999999999997,1019.79,1.2095384487435443,-54.2795490036602
23422,23.422,20.56,293.71,1019.77,1.209555907996583,-54.113986762228045
23565,23.565,20.55,293.7,1019.76,1.2095852299081975,-54.031204655468244
23707,23.707,20.55,293.7,1019.78,1.2096089528475147,-54.19676821162536
23848,23.848,20.54,293.69,1019.76,1.2096264156901413,-54.031204655468244
23991,23.991,20.54,293.69,1019.78,1.209650139437213,-54.19676821162536
24133,24.133,20.53,293.67999999999995,1019.77,1.2096794665543327,-54.113986762228045
24275,24.275,20.53,293.67999999999995,1019.79,1.2097031911092138,-54.2795490036602
24418,24.418,20.52,293.66999999999996,1019.76,1.2097087956687358,-54.031204655468244
24562,24.562,20.52,293.66999999999996,1019.76,1.2097087956687358,-54.031204655468244
24704,24.704,20.52,293.66999999999996,1019.77,1.2097206583501086,-54.113986762228045
24847,24.847,20.52,293.66999999999996,1019.76,1.2097087956687358,-54.031204655468244
24989,24.989,20.52,293.66999999999996,1019.78,1.2097325210314813,-54.19676821162536
25131,25.131,20.52,293.66999999999996,1019.79,1.209744383712854,-54.2795490036602
25273,25.273,20.52,293.66999999999996,1019.77,1.2097206583501086,-54.113986762228045
25415,25.415,20.52,293.66999999999996,1019.77,1.2097206583501086,-54.113986762228045
25557,25.557,20.52,293.66999999999996,1019.77,1.2097206583501086,-54.113986762228045
25700,25.7,20.52,293.66999999999996,1019.78,1.2097325210314813,-54.19676821162536
25842,25.842,20.51,293.65999999999997,1019.75,1.209738126780627,-53.94842189130659
25984,25.984,20.51,293.65999999999997,1019.75,1.209738126780627,-53.94842189130659
26126,26.126,20.49,293.64,1019.77,1.2098442505710272,-54.113986762228045
26268,26.268,20.49,293.64,1019.78,1.2098561144643616,-54.19676821162536
26410,26.41,20.47,293.62,1019.77,1.2099266594158313,-54.113986762228045
26553,26.553,20.46,293.60999999999996,1019.76,1.2099560029428074,-54.031204655468244
26695,26.695,20.46,293.60999999999996,1019.75,1.2099441378372635,-53.94842189130659
26839,26.839,20.47,293.62,1019.76,1.2099147947143847,-54.031204655468244
26982,26.982,20.47,293.62,1019.74,1.2098910653114916,-53.865638469762764
27124,27.124,20.46,293.60999999999996,1019.74,1.2099322727317194,-53.865638469762764
27266,27.266,20.46,293.60999999999996,1019.76,1.2099560029428074,-54.031204655468244
27409,27.409,20.46,293.60999999999996,1019.78,1.209979733153895,-54.19676821162536
27550,27.55,20.45,293.59999999999997,1019.79,1.2100328105073361,-54.2795490036602
27692,27.692,20.45,293.59999999999997,1019.78,1.2100209449976673,-54.19676821162536
27835,27.835,20.44,293.59,1019.79,1.2100740255627025,-54.2795490036602
27977,27.977,20.43,293.58,1019.76,1.2100796444718225,-54.031204655468244
28119,28.119,20.43,293.58,1019.79,1.2101152434258255,-54.2795490036602
28262,28.262,20.42,293.57,1019.76,1.2101208639303662,-54.031204655468244
28403,28.403,20.42,293.57,1019.79,1.2101564640969915,-54.2795490036602
28545,28.545,20.42,293.57,1019.78,1.210144597374783,-54.19676821162536
28688,28.688,20.42,293.57,1019.77,1.2101327306525747,-54.113986762228045
28830,28.83,20.42,293.57,1019.77,1.2101327306525747,-54.113986762228045
28975,28.975,20.42,293.57,1019.77,1.2101327306525747,-54.113986762228045
29117,29.117,20.42,293.57,1019.78,1.210144597374783,-54.19676821162536
29259,29.259,20.42,293.57,1019.75,1.2101089972081578,-53.94842189130659
29402,29.402,20.44,293.59,1019.75,1.2100265619074182,-53.94842189130659
29544,29.544,20.47,293.62,1019.8,1.2099622535201708,-54.362329138342396
29686,29.686,20.49,293.64,1019.78,1.2098561144643616,-54.19676821162536
29828,29.828,20.5,293.65,1019.78,1.209814913847489,-54.19676821162536
29970,29.97,20.51,293.65999999999997,1019.77,1.209761852951292,-54.113986762228045
30112,30.112,20.51,293.65999999999997,1019.76,1.2097499898659596,-54.031204655468244
30255,30.255,20.51,293.65999999999997,1019.77,1.209761852951292,-54.113986762228045
30397,30.397,20.52,293.66999999999996,1019.77,1.2097206583501086,-54.113986762228045
30539,30.539,20.52,293.66999999999996,1019.77,1.2097206583501086,-54.113986762228045
30681,30.681,20.52,293.66999999999996,1019.79,1.209744383712854,-54.2795490036602
30854,30.854,20.51,293.65999999999997,1019.78,1.2097737160366244,-54.19676821162536
31025,31.025,20.52,293.66999999999996,1019.77,1.2097206583501086,-54.113986762228045
31167,31.167,20.51,293.65999999999997,1019.77,1.209761852951292,-54.113986762228045
31312,31.312,20.52,293.66999999999996,1019.77,1.2097206583501086,-54.113986762228045
31454,31.454,20.52,293.66999999999996,1019.79,1.209744383712854,-54.2795490036602
31596,31.596,20.53,293.67999999999995,1019.79,1.2097031911092138,-54.2795490036602
31738,31.738,20.53,293.67999999999995,1019.76,1.2096676042768921,-54.031204655468244
31881,31.881,20.53,293.67999999999995,1019.75,1.2096557419994516,-53.94842189130659
32023,32.023,20.53,293.67999999999995,1019.79,1.2097031911092138,-54.2795490036602
32165,32.165,20.54,293.69,1019.76,1.2096264156901413,-54.031204655468244
32307,32.307,20.54,293.69,1019.79,1.2096620013107489,-54.2795490036602
32449,32.449,20.55,293.7,1019.75,1.2095733684385388,-53.94842189130659
32591,32.591,20.55,293.7,1019.75,1.2095733684385388,-53.94842189130659
32734,32.734,20.56,293.71,1019.73,1.2095084637333473,-53.78285439079739
32876,32.876,20.55,293.7,1019.77,1.2095970913778562,-54.113986762228045
33018,33.018,20.55,293.7,1019.79,1.2096208143171734,-54.2795490036602
33160,33.16,20.55,293.7,1019.78,1.2096089528475147,-54.19676821162536
33302,33.302,20.55,293.7,1019.77,1.2095970913778562,-54.113986762228045
33484,33.484,20.55,293.7,1019.76,1.2095852299081975,-54.031204655468244
33626,33.626,20.56,293.71,1019.76,1.209544046930774,-54.031204655468244
33768,33.768,20.56,293.71,1019.74,1.2095203247991562,-53.865638469762764
33910,33.91,20.57,293.71999999999997,1019.75,1.2094910060955975,-53.94842189130659
34053,34.053,20.57,293.71999999999997,1019.75,1.2094910060955975,-53.94842189130659
34195,34.195,20.57,293.71999999999997,1019.75,1.2094910060955975,-53.94842189130659
34337,34.337,20.57,293.71999999999997,1019.74,1.2094791454336107,-53.865638469762764
34479,34.479,20.58,293.72999999999996,1019.75,1.2094498291301499,-53.94842189130659
34621,34.621,20.59,293.73999999999995,1019.77,1.2094323746771851,-54.113986762228045
34763,34.763,20.6,293.75,1019.74,1.2093556241591834,-53.865638469762764
34906,34.906,20.61,293.76,1019.72,1.2092907379135438,-53.700069654420325
35048,35.048,20.62,293.77,1019.73,1.2092614320152548,-53.78285439079739
35190,35.19,20.64,293.78999999999996,1019.72,1.2091672526957442,-53.700069654420325
35333,35.333,20.65,293.79999999999995,1019.72,1.2091260965605266,-53.700069654420325
35474,35.474,20.66,293.81,1019.75,1.209120514313328,-53.94842189130659
35616,35.616,20.67,293.82,1019.74,1.209067505945001,-53.865638469762764
35762,35.762,20.67,293.82,1019.75,1.2090793625702774,-53.94842189130659
35904,35.904,20.68,293.83,1019.76,1.2090500698500413,-54.031204655468244
36045,36.045,20.68,293.83,1019.74,1.209026357406528,-53.865638469762764
36188,36.188,20.66,293.81,1019.77,1.2091442283709757,-54.113986762228045
36330,36.33,20.65,293.79999999999995,1019.74,1.2091498114253239,-53.865638469762764
36472,36.472,20.61,293.76,1019.75,1.2093263150544624,-53.94842189130659
36615,36.615,20.6,293.75,1019.72,1.2093319052578133,-53.700069654420325
36757,36.757,20.59,293.73999999999995,1019.76,1.2094205148227604,-54.031204655468244
36898,36.898,20.58,293.72999999999996,1019.76,1.2094616893883419,-54.031204655468244
37041,37.041,20.57,293.71999999999997,1019.78,1.2095265880815576,-54.19676821162536
37183,37.183,20.57,293.71999999999997,1019.78,1.2095265880815576,-54.19676821162536
37325,37.325,20.56,293.71,1019.75,1.209532185864965,-53.94842189130659
37468,37.468,20.56,293.71,1019.8,1.2095914911940098,-54.362329138342396
37610,37.61,20.55,293.7,1019.78,1.2096089528475147,-54.19676821162536
37751,37.751,20.55,293.7,1019.77,1.2095970913778562,-54.113986762228045
37897,37.897,20.54,293.69,1019.79,1.2096620013107489,-54.2795490036602
38039,38.039,20.53,293.67999999999995,1019.79,1.2097031911092138,-54.2795490036602
38181,38.181,20.52,293.66999999999996,1019.8,1.2097562463942269,-54.362329138342396
38323,38.323,20.52,293.66999999999996,1019.79,1.209744383712854,-54.2795490036602
38465,38.465,20.52,293.66999999999996,1019.75,1.209696932987363,-53.94842189130659
38607,38.607,20.52,293.66999999999996,1019.76,1.2097087956687358,-54.031204655468244
38750,38.75,20.51,293.65999999999997,1019.76,1.2097499898659596,-54.031204655468244
38892,38.892,20.51,293.65999999999997,1019.78,1.2097737160366244,-54.19676821162536
39066,39.066,20.52,293.66999999999996,1019.78,1.2097325210314813,-54.19676821162536
39208,39.208,20.52,293.66999999999996,1019.77,1.2097206583501086,-54.113986762228045
39350,39.35,20.53,293.67999999999995,1019.79,1.2097031911092138,-54.2795490036602
39492,39.492,20.53,293.67999999999995,1019.77,1.2096794665543327,-54.113986762228045
39634,39.634,20.53,293.67999999999995,1019.8,1.2097150533866543,-54.362329138342396
39777,39.777,20.53,293.67999999999995,1019.78,1.2096913288317732,-54.19676821162536
39949,39.949,20.53,293.67999999999995,1019.77,1.2096794665543327,-54.113986762228045
40090,40.09,20.52,293.66999999999996,1019.78,1.2097325210314813,-54.19676821162536
40235,40.235,20.53,293.67999999999995,1019.77,1.2096794665543327,-54.113986762228045
40378,40.378,20.53,293.67999999999995,1019.8,1.2097150533866543,-54.362329138342396
40520,40.52,20.53,293.67999999999995,1019.81,1.2097269156640948,-54.4451086156818
40661,40.661,20.52,293.66999999999996,1019.76,1.2097087956687358,-54.031204655468244
40804,40.804,20.51,293.65999999999997,1019.79,1.209785579121957,-54.2795490036602
40946,40.946,20.51,293.65999999999997,1019.76,1.2097499898659596,-54.031204655468244
41088,41.088,20.51,293.65999999999997,1019.75,1.209738126780627,-53.94842189130659
41231,41.231,20.5,293.65,1019.77,1.2098030503581692,-54.113986762228045
41373,41.373,20.51,293.65999999999997,1019.81,1.209809305292622,-54.4451086156818
41514,41.514,20.51,293.65999999999997,1019.79,1.209785579121957,-54.2795490036602
41657,41.657,20.52,293.66999999999996,1019.8,1.2097562463942269,-54.362329138342396
41799,41.799,20.52,293.66999999999996,1019.79,1.209744383712854,-54.2795490036602
41941,41.941,20.52,293.66999999999996,1019.79,1.209744383712854,-54.2795490036602
42084,42.084,20.52,293.66999999999996,1019.78,1.2097325210314813,-54.19676821162536
42226,42.226,20.52,293.66999999999996,1019.76,1.2097087956687358,-54.031204655468244
42457,42.457,20.53,293.67999999999995,1019.79,1.2097031911092138,-54.2795490036602
42599,42.599,20.53,293.67999999999995,1019.77,1.2096794665543327,-54.113986762228045
42741,42.741,20.53,293.67999999999995,1019.78,1.2096913288317732,-54.19676821162536
42884,42.884,20.53,293.67999999999995,1019.78,1.2096913288317732,-54.19676821162536
43026,43.026,20.53,293.67999999999995,1019.79,1.2097031911092138,-54.2795490036602
43167,43.167,20.53,293.67999999999995,1019.77,1.2096794665543327,-54.113986762228045
43309,43.309,20.54,293.69,1019.8,1.2096738631842847,-54.362329138342396
43452,43.452,20.54,293.69,1019.78,1.209650139437213,-54.19676821162536
43594,43.594,20.54,293.69,1019.82,1.2096975869313564,-54.52788743570794
43737,43.737,20.54,293.69,1019.79,1.2096620013107489,-54.2795490036602
43879,43.879,20.54,293.69,1019.78,1.209650139437213,-54.19676821162536
44021,44.021,20.53,293.67999999999995,1019.77,1.2096794665543327,-54.113986762228045
44162,44.162,20.53,293.67999999999995,1019.76,1.2096676042768921,-54.031204655468244
44305,44.305,20.54,293.69,1019.76,1.2096264156901413,-54.031204655468244
44447,44.447,20.54,293.69,1019.79,1.2096620013107489,-54.2795490036602
44589,44.589,20.54,293.69,1019.79,1.2096620013107489,-54.2795490036602
44734,44.734,20.54,293.69,1019.78,1.209650139437213,-54.19676821162536
44876,44.876,20.54,293.69,1019.76,1.2096264156901413,-54.031204655468244
45019,45.019,20.54,293.69,1019.79,1.2096620013107489,-54.2795490036602
45161,45.161,20.55,293.7,1019.76,1.2095852299081975,-54.031204655468244
45303,45.303,20.55,293.7,1019.77,1.2095970913778562,-54.113986762228045
45446,45.446,20.55,293.7,1019.77,1.2095970913778562,-54.113986762228045
45587,45.587,20.54,293.69,1019.8,1.2096738631842847,-54.362329138342396
45729,45.729,20.54,293.69,1019.8,1.2096738631842847,-54.362329138342396
45872,45.872,20.55,293.7,1019.78,1.2096089528475147,-54.19676821162536
46014,46.014,20.55,293.7,1019.79,1.2096208143171734,-54.2795490036602
46156,46.156,20.55,293.7,1019.78,1.2096089528475147,-54.19676821162536
46299,46.299,20.54,293.69,1019.78,1.209650139437213,-54.19676821162536
46440,46.44,20.54,293.69,1019.77,1.2096382775636771,-54.113986762228045
46582,46.582,20.54,293.69,1019.79,1.2096620013107489,-54.2795490036602
46725,46.725,20.54,293.69,1019.77,1.2096382775636771,-54.113986762228045
46909,46.909,20.54,293.69,1019.76,1.2096264156901413,-54.031204655468244
47050,47.05,20.53,293.67999999999995,1019.74,1.209643879722011,-53.865638469762764
47193,47.193,20.53,293.67999999999995,1019.77,1.2096794665543327,-54.113986762228045
47335,47.335,20.53,293.67999999999995,1019.76,1.2096676042768921,-54.031204655468244
47477,47.477,20.53,293.67999999999995,1019.78,1.2096913288317732,-54.19676821162536
47620,47.62,20.53,293.67999999999995,1019.78,1.2096913288317732,-54.19676821162536
47762,47.762,20.53,293.67999999999995,1019.77,1.2096794665543327,-54.113986762228045
47903,47.903,20.53,293.67999999999995,1019.76,1.2096676042768921,-54.031204655468244
48045,48.045,20.53,293.67999999999995,1019.76,1.2096676042768921,-54.031204655468244
48188,48.188,20.53,293.67999999999995,1019.74,1.209643879722011,-53.865638469762764
48330,48.33,20.52,293.66999999999996,1019.72,1.2096613449432447,-53.700069654420325
48473,48.473,20.51,293.65999999999997,1019.76,1.2097499898659596,-54.031204655468244
48615,48.615,20.51,293.65999999999997,1019.74,1.2097262636952946,-53.865638469762764
48756,48.756,20.5,293.65,1019.77,1.2098030503581692,-54.113986762228045
48898,48.898,20.49,293.64,1019.77,1.2098442505710272,-54.113986762228045
49041,49.041,20.49,293.64,1019.74,1.2098086588910235,-53.865638469762764
49188,49.188,20.5,293.65,1019.75,1.2097793233795298,-53.94842189130659
49330,49.33,20.49,293.64,1019.75,1.2098205227843581,-53.94842189130659
49472,49.472,20.49,293.64,1019.74,1.2098086588910235,-53.865638469762764
49614,49.614,20.49,293.64,1019.74,1.2098086588910235,-53.865638469762764
49757,49.757,20.5,293.65,1019.77,1.2098030503581692,-54.113986762228045
49900,49.9,20.5,293.65,1019.75,1.2097793233795298,-53.94842189130659
50043,50.043,20.5,293.65,1019.77,1.2098030503581692,-54.113986762228045
50187,50.187,20.49,293.64,1019.75,1.2098205227843581,-53.94842189130659
50329,50.329,20.49,293.64,1019.74,1.2098086588910235,-53.865638469762764
50503,50.503,20.49,293.64,1019.76,1.2098323866776926,-54.031204655468244
50646,50.646,20.48,293.63,1019.74,1.2098498606980217,-53.865638469762764
50789,50.789,20.47,293.62,1019.76,1.2099147947143847,-54.031204655468244
50932,50.932,20.47,293.62,1019.72,1.2098673359085985,-53.700069654420325
51076,51.076,20.47,293.62,1019.74,1.2098910653114916,-53.865638469762764
51219,51.219,20.47,293.62,1019.74,1.2098910653114916,-53.865638469762764
51366,51.366,20.47,293.62,1019.76,1.2099147947143847,-54.031204655468244
51540,51.54,20.47,293.62,1019.75,1.209902930012938,-53.94842189130659
51684,51.684,20.47,293.62,1019.73,1.209879200610045,-53.78285439079739
51827,51.827,20.47,293.62,1019.75,1.209902930012938,-53.94842189130659
51970,51.97,20.47,293.62,1019.76,1.2099147947143847,-54.031204655468244
52113,52.113,20.48,293.63,1019.75,1.2098617249953985,-53.94842189130659
52256,52.256,20.48,293.63,1019.72,1.2098261321032682,-53.700069654420325
52400,52.4,20.49,293.64,1019.78,1.2098561144643616,-54.19676821162536
52543,52.543,20.49,293.64,1019.75,1.2098205227843581,-53.94842189130659
52686,52.686,20.5,293.65,1019.72,1.2097437329115706,-53.700069654420325
52830,52.83,20.51,293.65999999999997,1019.75,1.209738126780627,-53.94842189130659
52973,52.973,20.52,293.66999999999996,1019.74,1.2096850703059903,-53.865638469762764
53115,53.115,20.52,293.66999999999996,1019.74,1.2096850703059903,-53.865638469762764
53259,53.259,20.52,293.66999999999996,1019.75,1.209696932987363,-53.94842189130659
53402,53.402,20.52,293.66999999999996,1019.76,1.2097087956687358,-54.031204655468244
53545,53.545,20.52,293.66999999999996,1019.74,1.2096850703059903,-53.865638469762764
53693,53.693,20.52,293.66999999999996,1019.75,1.209696932987363,-53.94842189130659
53835,53.835,20.51,293.65999999999997,1019.75,1.209738126780627,-53.94842189130659
53979,53.979,20.52,293.66999999999996,1019.74,1.2096850703059903,-53.865638469762764
54122,54.122,20.52,293.66999999999996,1019.78,1.2097325210314813,-54.19676821162536
54265,54.265,20.51,293.65999999999997,1019.75,1.209738126780627,-53.94842189130659
54409,54.409,20.51,293.65999999999997,1019.76,1.2097499898659596,-54.031204655468244
54552,54.552,20.52,293.66999999999996,1019.76,1.2097087956687358,-54.031204655468244
54695,54.695,20.51,293.65999999999997,1019.74,1.2097262636952946,-53.865638469762764
54838,54.838,20.51,293.65999999999997,1019.72,1.2097025375246295,-53.700069654420325
54981,54.981,20.53,293.67999999999995,1019.75,1.2096557419994516,-53.94842189130659
55124,55.124,20.54,293.69,1019.73,1.209590830069534,-53.78285439079739
55268,55.268,20.55,293.7,1019.74,1.2095615069688803,-53.865638469762764
55411,55.411,20.55,293.7,1019.73,1.2095496454992216,-53.78285439079739
55554,55.554,20.56,293.71,1019.72,1.2094966026675382,-53.700069654420325
55698,55.698,20.56,293.71,1019.77,1.209555907996583,-54.113986762228045
55844,55.844,20.57,293.71999999999997,1019.76,1.2095028667575842,-54.031204655468244
55988,55.988,20.57,293.71999999999997,1019.77,1.2095147274195708,-54.113986762228045
56131,56.131,20.56,293.71,1019.73,1.2095084637333473,-53.78285439079739
56274,56.274,20.57,293.71999999999997,1019.74,1.2094791454336107,-53.865638469762764
56418,56.418,20.59,293.73999999999995,1019.72,1.2093730754050613,-53.700069654420325
56560,56.56,20.61,293.76,1019.7,1.2092670198195983,-53.53449820935234
56703,56.703,20.64,293.78999999999996,1019.7,1.2091435370237422,-53.53449820935234
56847,56.847,20.68,293.83,1019.71,1.2089907887412583,-53.61728426061187
56990,56.99,20.71,293.85999999999996,1019.7,1.2088555085489867,-53.53449820935234
57133,57.133,20.74,293.89,1019.7,1.2087321097764645,-53.53449820935234
57277,57.277,20.77,293.91999999999996,1019.71,1.2086205887855335,-53.61728426061187
57419,57.419,20.81,293.96,1019.71,1.2084561282346031,-53.61728426061187
57563,57.563,20.83,293.97999999999996,1019.69,1.208350214397464,-53.45171150064174
57706,57.706,20.85,294.0,1019.74,1.2083272605331978,-53.865638469762764
57849,57.849,20.86,294.01,1019.74,1.2082861623644099,-53.865638469762764
57993,57.993,20.88,294.03,1019.72,1.2081802780991147,-53.700069654420325
58140,58.14,20.9,294.04999999999995,1019.71,1.208086255588655,-53.61728426061187
58282,58.282,20.91,294.06,1019.74,1.2080807134488203,-53.865638469762764
58426,58.426,20.92,294.07,1019.72,1.2080159389583522,-53.700069654420325
58569,58.569,20.93,294.08,1019.77,1.208034091871859,-54.113986762228045
58744,58.744,20.94,294.09,1019.72,1.2079337861521395,-53.700069654420325
58887,58.887,20.94,294.09,1019.73,1.2079456318920108,-53.78285439079739
59030,59.03,20.95,294.09999999999997,1019.74,1.2079164046132613,-53.865638469762764
59173,59.173,20.96,294.10999999999996,1019.73,1.2078634894533387,-53.78285439079739
59317,59.317,20.96,294.10999999999996,1019.75,1.2078871793220187,-53.94842189130659
59460,59.46,20.97,294.12,1019.76,1.2078579560180798,-54.031204655468244
59603,59.603,20.97,294.12,1019.73,1.2078224224232332,-53.78285439079739
59747,59.747,20.99,294.14,1019.74,1.207752140466309,-53.865638469762764
59889,59.889,20.99,294.14,1019.72,1.207728453013812,-53.700069654420325
60032,60.032,21.0,294.15,1019.73,1.2076992380864233,-53.78285439079739
60176,60.176,21.0,294.15,1019.74,1.2077110814100296,-53.865638469762764
60323,60.323,21.01,294.15999999999997,1019.72,1.2076463393033814,-53.700069654420325
60467,60.467,21.02,294.16999999999996,1019.75,1.2076408141904305,-53.94842189130659
60641,60.641,21.03,294.17999999999995,1019.74,1.2075879209897349,-53.865638469762764
60783,60.783,21.04,294.19,1019.72,1.207523189671582,-53.700069654420325
60926,60.926,21.04,294.19,1019.73,1.2075350313848923,-53.78285439079739
61070,61.07,21.06,294.21,1019.73,1.2074529447779527,-53.78285439079739
61213,61.213,21.06,294.21,1019.73,1.2074529447779527,-53.78285439079739
61356,61.356,21.07,294.21999999999997,1019.72,1.2074000651535677,-53.700069654420325
61500,61.5,21.07,294.21999999999997,1019.74,1.207423746165319,-53.865638469762764
61643,61.643,21.07,294.21999999999997,1019.73,1.2074119056594435,-53.78285439079739
61786,61.786,21.07,294.21999999999997,1019.75,1.2074355866711948,-53.94842189130659
61929,61.929,21.07,294.21999999999997,1019.78,1.2074711081888216,-54.19676821162536
62072,62.072,21.07,294.21999999999997,1019.72,1.2074000651535677,-53.700069654420325
62216,62.216,21.07,294.21999999999997,1019.76,1.2074474271770703,-54.031204655468244
62359,62.359,21.07,294.21999999999997,1019.74,1.207423746165319,-53.865638469762764
62502,62.502,21.07,294.21999999999997,1019.71,1.2073882246476921,-53.61728426061187
62649,62.649,21.08,294.22999999999996,1019.74,1.2073827094339808,-53.865638469762764
62792,62.792,21.08,294.22999999999996,1019.72,1.2073590292270766,-53.700069654420325
62935,62.935,21.07,294.21999999999997,1019.72,1.2074000651535677,-53.700069654420325
63079,63.079,21.08,294.22999999999996,1019.76,1.2074063896408853,-54.031204655468244
63222,63.222,21.08,294.22999999999996,1019.75,1.2073945495374332,-53.94842189130659
63366,63.366,21.08,294.22999999999996,1019.74,1.2073827094339808,-53.865638469762764
63508,63.508,21.08,294.22999999999996,1019.71,1.2073471891236243,-53.61728426061187
63651,63.651,21.08,294.22999999999996,1019.74,1.2073827094339808,-53.865638469762764
63795,63.795,21.08,294.22999999999996,1019.74,1.2073827094339808,-53.865638469762764
63938,63.938,21.08,294.22999999999996,1019.72,1.2073590292270766,-53.700069654420325
64081,64.081,21.08,294.22999999999996,1019.74,1.2073827094339808,-53.865638469762764
64225,64.225,21.08,294.22999999999996,1019.72,1.2073590292270766,-53.700069654420325
64368,64.368,21.08,294.22999999999996,1019.74,1.2073827094339808,-53.865638469762764
64510,64.51,21.08,294.22999999999996,1019.74,1.2073827094339808,-53.865638469762764
64654,64.654,21.09,294.23999999999995,1019.73,1.207329835790924,-53.78285439079739
64801,64.801,21.09,294.23999999999995,1019.75,1.2073535151930361,-53.94842189130659
64945,64.945,21.08,294.22999999999996,1019.72,1.2073590292270766,-53.700069654420325
65088,65.088,21.09,294.23999999999995,1019.73,1.207329835790924,-53.78285439079739
65231,65.231,21.09,294.23999999999995,1019.75,1.2073535151930361,-53.94842189130659
65374,65.374,21.09,294.23999999999995,1019.73,1.207329835790924,-53.78285439079739
65517,65.517,21.08,294.22999999999996,1019.72,1.2073590292270766,-53.700069654420325
65660,65.66,21.08,294.22999999999996,1019.75,1.2073945495374332,-53.94842189130659
65804,65.804,21.09,294.23999999999995,1019.77,1.2073771945951481,-54.113986762228045
65947,65.947,21.09,294.23999999999995,1019.74,1.20734167549198,-53.865638469762764
66090,66.09,21.1,294.25,1019.76,1.2073243229364063,-54.031204655468244
66233,66.233,21.1,294.25,1019.74,1.2073006443390317,-53.865638469762764
66376,66.376,21.1,294.25,1019.74,1.2073006443390317,-53.865638469762764
66519,66.519,21.1,294.25,1019.78,1.207348001533781,-54.19676821162536
66663,66.663,21.11,294.26,1019.75,1.2072714548711985,-53.94842189130659
66837,66.837,21.11,294.26,1019.72,1.207235938182161,-53.700069654420325
66980,66.98,21.11,294.26,1019.73,1.2072477770785068,-53.78285439079739
67127,67.127,21.1,294.25,1019.73,1.2072888050403445,-53.78285439079739
67270,67.27,21.09,294.23999999999995,1019.71,1.2073061563888117,-53.61728426061187
67413,67.413,21.1,294.25,1019.75,1.2073124836377191,-53.94842189130659
67557,67.557,21.12,294.27,1019.71,1.2071830749170622,-53.61728426061187
67700,67.7,21.15,294.29999999999995,1019.74,1.2070955304001365,-53.865638469762764
67844,67.844,21.18,294.33,1019.76,1.2069961676486856,-54.031204655468244
67987,67.987,21.21,294.35999999999996,1019.73,1.2068376507783716,-53.78285439079739
68129,68.129,21.24,294.39,1019.77,1.2067620018943455,-54.113986762228045
68273,68.273,21.26,294.40999999999997,1019.77,1.2066800235646764,-54.113986762228045
68416,68.416,21.27,294.41999999999996,1019.77,1.2066390385764432,-54.113986762228045
68559,68.559,21.28,294.42999999999995,1019.75,1.206574392250786,-53.94842189130659
68703,68.703,21.3,294.45,1019.74,1.2064806065435902,-53.865638469762764
68846,68.846,21.31,294.46,1019.75,1.2064514647503868,-53.94842189130659
68989,68.989,21.32,294.46999999999997,1019.75,1.2064104944829657,-53.94842189130659
69132,69.132,21.34,294.48999999999995,1019.76,1.2063403919455251,-54.031204655468244
69279,69.279,21.35,294.5,1019.76,1.2062994296232177,-54.031204655468244
69423,69.423,21.38,294.53,1019.76,1.2061765593455256,-54.031204655468244
69566,69.566,21.4,294.54999999999995,1019.72,1.2060473507706084,-53.700069654420325
69740,69.74,21.41,294.56,1019.76,1.206053714095728,-54.031204655468244
69883,69.883,21.42,294.57,1019.75,1.2060009448022502,-53.94842189130659
70026,70.026,21.43,294.58,1019.76,1.2059718311631396,-54.031204655468244
70169,70.169,21.44,294.59,1019.73,1.2058954169629703,-53.78285439079739
70312,70.312,21.45,294.59999999999997,1019.77,1.2059017845813862,-54.113986762228045
70456,70.456,21.47,294.62,1019.74,1.2057844497887453,-53.865638469762764
70599,70.599,21.49,294.64,1019.73,1.2056907781805641,-53.78285439079739
70742,70.742,21.5,294.65,1019.77,1.2056971516635886,-54.113986762228045
70885,70.885,21.51,294.65999999999997,1019.79,1.2056798790638494,-54.2795490036602
71028,71.028,21.52,294.66999999999996,1019.77,1.2056153179410065,-54.113986762228045
71172,71.172,21.55,294.7,1019.78,1.2055044094038518,-54.19676821162536
71315,71.315,21.56,294.71,1019.75,1.205428042178409,-53.94842189130659
71458,71.458,21.57,294.71999999999997,1019.76,1.2053989618079455,-54.031204655468244
71606,71.606,21.59,294.73999999999995,1019.74,1.205293528522631,-53.865638469762764
71748,71.748,21.62,294.77,1019.75,1.205182679073172,-53.94842189130659
71891,71.891,21.64,294.78999999999996,1019.75,1.2051009135669424,-53.94842189130659
72035,72.035,21.66,294.81,1019.77,1.2050427927739098,-54.113986762228045
72178,72.178,21.69,294.84,1019.77,1.2049201795471318,-54.113986762228045
72321,72.321,21.71,294.85999999999996,1019.78,1.2048502660629286,-54.19676821162536
72465,72.465,21.74,294.89,1019.8,1.2047513204197924,-54.362329138342396
72608,72.608,21.76,294.90999999999997,1019.78,1.2046459918324748,-54.19676821162536
72751,72.751,21.78,294.92999999999995,1019.77,1.2045524895320125,-54.113986762228045
72894,72.894,21.8,294.95,1019.79,1.2044944335139984,-54.2795490036602
73037,73.037,21.84,294.98999999999995,1019.79,1.2043311066983757,-54.2795490036602
73181,73.181,21.86,295.01,1019.77,1.2042258423025536,-54.113986762228045
73324,73.324,21.89,295.03999999999996,1019.78,1.2041152028583078,-54.19676821162536
73467,73.467,21.93,295.08,1019.75,1.2039165592734138,-53.94842189130659
73611,73.611,21.97,295.12,1019.76,1.2037651871240092,-54.031204655468244
73757,73.757,22.02,295.16999999999996,1019.8,1.2036084862235072,-54.362329138342396
73900,73.9,22.03,295.17999999999995,1019.77,1.2035323048230788,-54.113986762228045
74044,74.044,22.05,295.2,1019.82,1.2035097706838416,-54.52788743570794
74187,74.187,22.06,295.21,1019.77,1.203409998772658,-54.113986762228045
74331,74.331,22.09,295.23999999999995,1019.76,1.2032759179787211,-54.031204655468244
74474,74.474,22.1,295.25,1019.79,1.2032705611006058,-54.2795490036602
74616,74.616,22.11,295.26,1019.75,1.2031826129865166,-53.94842189130659
74760,74.76,22.12,295.27,1019.75,1.2031418644305176,-53.94842189130659
74937,74.937,22.13,295.28,1019.75,1.2031011186345126,-53.94842189130659
75080,75.08,22.14,295.28999999999996,1019.75,1.2030603755982219,-53.94842189130659
75223,75.223,22.15,295.29999999999995,1019.74,1.2030078381197433,-53.865638469762764
75367,75.367,22.17,295.32,1019.78,1.2029735522528617,-54.19676821162536
75510,75.51,22.18,295.33,1019.77,1.202921023051083,-54.113986762228045
75654,75.654,22.19,295.34,1019.8,1.2029156798218752,-54.362329138342396
75797,75.797,22.19,295.34,1019.78,1.202892088614191,-54.19676821162536
75939,75.939,22.19,295.34,1019.75,1.2028567018026644,-53.94842189130659
76087,76.087,22.21,295.35999999999996,1019.76,1.202787046397744,-54.031204655468244
76230,76.23,22.22,295.37,1019.75,1.2027345306239592,-53.94842189130659
76373,76.373,22.22,295.37,1019.77,1.202758119435543,-54.113986762228045
76517,76.517,22.22,295.37,1019.76,1.2027463250297512,-54.031204655468244
76660,76.66,22.23,295.38,1019.78,1.2027291944319694,-54.19676821162536
76802,76.802,22.24,295.39,1019.77,1.20267668417237,-54.113986762228045
76946,76.946,22.25,295.4,1019.77,1.2026359706759526,-54.113986762228045
77089,77.089,22.26,295.40999999999997,1019.77,1.202595259935941,-54.113986762228045
77233,77.233,22.28,295.42999999999995,1019.72,1.2024548866719111,-53.700069654420325
77376,77.376,22.31,295.46,1019.75,1.2023681659459788,-53.94842189130659
77519,77.519,22.33,295.47999999999996,1019.74,1.2022749918666584,-53.865638469762764
77663,77.663,22.35,295.5,1019.79,1.2022525657020433,-54.2795490036602
77805,77.805,22.37,295.52,1019.77,1.2021476236385908,-54.113986762228045
77948,77.948,22.4,295.54999999999995,1019.74,1.2019902371739475,-53.865638469762764
78092,78.092,22.4,295.54999999999995,1019.79,1.2020491732869358,-54.2795490036602
78239,78.239,22.39,295.53999999999996,1019.78,1.2020780586428745,-54.19676821162536
78383,78.383,22.4,295.54999999999995,1019.79,1.2020491732869358,-54.2795490036602
78526,78.526,22.46,295.60999999999996,1019.78,1.2017934083803496,-54.19676821162536
78668,78.668,22.47,295.62,1019.75,1.2017174017671297,-53.94842189130659
78842,78.842,22.46,295.60999999999996,1019.77,1.2017816235502061,-54.113986762228045
78986,78.986,22.48,295.63,1019.75,1.2016767523945435,-53.94842189130659
79129,79.129,22.49,295.64,1019.8,1.2016950239432844,-54.362329138342396
79272,79.272,22.49,295.64,1019.74,1.2016243221376002,-53.865638469762764
79416,79.416,22.48,295.63,1019.76,1.2016885364274181,-54.031204655468244
79559,79.559,22.45,295.59999999999997,1019.8,1.201857634907282,-54.362329138342396
79701,79.701,22.43,295.58,1019.78,1.2019153848410418,-54.19676821162536
79845,79.845,22.41,295.56,1019.77,1.201984929414252,-54.113986762228045
79988,79.988,22.39,295.53999999999996,1019.76,1.2020544834000055,-54.031204655468244
80132,80.132,22.37,295.52,1019.76,1.2021358352194018,-54.031204655468244
80275,80.275,22.36,295.51,1019.75,1.2021647264403874,-53.94842189130659
80418,80.418,22.36,295.51,1019.75,1.2021647264403874,-53.94842189130659
80566,80.566,22.35,295.5,1019.78,1.2022407764849918,-54.19676821162536
80708,80.708,22.34,295.48999999999995,1019.77,1.2022696732128884,-54.113986762228045
80851,80.851,22.31,295.46,1019.76,1.2023799567590796,-54.031204655468244
80995,80.995,22.3,295.45,1019.75,1.202408862109998,-53.94842189130659
81138,81.138,22.29,295.44,1019.74,1.2024377694176827,-53.865638469762764
81281,81.281,22.28,295.42999999999995,1019.73,1.2024666786823324,-53.78285439079739
81425,81.425,22.27,295.41999999999996,1019.73,1.2025073823137278,-53.78285439079739
81568,81.568,22.27,295.41999999999996,1019.75,1.2025309671328919,-53.94842189130659
81711,81.711,22.27,295.41999999999996,1019.75,1.2025309671328919,-53.94842189130659
81854,81.854,22.26,295.40999999999997,1019.75,1.2025716743184012,-53.94842189130659
81997,81.997,22.24,295.39,1019.73,1.2026295097434625,-53.78285439079739
82141,82.141,22.23,295.38,1019.77,1.2027174004254735,-54.113986762228045
82284,82.284,22.22,295.37,1019.76,1.2027463250297512,-54.031204655468244
82427,82.427,22.22,295.37,1019.77,1.202758119435543,-54.113986762228045
82570,82.57,22.23,295.38,1019.77,1.2027174004254735,-54.113986762228045
82717,82.717,22.22,295.37,1019.76,1.2027463250297512,-54.031204655468244
82891,82.891,22.22,295.37,1019.77,1.202758119435543,-54.113986762228045
83035,83.035,22.2,295.34999999999997,1019.77,1.2028395657277007,-54.113986762228045
83178,83.178,22.19,295.34,1019.72,1.202821314991138,-53.700069654420325
83321,83.321,22.2,295.34999999999997,1019.78,1.2028513609321656,-54.19676821162536
83465,83.465,22.2,295.34999999999997,1019.77,1.2028395657277007,-54.113986762228045
83608,83.608,22.18,295.33,1019.79,1.2029446150575758,-54.2795490036602
83750,83.75,22.16,295.31,1019.77,1.2030024914079318,-54.113986762228045
83894,83.894,22.13,295.28,1019.77,1.2031247146358588,-54.113986762228045
84037,84.037,22.12,295.27,1019.76,1.203153662830757,-54.031204655468244
84180,84.18,22.12,295.27,1019.74,1.203130066030278,-53.865638469762764
84324,84.324,22.12,295.27,1019.72,1.2031064692297988,-53.700069654420325
84467,84.467,22.12,295.27,1019.74,1.203130066030278,-53.865638469762764
84610,84.61,22.13,295.28,1019.76,1.2031129166351857,-54.031204655468244
84753,84.753,22.14,295.28999999999996,1019.76,1.2030721731993554,-54.031204655468244
84896,84.896,22.14,295.28999999999996,1019.74,1.2030485779970883,-53.865638469762764
85044,85.044,22.16,295.31,1019.76,1.202990694605796,-54.031204655468244
85187,85.187,22.17,295.32,1019.78,1.2029735522528617,-54.19676821162536
85330,85.33,22.18,295.33,1019.76,1.2029092270478368,-54.031204655468244
85474,85.474,22.18,295.33,1019.78,1.2029328190543294,-54.19676821162536
85616,85.616,22.18,295.33,1019.75,1.2028974310445903,-53.94842189130659
85759,85.759,22.19,295.34,1019.73,1.20283311059498,-53.78285439079739
85903,85.903,22.21,295.35999999999996,1019.74,1.2027634567875143,-53.865638469762764
86046,86.046,22.22,295.37,1019.75,1.2027345306239592,-53.94842189130659
86189,86.189,22.22,295.37,1019.77,1.202758119435543,-54.113986762228045
86333,86.333,22.23,295.38,1019.75,1.202693812412482,-53.94842189130659
86476,86.476,22.24,295.39,1019.75,1.2026530969579163,-53.94842189130659
86619,86.619,22.25,295.4,1019.75,1.2026123842599827,-53.94842189130659
86762,86.762,22.26,295.40999999999997,1019.74,1.2025598815096312,-53.865638469762764
86905,86.905,22.27,295.41999999999996,1019.74,1.20251917472331,-53.865638469762764
87049,87.049,22.28,295.42999999999995,1019.75,1.2024902627031748,-53.94842189130659
87196,87.196,22.3,295.45,1019.75,1.202408862109998,-53.94842189130659
87339,87.339,22.3,295.45,1019.77,1.202432444534359,-54.113986762228045
87482,87.482,22.3,295.45,1019.75,1.202408862109998,-53.94842189130659
87625,87.625,22.31,295.46,1019.72,1.2023327935066768,-53.700069654420325
87769,87.769,22.32,295.46999999999997,1019.71,1.2022803108804412,-53.61728426061187
87943,87.943,22.32,295.46999999999997,1019.75,1.2023274725366329,-53.94842189130659
88086,88.086,22.31,295.46,1019.77,1.2023917475721804,-54.113986762228045
88229,88.229,22.3,295.45,1019.74,1.2023970708978173,-53.865638469762764
88373,88.373,22.3,295.45,1019.73,1.202385279685637,-53.78285439079739
88516,88.516,22.3,295.45,1019.75,1.202408862109998,-53.94842189130659
88659,88.659,22.3,295.45,1019.77,1.202432444534359,-54.113986762228045
88802,88.802,22.3,295.45,1019.75,1.202408862109998,-53.94842189130659
88945,88.945,22.29,295.44,1019.75,1.20244956102897,-53.94842189130659
89088,89.088,22.28,295.42999999999995,1019.76,1.202502054713596,-54.031204655468244
89232,89.232,22.26,295.40999999999997,1019.77,1.202595259935941,-54.113986762228045
89375,89.375,22.24,295.39,1019.73,1.2026295097434625,-53.78285439079739
89523,89.523,22.24,295.39,1019.74,1.2026413033506893,-53.865638469762764
89666,89.666,22.24,295.39,1019.75,1.2026530969579163,-53.94842189130659
89808,89.808,22.25,295.4,1019.79,1.2026595570919223,-54.2795490036602
89952,89.952,22.26,295.40999999999997,1019.79,1.2026188455534812,-54.2795490036602
90095,90.095,22.26,295.40999999999997,1019.81,1.202642431171021,-54.4451086156818
90238,90.238,22.25,295.4,1019.79,1.2026595570919223,-54.2795490036602
90382,90.382,22.23,295.38,1019.8,1.202752782444961,-54.362329138342396
90525,90.525,22.22,295.37,1019.82,1.2028170914645022,-54.52788743570794
90668,90.668,22.22,295.37,1019.8,1.2027935026529186,-54.362329138342396
90811,90.811,22.22,295.37,1019.79,1.2027817082471266,-54.2795490036602
90985,90.985,22.22,295.37,1019.82,1.2028170914645022,-54.52788743570794
91128,91.128,22.22,295.37,1019.81,1.2028052970587104,-54.4451086156818
91272,91.272,22.22,295.37,1019.81,1.2028052970587104,-54.4451086156818
91415,91.415,22.2,295.34999999999997,1019.81,1.2028867465455606,-54.4451086156818
91558,91.558,22.18,295.33,1019.83,1.202991799070561,-54.61066559840112
91702,91.702,22.15,295.29999999999995,1019.81,1.2030904185310916,-54.4451086156818
91845,91.845,22.1,295.25,1019.84,1.2033295570978748,-54.693443103800725
91987,91.987,22.07,295.21999999999997,1019.87,1.2034872395978042,-54.94177167628729
92131,92.131,22.05,295.2,1019.86,1.2035569754756945,-54.85899614272905
92274,92.274,22.03,295.17999999999995,1019.81,1.2035795128133049,-54.4451086156818
92417,92.417,22.01,295.15999999999997,1019.85,1.2037082783804929,-54.776219951906754
92561,92.561,22.0,295.15,1019.85,1.2037490613138617,-54.776219951906754
92704,92.704,21.98,295.13,1019.86,1.2038424394687934,-54.85899614272905
92848,92.848,21.97,295.12,1019.84,1.2038596222999034,-54.693443103800725
92990,92.99,21.96,295.10999999999996,1019.88,1.2039476350774374,-55.024546552591325
93133,93.133,21.95,295.09999999999997,1019.84,1.2039412122438076,-54.693443103800725
93277,93.277,21.94,295.09,1019.84,1.2039820113631352,-54.693443103800725
93420,93.42,21.93,295.08,1019.85,1.204034619244904,-54.776219951906754
93563,93.563,21.93,295.08,1019.84,1.204022813247755,-54.693443103800725
93707,93.707,21.92,295.07,1019.83,1.2040518115006906,-54.61066559840112
93850,93.85,21.9,295.04999999999995,1019.82,1.204121621101068,-54.52788743570794
93996,93.996,21.89,295.03999999999996,1019.84,1.204186048444779,-54.693443103800725
94140,94.14,21.87,295.02,1019.82,1.204244065845943,-54.52788743570794
94283,94.283,21.86,295.01,1019.83,1.2042966950934164,-54.61066559840112
94427,94.427,21.85,295.0,1019.84,1.2043493279089748,-54.693443103800725
94570,94.57,21.84,294.98999999999995,1019.81,1.2043547258965772,-54.4451086156818
94713,94.713,21.83,294.97999999999996,1019.83,1.2044191742474366,-54.61066559840112
94856,94.856,21.83,294.97999999999996,1019.84,1.2044309842468899,-54.693443103800725
94999,94.999,21.83,294.97999999999996,1019.84,1.2044309842468899,-54.693443103800725
95142,95.142,21.83,294.97999999999996,1019.82,1.2044073642479833,-54.52788743570794
95286,95.286,21.82,294.96999999999997,1019.81,1.2044363853687878,-54.4451086156818
95429,95.429,21.82,294.96999999999997,1019.82,1.2044481957686206,-54.52788743570794
95572,95.572,21.81,294.96,1019.84,1.2045126516583522,-54.693443103800725
95716,95.716,21.78,294.92999999999995,1019.84,1.2046351735433751,-54.693443103800725
95858,95.858,21.75,294.9,1019.81,1.2047222807468,-54.4451086156818
96001,96.001,21.73,294.88,1019.82,1.2048158040757937,-54.52788743570794
96145,96.145,21.7,294.84999999999997,1019.83,1.2049502052552445,-54.61066559840112
96292,96.292,21.68,294.83,1019.82,1.2050201278902082,-54.52788743570794
96436,96.436,21.67,294.82,1019.84,1.2050846337872176,-54.693443103800725
96579,96.579,21.65,294.79999999999995,1019.8,1.2051191210264336,-54.362329138342396
96722,96.722,21.65,294.79999999999995,1019.8,1.2051191210264336,-54.362329138342396
96866,96.866,21.64,294.78999999999996,1019.84,1.2052072720687526,-54.693443103800725
97040,97.04,21.62,294.77,1019.79,1.2052299527256976,-54.2795490036602
97182,97.182,21.61,294.76,1019.79,1.205270841243567,-54.2795490036602
97325,97.325,21.6,294.75,1019.81,1.2053353709660095,-54.4451086156818
97469,97.469,21.59,294.73999999999995,1019.79,1.2053526266029515,-54.2795490036602
97612,97.612,21.58,294.72999999999996,1019.8,1.2054053434621268,-54.362329138342396
97756,97.756,21.56,294.71,1019.79,1.2054753254553758,-54.2795490036602
97899,97.899,21.55,294.7,1019.82,1.2055516942852735,-54.52788743570794
98042,98.042,21.54,294.69,1019.8,1.2055689601906836,-54.362329138342396
98185,98.185,21.52,294.66999999999996,1019.83,1.2056862524841647,-54.61066559840112
98328,98.328,21.51,294.65999999999997,1019.81,1.205703524714014,-54.4451086156818
98475,98.475,21.5,294.65,1019.8,1.2057326213425847,-54.362329138342396
98619,98.619,21.48,294.63,1019.82,1.20583811664077,-54.52788743570794
98762,98.762,21.47,294.62,1019.82,1.2058790452307042,-54.52788743570794
98906,98.906,21.46,294.60999999999996,1019.81,1.2059081517675276,-54.4451086156818
99049,99.049,21.45,294.59999999999997,1019.83,1.205972735979324,-54.61066559840112
99223,99.223,21.43,294.58,1019.82,1.2060427873781996,-54.52788743570794
99366,99.366,21.42,294.57,1019.8,1.206060076988806,-54.362329138342396
99509,99.509,21.41,294.56,1019.8,1.2061010214509524,-54.362329138342396
99652,99.652,21.4,294.54999999999995,1019.81,1.2061537959335644,-54.4451086156818
99795,99.795,21.39,294.53999999999996,1019.79,1.2061710910740608,-54.2795490036602
99939,99.939,21.38,294.53,1019.78,1.2062002154324352,-54.19676821162536
100082,100.082,21.38,294.53,1019.82,1.2062475276062543,-54.52788743570794
100225,100.225,21.36,294.51,1019.81,1.206317614316089,-54.4451086156818
100369,100.369,21.35,294.5,1019.82,1.2063704051133108,-54.52788743570794
100511,100.511,21.34,294.48999999999995,1019.79,1.2063758808956293,-54.2795490036602
100655,100.655,21.34,294.48999999999995,1019.77,1.2063522215955598,-54.113986762228045
100798,100.798,21.33,294.47999999999996,1019.8,1.2064286772568344,-54.362329138342396
100941,100.941,21.32,294.46999999999997,1019.8,1.206469646750408,-54.362329138342396
101085,101.085,21.31,294.46,1019.83,1.2065461115924363,-54.61066559840112
101228,101.228,21.3,294.45,1019.81,1.206563425342949,-54.4451086156818
101371,101.371,21.28,294.42999999999995,1019.79,1.2066217204936789,-54.2795490036602
101514,101.514,21.27,294.41999999999996,1019.79,1.2066627035016433,-54.2795490036602
101657,101.657,21.25,294.4,1019.81,1.2067683444029595,-54.4451086156818
101800,101.8,21.24,294.39,1019.8,1.20679750289953,-54.362329138342396
101944,101.944,21.23,294.38,1019.82,1.2068621655882537,-54.52788743570794
102087,102.087,21.22,294.37,1019.81,1.2068913292530872,-54.4451086156818
102230,102.23,21.21,294.35999999999996,1019.8,1.2069204948994179,-54.362329138342396
102374,102.374,21.2,294.34999999999997,1019.8,1.2069614978039498,-54.362329138342396
102516,102.516,21.19,294.34,1019.79,1.2069906678159743,-54.2795490036602
102660,102.66,21.18,294.33,1019.79,1.20703167589085,-54.2795490036602
102803,102.803,21.18,294.33,1019.82,1.207067184133014,-54.52788743570794
102950,102.95,21.17,294.32,1019.8,1.207084523235229,-54.362329138342396
103094,103.094,21.17,294.32,1019.79,1.2070726867523576,-54.2795490036602
103237,103.237,21.16,294.31,1019.81,1.2071373741708786,-54.4451086156818
103380,103.38,21.16,294.31,1019.8,1.2071255372858298,-54.362329138342396
103523,103.523,21.14,294.28999999999996,1019.81,1.2072194114384835,-54.4451086156818
103666,103.666,21.13,294.28,1019.82,1.2072722723456235,-54.52788743570794
103809,103.809,21.12,294.27,1019.79,1.2072777828693166,-54.2795490036602
103953,103.953,21.12,294.27,1019.79,1.2072777828693166,-54.2795490036602
104096,104.096,21.11,294.26,1019.81,1.2073424882492738,-54.4451086156818
104240,104.24,21.11,294.26,1019.8,1.2073306493529279,-54.362329138342396
104383,104.383,21.11,294.26,1019.79,1.2073188104565822,-54.2795490036602
104526,104.526,21.1,294.25,1019.79,1.2073598408324684,-54.2795490036602
104669,104.669,21.1,294.25,1019.78,1.207348001533781,-54.19676821162536
104812,104.812,21.09,294.23999999999995,1019.8,1.2074127136983164,-54.362329138342396
104955,104.955,21.09,294.23999999999995,1019.8,1.2074127136983164,-54.362329138342396
105103,105.103,21.08,294.22999999999996,1019.79,1.207441909951242,-54.2795490036602
105246,105.246,21.07,294.21999999999997,1019.79,1.2074829486946974,-54.2795490036602
105389,105.389,21.06,294.21,1019.8,1.207535831136238,-54.362329138342396
105533,105.533,21.04,294.19,1019.79,1.2076060816647536,-54.2795490036602
105675,105.675,21.04,294.19,1019.8,1.2076179233780637,-54.362329138342396
105819,105.819,21.03,294.17999999999995,1019.8,1.2076589736847938,-54.362329138342396
105962,105.962,21.03,294.17999999999995,1019.78,1.2076352894531075,-54.19676821162536
106136,106.136,21.02,294.16999999999996,1019.79,1.2076881842640443,-54.2795490036602
106279,106.279,21.01,294.15999999999997,1019.78,1.207717396829328,-54.19676821162536
106423,106.423,20.99,294.14,1019.8,1.2078232028238,-54.362329138342396
106566,106.566,20.97,294.12,1019.76,1.2078579560180798,-54.031204655468244
106709,106.709,20.96,294.10999999999996,1019.78,1.2079227141250388,-54.19676821162536
106853,106.853,20.97,294.12,1019.77,1.207869800549695,-54.113986762228045
106996,106.996,20.97,294.12,1019.78,1.2078816450813106,-54.19676821162536
107138,107.138,20.97,294.12,1019.79,1.207893489612926,-54.2795490036602
107323,107.323,20.97,294.12,1019.81,1.2079171786761569,-54.4451086156818
107466,107.466,20.98,294.13,1019.78,1.2078405788301605,-54.19676821162536
107610,107.61,20.98,294.13,1019.79,1.2078524229590788,-54.2795490036602
107753,107.753,20.98,294.13,1019.8,1.207864267087997,-54.362329138342396
107896,107.896,20.98,294.13,1019.78,1.2078405788301605,-54.19676821162536
108039,108.039,20.99,294.14,1019.8,1.2078232028238,-54.362329138342396
108182,108.182,20.99,294.14,1019.8,1.2078232028238,-54.362329138342396
108325,108.325,20.99,294.14,1019.78,1.207799515371303,-54.19676821162536
108469,108.469,20.99,294.14,1019.8,1.2078232028238,-54.362329138342396
108612,108.612,20.98,294.13,1019.81,1.2078761112169154,-54.4451086156818
108755,108.755,20.98,294.13,1019.77,1.2078287347012422,-54.113986762228045
108898,108.898,20.98,294.13,1019.75,1.2078050464434056,-53.94842189130659
109041,109.041,20.97,294.12,1019.79,1.207893489612926,-54.2795490036602
109184,109.184,20.97,294.12,1019.76,1.2078579560180798,-54.031204655468244
109328,109.328,20.96,294.10999999999996,1019.8,1.2079464039937187,-54.362329138342396
109471,109.471,20.95,294.09999999999997,1019.76,1.2079400952874453,-54.031204655468244
109619,109.619,20.95,294.09999999999997,1019.79,1.207975631298721,-54.2795490036602
109762,109.762,20.94,294.09,1019.79,1.2080167063312384,-54.2795490036602
109905,109.905,20.94,294.09,1019.8,1.2080285520711096,-54.362329138342396
110048,110.048,20.93,294.08,1019.8,1.208069630299893,-54.362329138342396
110191,110.191,20.93,294.08,1019.79,1.208057784157215,-54.2795490036602
110334,110.334,20.92,294.07,1019.77,1.2080751716859128,-54.113986762228045
110478,110.478,20.92,294.07,1019.79,1.2080988647769368,-54.2795490036602
110621,110.621,20.92,294.07,1019.78,1.208087018231425,-54.19676821162536
110764,110.764,20.91,294.06,1019.78,1.2081281012423146,-54.19676821162536
110908,110.908,20.91,294.06,1019.79,1.2081399481906883,-54.2795490036602
111050,111.05,20.91,294.06,1019.78,1.2081281012423146,-54.19676821162536
111194,111.194,20.91,294.06,1019.78,1.2081281012423146,-54.19676821162536
111337,111.337,20.9,294.04999999999995,1019.78,1.2081691870474924,-54.19676821162536
111480,111.48,20.9,294.04999999999995,1019.81,1.2082047291012799,-54.4451086156818
111624,111.624,20.9,294.04999999999995,1019.8,1.2081928817500174,-54.362329138342396
111771,111.771,20.89,294.03999999999996,1019.79,1.2082221234014212,-54.2795490036602
111914,111.914,20.89,294.03999999999996,1019.79,1.2082221234014212,-54.2795490036602
112058,112.058,20.9,294.04999999999995,1019.79,1.208181034398755,-54.2795490036602
112200,112.2,20.9,294.04999999999995,1019.8,1.2081928817500174,-54.362329138342396
112343,112.343,20.89,294.03999999999996,1019.76,1.2081865801388847,-54.031204655468244
112487,112.487,20.9,294.04999999999995,1019.78,1.2081691870474924,-54.19676821162536
112630,112.63,20.89,294.03999999999996,1019.78,1.2082102756472424,-54.19676821162536
112774,112.774,20.89,294.03999999999996,1019.79,1.2082221234014212,-54.2795490036602
112917,112.917,20.88,294.03,1019.79,1.2082632151989725,-54.2795490036602
113060,113.06,20.88,294.03,1019.78,1.2082513670418498,-54.19676821162536
113203,113.203,20.88,294.03,1019.81,1.2082869115132175,-54.4451086156818
113346,113.346,20.88,294.03,1019.8,1.208275063356095,-54.362329138342396
113489,113.489,20.88,294.03,1019.82,1.20829875967034,-54.52788743570794
113633,113.633,20.87,294.02,1019.8,1.2083161583517876,-54.362329138342396
113776,113.776,20.87,294.02,1019.8,1.2083161583517876,-54.362329138342396
113924,113.924,20.86,294.01,1019.79,1.208345407179871,-54.2795490036602
114067,114.067,20.84,293.98999999999995,1019.8,1.2084394601129038,-54.362329138342396
114210,114.21,20.82,293.96999999999997,1019.8,1.2085216752681995,-54.362329138342396
114353,114.353,20.81,293.96,1019.79,1.2085509360625728,-54.2795490036602
114496,114.496,20.8,293.95,1019.78,1.2085801988478146,-54.19676821162536
114639,114.639,20.78,293.92999999999995,1019.76,1.2086387303917179,-54.031204655468244
114783,114.783,20.78,293.92999999999995,1019.77,1.2086505825797855,-54.113986762228045
114926,114.926,20.77,293.91999999999996,1019.79,1.208715409516038,-54.2795490036602
115069,115.069,20.78,293.92999999999995,1019.78,1.2086624347678534,-54.19676821162536
115243,115.243,20.77,293.91999999999996,1019.79,1.208715409516038,-54.2795490036602
115418,115.418,20.76,293.90999999999997,1019.81,1.2087802408636361,-54.4451086156818
115561,115.561,20.75,293.9,1019.78,1.2087858096336004,-54.19676821162536
115704,115.704,20.74,293.89,1019.78,1.2088269401861753,-54.19676821162536
115848,115.848,20.74,293.89,1019.77,1.2088150863849616,-54.113986762228045
115991,115.991,20.73,293.88,1019.75,1.2088325109241829,-53.94842189130659
116138,116.138,20.72,293.87,1019.79,1.208921064296981,-54.2795490036602
116282,116.282,20.72,293.87,1019.77,1.2088973550810778,-54.113986762228045
116425,116.425,20.71,293.85999999999996,1019.75,1.208914783605795,-53.94842189130659
116569,116.569,20.71,293.85999999999996,1019.81,1.208985913673965,-54.4451086156818
116712,116.712,20.71,293.85999999999996,1019.79,1.2089622036512417,-54.2795490036602
116855,116.855,20.71,293.85999999999996,1019.79,1.2089622036512417,-54.2795490036602
116999,116.999,20.71,293.85999999999996,1019.81,1.208985913673965,-54.4451086156818
117141,117.141,20.7,293.84999999999997,1019.78,1.208991490390727,-54.19676821162536
117284,117.284,20.7,293.84999999999997,1019.79,1.2090033458055263,-54.2795490036602
117428,117.428,20.7,293.84999999999997,1019.79,1.2090033458055263,-54.2795490036602
117571,117.571,20.7,293.84999999999997,1019.79,1.2090033458055263,-54.2795490036602
117714,117.714,20.69,293.84,1019.78,1.2090326349418565,-54.19676821162536
117858,117.858,20.69,293.84,1019.77,1.2090207791235923,-54.113986762228045
118000,118.0,20.68,293.83,1019.78,1.2090737822935544,-54.19676821162536
118143,118.143,20.68,293.83,1019.74,1.209026357406528,-53.865638469762764
118287,118.287,20.68,293.83,1019.78,1.2090737822935544,-54.19676821162536
118434,118.434,20.67,293.82,1019.79,1.2091267890713833,-54.2795490036602
118578,118.578,20.66,293.81,1019.79,1.2091679424286235,-54.2795490036602
118721,118.721,20.66,293.81,1019.78,1.2091560853997996,-54.19676821162536
118864,118.864,20.65,293.79999999999995,1019.82,1.2092446708845135,-54.52788743570794
119008,119.008,20.64,293.78999999999996,1019.8,1.2092621153837524,-54.362329138342396
119151,119.151,20.64,293.78999999999996,1019.79,1.2092502575477515,-54.2795490036602
119293,119.293,20.63,293.78,1019.8,1.209303277549842,-54.362329138342396
119437,119.437,20.63,293.78,1019.81,1.209315135789473,-54.4451086156818
119580,119.58,20.63,293.78,1019.78,1.2092795610705804,-54.19676821162536
119723,119.723,20.61,293.76,1019.77,1.209350033148408,-54.113986762228045
119867,119.867,20.62,293.77,1019.8,1.2093444425182716,-54.362329138342396
120010,120.01,20.61,293.76,1019.79,1.2093737512423537,-54.2795490036602
120154,120.154,20.61,293.76,1019.8,1.2093856102893266,-54.362329138342396
120296,120.296,20.6,293.75,1019.8,1.209426780863294,-54.362329138342396
120439,120.439,20.6,293.75,1019.8,1.209426780863294,-54.362329138342396
120587,120.587,20.6,293.75,1019.8,1.209426780863294,-54.362329138342396
120730,120.73,20.6,293.75,1019.8,1.209426780863294,-54.362329138342396
120873,120.873,20.59,293.73999999999995,1019.78,1.20944423453161,-54.19676821162536
121017,121.017,20.59,293.73999999999995,1019.8,1.2094679542404596,-54.362329138342396
121160,121.16,20.58,293.72999999999996,1019.8,1.2095091304211099,-54.362329138342396
121303,121.303,20.58,293.72999999999996,1019.83,1.2095447111956859,-54.61066559840112
121446,121.446,20.58,293.72999999999996,1019.81,1.2095209906793019,-54.4451086156818
121589,121.589,20.58,293.72999999999996,1019.81,1.2095209906793019,-54.4451086156818
121733,121.733,20.58,293.72999999999996,1019.81,1.2095209906793019,-54.4451086156818
121876,121.876,20.58,293.72999999999996,1019.81,1.2095209906793019,-54.4451086156818
122019,122.019,20.58,293.72999999999996,1019.8,1.2095091304211099,-54.362329138342396
122163,122.163,20.58,293.72999999999996,1019.84,1.209556571453878,-54.693443103800725
122306,122.306,20.58,293.72999999999996,1019.81,1.2095209906793019,-54.4451086156818
122448,122.448,20.58,293.72999999999996,1019.82,1.2095328509374939,-54.52788743570794
122592,122.592,20.58,293.72999999999996,1019.79,1.2094972701629179,-54.2795490036602
122739,122.739,20.58,293.72999999999996,1019.78,1.2094854099047259,-54.19676821162536
122882,122.882,20.58,293.72999999999996,1019.76,1.2094616893883419,-54.031204655468244
123026,123.026,20.58,293.72999999999996,1019.79,1.2094972701629179,-54.2795490036602
123169,123.169,20.58,293.72999999999996,1019.81,1.2095209906793019,-54.4451086156818
123313,123.313,20.59,293.73999999999995,1019.78,1.20944423453161,-54.19676821162536
123488,123.488,20.59,293.73999999999995,1019.8,1.2094679542404596,-54.362329138342396
123631,123.631,20.59,293.73999999999995,1019.79,1.2094560943860349,-54.2795490036602
123773,123.773,20.59,293.73999999999995,1019.8,1.2094679542404596,-54.362329138342396
123917,123.917,20.59,293.73999999999995,1019.8,1.2094679542404596,-54.362329138342396
124060,124.06,20.59,293.73999999999995,1019.81,1.2094798140948844,-54.4451086156818
124203,124.203,20.59,293.73999999999995,1019.79,1.2094560943860349,-54.2795490036602
124378,124.378,20.6,293.75,1019.82,1.209450499764664,-54.52788743570794
124521,124.521,20.6,293.75,1019.82,1.209450499764664,-54.52788743570794
124664,124.664,20.6,293.75,1019.78,1.2094030619619238,-54.19676821162536
124808,124.808,20.6,293.75,1019.8,1.209426780863294,-54.362329138342396
124951,124.951,20.6,293.75,1019.8,1.209426780863294,-54.362329138342396
125098,125.098,20.6,293.75,1019.82,1.209450499764664,-54.52788743570794
125242,125.242,20.6,293.75,1019.8,1.209426780863294,-54.362329138342396
125385,125.385,20.6,293.75,1019.79,1.2094149214126089,-54.2795490036602
125527,125.527,20.6,293.75,1019.78,1.2094030619619238,-54.19676821162536
125671,125.671,20.6,293.75,1019.8,1.209426780863294,-54.362329138342396
125814,125.814,20.59,293.73999999999995,1019.79,1.2094560943860349,-54.2795490036602
125958,125.958,20.59,293.73999999999995,1019.8,1.2094679542404596,-54.362329138342396
126101,126.101,20.6,293.75,1019.78,1.2094030619619238,-54.19676821162536
126244,126.244,20.6,293.75,1019.82,1.209450499764664,-54.52788743570794
126388,126.388,20.6,293.75,1019.79,1.2094149214126089,-54.2795490036602
126530,126.53,20.6,293.75,1019.81,1.209438640313979,-54.4451086156818
126673,126.673,20.59,293.73999999999995,1019.82,1.2094916739493091,-54.52788743570794
126817,126.817,20.59,293.73999999999995,1019.83,1.2095035338037339,-54.61066559840112
126960,126.96,20.6,293.75,1019.81,1.209438640313979,-54.4451086156818
127103,127.103,20.6,293.75,1019.83,1.209462359215349,-54.61066559840112
127251,127.251,20.6,293.75,1019.82,1.209450499764664,-54.52788743570794
127394,127.394,20.6,293.75,1019.83,1.209462359215349,-54.61066559840112
127538,127.538,20.59,293.73999999999995,1019.81,1.2094798140948844,-54.4451086156818
127681,127.681,20.59,293.73999999999995,1019.82,1.2094916739493091,-54.52788743570794
127823,127.823,20.59,293.73999999999995,1019.81,1.2094798140948844,-54.4451086156818
127967,127.967,20.59,293.73999999999995,1019.82,1.2094916739493091,-54.52788743570794
128110,128.11,20.58,293.72999999999996,1019.82,1.2095328509374939,-54.52788743570794
128253,128.253,20.56,293.71,1019.81,1.2096033522598186,-54.4451086156818
128397,128.397,20.56,293.71,1019.81,1.2096033522598186,-54.4451086156818
128540,128.54,20.55,293.7,1019.83,1.2096682601958078,-54.61066559840112
128683,128.683,20.55,293.7,1019.82,1.2096563987261493,-54.52788743570794
128826,128.826,20.55,293.7,1019.8,1.209632675786832,-54.362329138342396
128969,128.969,20.55,293.7,1019.82,1.2096563987261493,-54.52788743570794
129113,129.113,20.55,293.7,1019.81,1.2096445372564906,-54.4451086156818
129256,129.256,20.55,293.7,1019.8,1.209632675786832,-54.362329138342396
129403,129.403,20.55,293.7,1019.8,1.209632675786832,-54.362329138342396
129547,129.547,20.56,293.71,1019.79,1.2095796301282007,-54.2795490036602
129690,129.69,20.55,293.7,1019.78,1.2096089528475147,-54.19676821162536
129833,129.833,20.55,293.7,1019.8,1.209632675786832,-54.362329138342396
129976,129.976,20.54,293.69,1019.84,1.209721310678428,-54.693443103800725
130119,130.119,20.54,293.69,1019.83,1.2097094488048923,-54.61066559840112
130262,130.262,20.53,293.67999999999995,1019.84,1.2097625024964165,-54.693443103800725
130406,130.406,20.52,293.66999999999996,1019.81,1.2097681090755996,-54.4451086156818
130549,130.549,20.51,293.65999999999997,1019.81,1.209809305292622,-54.4451086156818
130693,130.693,20.5,293.65,1019.8,1.2098386408261284,-54.362329138342396
130836,130.836,20.5,293.65,1019.8,1.2098386408261284,-54.362329138342396
130979,130.979,20.49,293.64,1019.79,1.209867978357696,-54.2795490036602
131122,131.122,20.48,293.63,1019.81,1.209932910779659,-54.4451086156818
131265,131.265,20.46,293.60999999999996,1019.8,1.2100034633649828,-54.362329138342396
131408,131.408,20.46,293.60999999999996,1019.81,1.2100153284705266,-54.4451086156818
131593,131.593,20.45,293.59999999999997,1019.78,1.2100209449976673,-54.19676821162536
131736,131.736,20.44,293.59,1019.79,1.2100740255627025,-54.2795490036602
131879,131.879,20.44,293.59,1019.8,1.2100858914765236,-54.362329138342396
132023,132.023,20.43,293.58,1019.8,1.2101271097438266,-54.362329138342396
132165,132.165,20.42,293.57,1019.81,1.2101801975414086,-54.4451086156818
132308,132.308,20.41,293.56,1019.81,1.210221421829375,-54.4451086156818
132452,132.452,20.41,293.56,1019.8,1.2102095547029315,-54.362329138342396
132595,132.595,20.4,293.54999999999995,1019.81,1.2102626489260138,-54.4451086156818
132738,132.738,20.4,293.54999999999995,1019.81,1.2102626489260138,-54.4451086156818
132882,132.882,20.39,293.53999999999996,1019.78,1.2102682750266238,-54.19676821162536
133025,133.025,20.38,293.53,1019.79,1.210321374867829,-54.2795490036602
133168,133.168,20.38,293.53,1019.8,1.2103332432071425,-54.362329138342396
133311,133.311,20.37,293.52,1019.78,1.210350740839858,-54.19676821162536
133486,133.486,20.37,293.52,1019.78,1.210350740839858,-54.19676821162536
133629,133.629,20.36,293.51,1019.8,1.2104157162570017,-54.362329138342396
133772,133.772,20.35,293.5,1019.78,1.2104332178920445,-54.19676821162536
133919,133.919,20.34,293.48999999999995,1019.81,1.2105100705040424,-54.4451086156818
134063,134.063,20.34,293.48999999999995,1019.78,1.2104744606334634,-54.19676821162536
134206,134.206,20.33,293.47999999999996,1019.78,1.2105157061854817,-54.19676821162536
134349,134.349,20.33,293.47999999999996,1019.81,1.2105513172694267,-54.4451086156818
134493,134.493,20.32,293.46999999999997,1019.79,1.210568825314185,-54.2795490036602
134636,134.636,20.3,293.45,1019.78,1.2106394597080086,-54.19676821162536
134779,134.779,20.29,293.44,1019.79,1.2106925884847117,-54.2795490036602
134922,134.922,20.28,293.42999999999995,1019.82,1.2107694656506496,-54.52788743570794
135065,135.065,20.27,293.41999999999996,1019.78,1.2107632385362794,-54.19676821162536
135208,135.208,20.26,293.40999999999997,1019.8,1.2108282501570928,-54.362329138342396
135352,135.352,20.25,293.4,1019.8,1.210869519013608,-54.362329138342396
135495,135.495,20.24,293.39,1019.78,1.210887042678057,-54.19676821162536
135638,135.638,20.24,293.39,1019.78,1.210887042678057,-54.19676821162536
135782,135.782,20.23,293.38,1019.78,1.2109283163518818,-54.19676821162536
135924,135.924,20.24,293.39,1019.79,1.2108989166807111,-54.2795490036602
136073,136.073,20.23,293.38,1019.81,1.2109639395740381,-54.4451086156818
136215,136.215,20.23,293.38,1019.8,1.2109520651666525,-54.362329138342396
136358,136.358,20.23,293.38,1019.82,1.2109758139814235,-54.52788743570794
136502,136.502,20.23,293.38,1019.79,1.2109401907592672,-54.2795490036602
136645,136.645,20.23,293.38,1019.79,1.2109401907592672,-54.2795490036602
136788,136.788,20.23,293.38,1019.78,1.2109283163518818,-54.19676821162536
136932,136.932,20.22,293.37,1019.77,1.210957718027325,-54.113986762228045
137075,137.075,20.22,293.37,1019.79,1.2109814676516135,-54.2795490036602
137217,137.217,20.22,293.37,1019.8,1.2109933424637576,-54.362329138342396
137361,137.361,20.21,293.35999999999996,1019.77,1.2109989969241763,-54.113986762228045
137504,137.504,20.21,293.35999999999996,1019.8,1.211034622574968,-54.362329138342396
137648,137.648,20.21,293.35999999999996,1019.78,1.2110108721411068,-54.19676821162536
137791,137.791,20.21,293.35999999999996,1019.78,1.2110108721411068,-54.19676821162536
137934,137.934,20.21,293.35999999999996,1019.76,1.2109871217072459,-54.031204655468244
138078,138.078,20.21,293.35999999999996,1019.81,1.2110464977918984,-54.4451086156818
138225,138.225,20.2,293.34999999999997,1019.79,1.2110640298788269,-54.2795490036602
138368,138.368,20.21,293.35999999999996,1019.8,1.211034622574968,-54.362329138342396
138511,138.511,20.2,293.34999999999997,1019.78,1.2110521542570825,-54.19676821162536
138654,138.654,20.2,293.34999999999997,1019.78,1.2110521542570825,-54.19676821162536
138797,138.797,20.21,293.35999999999996,1019.78,1.2110108721411068,-54.19676821162536
138941,138.941,20.2,293.34999999999997,1019.8,1.2110759055005713,-54.362329138342396
139084,139.084,20.2,293.34999999999997,1019.76,1.2110284030135936,-54.031204655468244
139228,139.228,20.2,293.34999999999997,1019.75,1.211016527391849,-53.94842189130659
139371,139.371,20.19,293.34,1019.78,1.2110934391876835,-54.19676821162536
139545,139.545,20.19,293.34,1019.76,1.2110696871345115,-54.031204655468244
139688,139.688,20.19,293.34,1019.78,1.2110934391876835,-54.19676821162536
139832,139.832,20.19,293.34,1019.78,1.2110934391876835,-54.19676821162536
139975,139.975,20.19,293.34,1019.75,1.2110578111079255,-53.94842189130659
140118,140.118,20.19,293.34,1019.79,1.2111053152142695,-54.2795490036602
140261,140.261,20.19,293.34,1019.75,1.2110578111079255,-53.94842189130659
140404,140.404,20.19,293.34,1019.81,1.2111290672674415,-54.4451086156818
140552,140.552,20.19,293.34,1019.8,1.2111171912408556,-54.362329138342396
140695,140.695,20.19,293.34,1019.79,1.2111053152142695,-54.2795490036602
140838,140.838,20.19,293.34,1019.78,1.2110934391876835,-54.19676821162536
140982,140.982,20.19,293.34,1019.75,1.2110578111079255,-53.94842189130659
141125,141.125,20.19,293.34,1019.78,1.2110934391876835,-54.19676821162536
141268,141.268,20.19,293.34,1019.81,1.2111290672674415,-54.4451086156818
141412,141.412,20.19,293.34,1019.77,1.2110815631610976,-54.113986762228045
141554,141.554,20.19,293.34,1019.81,1.2111290672674415,-54.4451086156818
141697,141.697,20.19,293.34,1019.79,1.2111053152142695,-54.2795490036602
141841,141.841,20.19,293.34,1019.8,1.2111171912408556,-54.362329138342396
141984,141.984,20.19,293.34,1019.81,1.2111290672674415,-54.4451086156818
142128,142.128,20.2,293.34999999999997,1019.8,1.2110759055005713,-54.362329138342396
142271,142.271,20.2,293.34999999999997,1019.81,1.2110877811223157,-54.4451086156818
142414,142.414,20.2,293.34999999999997,1019.81,1.2110877811223157,-54.4451086156818
142588,142.588,20.2,293.34999999999997,1019.77,1.211040278635338,-54.113986762228045
142736,142.736,20.21,293.35999999999996,1019.81,1.2110464977918984,-54.4451086156818
142879,142.879,20.2,293.34999999999997,1019.8,1.2110759055005713,-54.362329138342396
143023,143.023,20.2,293.34999999999997,1019.79,1.2110640298788269,-54.2795490036602
143166,143.166,20.2,293.34999999999997,1019.79,1.2110640298788269,-54.2795490036602
143309,143.309,20.2,293.34999999999997,1019.78,1.2110521542570825,-54.19676821162536
143452,143.452,20.2,293.34999999999997,1019.79,1.2110640298788269,-54.2795490036602
143595,143.595,20.19,293.34,1019.81,1.2111290672674415,-54.4451086156818
143738,143.738,20.18,293.33,1019.78,1.2111347269331985,-54.19676821162536
143882,143.882,20.18,293.33,1019.79,1.2111466033646536,-54.2795490036602
144025,144.025,20.17,293.32,1019.81,1.2112116480029704,-54.4451086156818
144168,144.168,20.16,293.31,1019.8,1.211241065352673,-54.362329138342396
144312,144.312,20.15,293.29999999999995,1019.8,1.2112823623545608,-54.362329138342396
144454,144.454,20.14,293.28999999999996,1019.81,1.2113355402237762,-54.4451086156818
144597,144.597,20.13,293.28,1019.8,1.2113649648069853,-54.362329138342396
144741,144.741,20.13,293.28,1019.82,1.2113887217194153,-54.52788743570794
144888,144.888,20.12,293.27,1019.79,1.2113943913968488,-54.2795490036602
145032,145.032,20.12,293.27,1019.79,1.2113943913968488,-54.2795490036602
145175,145.175,20.12,293.27,1019.8,1.2114062702580985,-54.362329138342396
145318,145.318,20.1,293.25,1019.83,1.2115245286257759,-54.61066559840112
145462,145.462,20.1,293.25,1019.84,1.2115364082971782,-54.693443103800725
145605,145.605,20.09,293.23999999999995,1019.82,1.2115539636675423,-54.52788743570794
145748,145.748,20.08,293.22999999999996,1019.76,1.2115239983086235,-54.031204655468244
145891,145.891,20.08,293.22999999999996,1019.79,1.2115596397536195,-54.2795490036602
146034,146.034,20.08,293.22999999999996,1019.79,1.2115596397536195,-54.2795490036602
146177,146.177,20.07,293.21999999999997,1019.78,1.2115890780005292,-54.19676821162536
146321,146.321,20.06,293.21,1019.79,1.2116422808395138,-54.2795490036602
146464,146.464,20.06,293.21,1019.79,1.2116422808395138,-54.2795490036602
146608,146.608,20.06,293.21,1019.8,1.2116541621315526,-54.362329138342396
146751,146.751,20.06,293.21,1019.81,1.2116660434235917,-54.4451086156818
146893,146.893,20.06,293.21,1019.8,1.2116541621315526,-54.362329138342396
147042,147.042,20.06,293.21,1019.81,1.2116660434235917,-54.4451086156818
147184,147.184,20.06,293.21,1019.79,1.2116422808395138,-54.2795490036602
147327,147.327,20.06,293.21,1019.79,1.2116422808395138,-54.2795490036602
147471,147.471,20.06,293.21,1019.81,1.2116660434235917,-54.4451086156818
147646,147.646,20.06,293.21,1019.81,1.2116660434235917,-54.4451086156818
147788,147.788,20.06,293.21,1019.83,1.2116898060076695,-54.61066559840112
147932,147.932,20.06,293.21,1019.79,1.2116422808395138,-54.2795490036602
148075,148.075,20.06,293.21,1019.77,1.211618518255436,-54.113986762228045
148218,148.218,20.06,293.21,1019.82,1.2116779247156306,-54.52788743570794
148362,148.362,20.06,293.21,1019.81,1.2116660434235917,-54.4451086156818
148505,148.505,20.05,293.2,1019.83,1.2117311323994162,-54.61066559840112
148648,148.648,20.05,293.2,1019.8,1.2116954873076147,-54.362329138342396
148791,148.791,20.05,293.2,1019.78,1.21167172391308,-54.19676821162536
148934,148.934,20.04,293.19,1019.81,1.2117486974052023,-54.4451086156818
149077,149.077,20.04,293.19,1019.8,1.2117368153026793,-54.362329138342396
149221,149.221,20.04,293.19,1019.82,1.2117605795077255,-54.52788743570794
149368,149.368,20.05,293.2,1019.79,1.2116836056103473,-54.2795490036602
149512,149.512,20.05,293.2,1019.8,1.2116954873076147,-54.362329138342396
149655,149.655,20.05,293.2,1019.78,1.21167172391308,-54.19676821162536
149798,149.798,20.05,293.2,1019.79,1.2116836056103473,-54.2795490036602
149942,149.942,20.06,293.21,1019.81,1.2116660434235917,-54.4451086156818
150085,150.085,20.05,293.2,1019.79,1.2116836056103473,-54.2795490036602
150227,150.227,20.06,293.21,1019.8,1.2116541621315526,-54.362329138342396
150371,150.371,20.05,293.2,1019.79,1.2116836056103473,-54.2795490036602
150514,150.514,20.04,293.19,1019.79,1.2117249332001563,-54.2795490036602
150657,150.657,20.03,293.17999999999995,1019.79,1.2117662636092295,-54.2795490036602
150801,150.801,20.03,293.17999999999995,1019.77,1.2117424985936163,-54.113986762228045
150944,150.944,20.03,293.17999999999995,1019.79,1.2117662636092295,-54.2795490036602
151088,151.088,20.03,293.17999999999995,1019.79,1.2117662636092295,-54.2795490036602
151230,151.23,20.04,293.19,1019.81,1.2117486974052023,-54.4451086156818
151373,151.373,20.04,293.19,1019.81,1.2117486974052023,-54.4451086156818
151522,151.522,20.05,293.2,1019.78,1.21167172391308,-54.19676821162536
151696,151.696,20.05,293.2,1019.81,1.2117073690048819,-54.4451086156818
151839,151.839,20.05,293.2,1019.78,1.21167172391308,-54.19676821162536
151983,151.983,20.05,293.2,1019.77,1.211659842215813,-54.113986762228045
152126,152.126,20.04,293.19,1019.8,1.2117368153026793,-54.362329138342396
152268,152.268,20.03,293.17999999999995,1019.81,1.2117900286248426,-54.4451086156818
152412,152.412,20.03,293.17999999999995,1019.8,1.211778146117036,-54.362329138342396
152555,152.555,20.02,293.16999999999996,1019.82,1.211843245577208,-54.52788743570794
152698,152.698,20.01,293.15999999999997,1019.8,1.2118608162047777,-54.362329138342396
152842,152.842,20.0,293.15,1019.8,1.2119021554787397,-54.362329138342396
152985,152.985,20.0,293.15,1019.8,1.2119021554787397,-54.362329138342396
153128,153.128,20.0,293.15,1019.82,1.211925922926386,-54.52788743570794
153271,153.271,19.99,293.14,1019.79,1.2119316134439306,-54.2795490036602
153414,153.414,19.98,293.13,1019.77,1.2119491888843734,-54.113986762228045
153557,153.557,19.98,293.13,1019.78,1.2119610734190125,-54.19676821162536
153705,153.705,19.97,293.12,1019.78,1.212002420344279,-54.19676821162536
153848,153.848,19.98,293.13,1019.79,1.2119729579536516,-54.2795490036602
153992,153.992,19.98,293.13,1019.77,1.2119491888843734,-54.113986762228045
154135,154.135,19.98,293.13,1019.81,1.2119967270229295,-54.4451086156818
154278,154.278,19.98,293.13,1019.79,1.2119729579536516,-54.2795490036602
154422,154.422,19.98,293.13,1019.79,1.2119729579536516,-54.2795490036602
154565,154.565,19.98,293.13,1019.79,1.2119729579536516,-54.2795490036602
154708,154.708,19.98,293.13,1019.81,1.2119967270229295,-54.4451086156818
154851,154.851,19.98,293.13,1019.82,1.2120086115575686,-54.52788743570794
154994,154.994,19.98,293.13,1019.82,1.2120086115575686,-54.52788743570794
155137,155.137,19.98,293.13,1019.81,1.2119967270229295,-54.4451086156818
155281,155.281,19.97,293.12,1019.78,1.212002420344279,-54.19676821162536
155424,155.424,19.96,293.10999999999996,1019.78,1.2120437700908027,-54.19676821162536
155568,155.568,19.95,293.09999999999997,1019.77,1.2120732369078007,-54.113986762228045
155742,155.742,19.96,293.10999999999996,1019.77,1.212031884745237,-54.113986762228045
155885,155.885,19.96,293.10999999999996,1019.79,1.2120556554363682,-54.2795490036602
156032,156.032,19.96,293.10999999999996,1019.8,1.212067540781934,-54.362329138342396
156176,156.176,19.97,293.12,1019.8,1.212026190224456,-54.362329138342396
156319,156.319,19.97,293.12,1019.79,1.2120143052843675,-54.2795490036602
156463,156.463,19.97,293.12,1019.8,1.212026190224456,-54.362329138342396
156606,156.606,19.97,293.12,1019.8,1.212026190224456,-54.362329138342396
156749,156.749,19.97,293.12,1019.81,1.2120380751645445,-54.4451086156818
156892,156.892,19.98,293.13,1019.78,1.2119610734190125,-54.19676821162536
157035,157.035,19.97,293.12,1019.81,1.2120380751645445,-54.4451086156818
157178,157.178,19.98,293.13,1019.8,1.2119848424882904,-54.362329138342396
157322,157.322,19.98,293.13,1019.81,1.2119967270229295,-54.4451086156818
157465,157.465,19.98,293.13,1019.8,1.2119848424882904,-54.362329138342396
157608,157.608,19.98,293.13,1019.81,1.2119967270229295,-54.4451086156818
157752,157.752,19.98,293.13,1019.82,1.2120086115575686,-54.52788743570794
157894,157.894,19.98,293.13,1019.81,1.2119967270229295,-54.4451086156818
158037,158.037,19.97,293.12,1019.8,1.212026190224456,-54.362329138342396
158186,158.186,19.97,293.12,1019.8,1.212026190224456,-54.362329138342396
158328,158.328,19.96,293.10999999999996,1019.8,1.212067540781934,-54.362329138342396
158472,158.472,19.95,293.09999999999997,1019.78,1.2120851226588711,-54.19676821162536
158615,158.615,19.95,293.09999999999997,1019.8,1.2121088941610119,-54.362329138342396
158758,158.758,19.96,293.10999999999996,1019.78,1.2120437700908027,-54.19676821162536
158902,158.902,19.96,293.10999999999996,1019.79,1.2120556554363682,-54.2795490036602
159045,159.045,19.96,293.10999999999996,1019.8,1.212067540781934,-54.362329138342396
159188,159.188,19.95,293.09999999999997,1019.77,1.2120732369078007,-54.113986762228045
159331,159.331,19.95,293.09999999999997,1019.77,1.2120732369078007,-54.113986762228045
159474,159.474,19.95,293.09999999999997,1019.77,1.2120732369078007,-54.113986762228045
159617,159.617,19.96,293.10999999999996,1019.79,1.2120556554363682,-54.2795490036602
159761,159.761,19.96,293.10999999999996,1019.82,1.2120913114730651,-54.52788743570794
159904,159.904,19.96,293.10999999999996,1019.78,1.2120437700908027,-54.19676821162536
160048,160.048,19.96,293.10999999999996,1019.78,1.2120437700908027,-54.19676821162536
160191,160.191,19.96,293.10999999999996,1019.8,1.212067540781934,-54.362329138342396
160338,160.338,19.96,293.10999999999996,1019.8,1.212067540781934,-54.362329138342396
160482,160.482,19.96,293.10999999999996,1019.78,1.2120437700908027,-54.19676821162536
160625,160.625,19.96,293.10999999999996,1019.8,1.212067540781934,-54.362329138342396
160800,160.8,19.96,293.10999999999996,1019.79,1.2120556554363682,-54.2795490036602
160944,160.944,19.96,293.10999999999996,1019.78,1.2120437700908027,-54.19676821162536
161086,161.086,19.97,293.12,1019.8,1.212026190224456,-54.362329138342396
161229,161.229,19.97,293.12,1019.8,1.212026190224456,-54.362329138342396
161373,161.373,19.98,293.13,1019.83,1.2120204960922076,-54.61066559840112
161516,161.516,19.98,293.13,1019.8,1.2119848424882904,-54.362329138342396
161659,161.659,19.98,293.13,1019.79,1.2119729579536516,-54.2795490036602
161803,161.803,19.99,293.14,1019.84,1.2119910340900168,-54.693443103800725
161946,161.946,19.98,293.13,1019.79,1.2119729579536516,-54.2795490036602
162088,162.088,19.98,293.13,1019.8,1.2119848424882904,-54.362329138342396
162232,162.232,19.97,293.12,1019.81,1.2120380751645445,-54.4451086156818
162375,162.375,19.98,293.13,1019.8,1.2119848424882904,-54.362329138342396
162524,162.524,19.98,293.13,1019.8,1.2119848424882904,-54.362329138342396
162666,162.666,19.98,293.13,1019.76,1.2119373043497343,-54.031204655468244
162809,162.809,19.99,293.14,1019.81,1.2119553817023652,-54.4451086156818
162953,162.953,19.99,293.14,1019.8,1.211943497573148,-54.362329138342396
163096,163.096,20.0,293.15,1019.84,1.211949690374032,-54.693443103800725
163239,163.239,20.0,293.15,1019.79,1.2118902717549167,-54.2795490036602
163383,163.383,20.01,293.15999999999997,1019.79,1.211848932886321,-54.2795490036602
163526,163.526,20.01,293.15999999999997,1019.81,1.2118726995232343,-54.4451086156818
163703,163.703,20.02,293.16999999999996,1019.75,1.2117600651853835,-53.94842189130659
163846,163.846,20.02,293.16999999999996,1019.78,1.2117957139247368,-54.19676821162536
163989,163.989,20.01,293.15999999999997,1019.8,1.2118608162047777,-54.362329138342396
164132,164.132,20.02,293.16999999999996,1019.82,1.211843245577208,-54.52788743570794
164276,164.276,20.01,293.15999999999997,1019.79,1.211848932886321,-54.2795490036602
164419,164.419,20.01,293.15999999999997,1019.79,1.211848932886321,-54.2795490036602
164562,164.562,20.02,293.16999999999996,1019.8,1.2118194797509725,-54.362329138342396
164706,164.706,20.02,293.16999999999996,1019.79,1.2118075968378546,-54.2795490036602
164853,164.853,20.02,293.16999999999996,1019.78,1.2117957139247368,-54.19676821162536
164997,164.997,20.02,293.16999999999996,1019.79,1.2118075968378546,-54.2795490036602
165140,165.14,20.02,293.16999999999996,1019.78,1.2117957139247368,-54.19676821162536
165282,165.282,20.02,293.16999999999996,1019.82,1.211843245577208,-54.52788743570794
165426,165.426,20.03,293.17999999999995,1019.82,1.2118019111326492,-54.52788743570794
165569,165.569,20.03,293.17999999999995,1019.8,1.211778146117036,-54.362329138342396
165712,165.712,20.03,293.17999999999995,1019.81,1.2117900286248426,-54.4451086156818
165856,165.856,20.02,293.16999999999996,1019.81,1.2118313626640902,-54.4451086156818
165999,165.999,20.02,293.16999999999996,1019.82,1.211843245577208,-54.52788743570794
166142,166.142,20.02,293.16999999999996,1019.82,1.211843245577208,-54.52788743570794
166285,166.285,20.01,293.15999999999997,1019.82,1.2118845828416909,-54.52788743570794
166428,166.428,20.01,293.15999999999997,1019.82,1.2118845828416909,-54.52788743570794
166571,166.571,20.01,293.15999999999997,1019.81,1.2118726995232343,-54.4451086156818
166715,166.715,20.01,293.15999999999997,1019.82,1.2118845828416909,-54.52788743570794
166858,166.858,20.01,293.15999999999997,1019.81,1.2118726995232343,-54.4451086156818
167006,167.006,20.01,293.15999999999997,1019.79,1.211848932886321,-54.2795490036602
167149,167.149,20.02,293.16999999999996,1019.78,1.2117957139247368,-54.19676821162536
167292,167.292,20.01,293.15999999999997,1019.8,1.2118608162047777,-54.362329138342396
167436,167.436,20.01,293.15999999999997,1019.79,1.211848932886321,-54.2795490036602
167579,167.579,20.01,293.15999999999997,1019.83,1.2118964661601475,-54.61066559840112
167722,167.722,20.0,293.15,1019.79,1.2118902717549167,-54.2795490036602
167865,167.865,19.99,293.14,1019.79,1.2119316134439306,-54.2795490036602
168008,168.008,19.99,293.14,1019.81,1.2119553817023652,-54.4451086156818
168151,168.151,19.99,293.14,1019.79,1.2119316134439306,-54.2795490036602
168295,168.295,19.98,293.13,1019.79,1.2119729579536516,-54.2795490036602
168438,168.438,19.99,293.14,1019.78,1.2119197293147135,-54.19676821162536
168582,168.582,19.98,293.13,1019.79,1.2119729579536516,-54.2795490036602
168725,168.725,19.99,293.14,1019.79,1.2119316134439306,-54.2795490036602
168867,168.867,19.98,293.13,1019.81,1.2119967270229295,-54.4451086156818
169011,169.011,19.99,293.14,1019.81,1.2119553817023652,-54.4451086156818
169159,169.159,19.99,293.14,1019.82,1.2119672658315823,-54.52788743570794
169301,169.301,19.99,293.14,1019.83,1.2119791499607997,-54.61066559840112
169445,169.445,19.99,293.14,1019.8,1.211943497573148,-54.362329138342396
169588,169.588,20.0,293.15,1019.78,1.2118783880310935,-54.19676821162536
169732,169.732,19.99,293.14,1019.82,1.2119672658315823,-54.52788743570794
169907,169.907,20.0,293.15,1019.79,1.2118902717549167,-54.2795490036602
170049,170.049,19.99,293.14,1019.79,1.2119316134439306,-54.2795490036602
170192,170.192,19.99,293.14,1019.8,1.211943497573148,-54.362329138342396
170336,170.336,19.99,293.14,1019.8,1.211943497573148,-54.362329138342396
170479,170.479,19.99,293.14,1019.82,1.2119672658315823,-54.52788743570794
170622,170.622,19.99,293.14,1019.81,1.2119553817023652,-54.4451086156818
170766,170.766,19.99,293.14,1019.79,1.2119316134439306,-54.2795490036602
170909,170.909,19.98,293.13,1019.8,1.2119848424882904,-54.362329138342396
171051,171.051,19.98,293.13,1019.81,1.2119967270229295,-54.4451086156818
171195,171.195,19.98,293.13,1019.8,1.2119848424882904,-54.362329138342396
171338,171.338,19.97,293.12,1019.79,1.2120143052843675,-54.2795490036602
171522,171.522,19.97,293.12,1019.79,1.2120143052843675,-54.2795490036602
171666,171.666,19.96,293.10999999999996,1019.83,1.2121031968186307,-54.61066559840112
171841,171.841,19.96,293.10999999999996,1019.83,1.2121031968186307,-54.61066559840112
171984,171.984,19.95,293.09999999999997,1019.81,1.2121207799120823,-54.4451086156818
172128,172.128,19.95,293.09999999999997,1019.8,1.2121088941610119,-54.362329138342396
172270,172.27,19.94,293.09,1019.8,1.2121502503619797,-54.362329138342396
172413,172.413,19.94,293.09,1019.79,1.2121383642053767,-54.2795490036602
172557,172.557,19.93,293.08,1019.8,1.2121916093851255,-54.362329138342396
172700,172.7,19.93,293.08,1019.8,1.2121916093851255,-54.362329138342396
172843,172.843,19.92,293.07,1019.78,1.2122091972952371,-54.19676821162536
172987,172.987,19.91,293.06,1019.81,1.2122862232724743,-54.4451086156818
173130,173.13,19.91,293.06,1019.81,1.2122862232724743,-54.4451086156818
173273,173.273,19.9,293.04999999999995,1019.8,1.2123157033905225,-54.362329138342396
173416,173.416,19.89,293.03999999999996,1019.8,1.212357073705271,-54.362329138342396
173559,173.559,19.89,293.03999999999996,1019.82,1.2123808500746316,-54.52788743570794
173708,173.708,19.88,293.03,1019.82,1.2124222240244005,-54.52788743570794
173850,173.85,19.87,293.02,1019.81,1.2124517118020317,-54.4451086156818
173993,173.993,19.88,293.03,1019.82,1.2124222240244005,-54.52788743570794
174137,174.137,19.87,293.02,1019.82,1.2124636007981369,-54.52788743570794
174280,174.28,19.87,293.02,1019.79,1.2124279338098212,-54.2795490036602
174423,174.423,19.87,293.02,1019.83,1.212475489794242,-54.61066559840112
174567,174.567,19.87,293.02,1019.8,1.2124398228059265,-54.362329138342396
174710,174.71,19.87,293.02,1019.81,1.2124517118020317,-54.4451086156818
174853,174.853,19.87,293.02,1019.81,1.2124517118020317,-54.4451086156818
174996,174.996,19.87,293.02,1019.8,1.2124398228059265,-54.362329138342396
175139,175.139,19.87,293.02,1019.79,1.2124279338098212,-54.2795490036602
175283,175.283,19.87,293.02,1019.78,1.212416044813716,-54.19676821162536
175426,175.426,19.87,293.02,1019.83,1.212475489794242,-54.61066559840112
175569,175.569,19.87,293.02,1019.81,1.2124517118020317,-54.4451086156818
175713,175.713,19.87,293.02,1019.84,1.2124873787903472,-54.693443103800725
175860,175.86,19.87,293.02,1019.83,1.212475489794242,-54.61066559840112
176004,176.004,19.87,293.02,1019.79,1.2124279338098212,-54.2795490036602
176147,176.147,19.87,293.02,1019.83,1.212475489794242,-54.61066559840112
176290,176.29,19.87,293.02,1019.84,1.2124873787903472,-54.693443103800725
176433,176.433,19.87,293.02,1019.82,1.2124636007981369,-54.52788743570794
176576,176.576,19.87,293.02,1019.81,1.2124517118020317,-54.4451086156818
176719,176.719,19.87,293.02,1019.8,1.2124398228059265,-54.362329138342396
176863,176.863,19.87,293.02,1019.82,1.2124636007981369,-54.52788743570794
177006,177.006,19.87,293.02,1019.82,1.2124636007981369,-54.52788743570794
177149,177.149,19.87,293.02,1019.8,1.2124398228059265,-54.362329138342396
177293,177.293,19.87,293.02,1019.81,1.2124517118020317,-54.4451086156818
177435,177.435,19.88,293.03,1019.82,1.2124222240244005,-54.52788743570794
177578,177.578,19.87,293.02,1019.8,1.2124398228059265,-54.362329138342396
177722,177.722,19.87,293.02,1019.81,1.2124517118020317,-54.4451086156818
177865,177.865,19.87,293.02,1019.79,1.2124279338098212,-54.2795490036602
178013,178.013,19.87,293.02,1019.8,1.2124398228059265,-54.362329138342396
178156,178.156,19.87,293.02,1019.8,1.2124398228059265,-54.362329138342396
178299,178.299,19.86,293.01,1019.8,1.2124812015924118,-54.362329138342396
178443,178.443,19.86,293.01,1019.82,1.21250498039613,-54.52788743570794
178586,178.586,19.85,293.0,1019.81,1.2125344730110283,-54.4451086156818
178729,178.729,19.85,293.0,1019.79,1.2125106933957468,-54.2795490036602
178873,178.873,19.84,292.98999999999995,1019.82,1.2125877480660436,-54.52788743570794
179048,179.048,19.84,292.98999999999995,1019.81,1.2125758578525936,-54.4451086156818
179191,179.191,19.83,292.97999999999996,1019.81,1.2126172455192552,-54.4451086156818
179335,179.335,19.83,292.97999999999996,1019.81,1.2126172455192552,-54.4451086156818
179478,179.478,19.82,292.96999999999997,1019.82,1.2126705270364546,-54.52788743570794
179620,179.62,19.82,292.96999999999997,1019.8,1.2126467449861509,-54.362329138342396
179764,179.764,19.81,292.96,1019.82,1.21271192076007,-54.52788743570794
179907,179.907,19.81,292.96,1019.8,1.2126881378979815,-54.362329138342396
180082,180.082,19.81,292.96,1019.78,1.2126643550358926,-54.19676821162536
180225,180.225,19.81,292.96,1019.79,1.2126762464669372,-54.2795490036602
180374,180.374,19.8,292.95,1019.78,1.2127057499618197,-54.19676821162536
180516,180.516,19.8,292.95,1019.81,1.2127414254727131,-54.4451086156818
180660,180.66,19.8,292.95,1019.8,1.2127295336357486,-54.362329138342396
180803,180.803,19.79,292.94,1019.77,1.2127352554710056,-54.113986762228045
180946,180.946,19.79,292.94,1019.81,1.2127828244426548,-54.4451086156818
181090,181.09,19.79,292.94,1019.81,1.2127828244426548,-54.4451086156818
181233,181.233,19.79,292.94,1019.84,1.212818501171392,-54.693443103800725
181376,181.376,19.78,292.92999999999995,1019.82,1.2128361188880281,-54.52788743570794
181520,181.52,19.77,292.91999999999996,1019.81,1.2128656308624586,-54.4451086156818
181662,181.662,19.77,292.91999999999996,1019.79,1.212841844752676,-54.2795490036602
181805,181.805,19.76,292.90999999999997,1019.81,1.2129070383128993,-54.4451086156818
181949,181.949,19.77,292.91999999999996,1019.79,1.212841844752676,-54.2795490036602
182092,182.092,19.76,292.90999999999997,1019.77,1.2128594644692103,-54.113986762228045
182236,182.236,19.76,292.90999999999997,1019.81,1.2129070383128993,-54.4451086156818
182379,182.379,19.75,292.9,1019.8,1.2129365547237714,-54.362329138342396
182526,182.526,19.74,292.89,1019.8,1.2129779674232393,-54.362329138342396
182670,182.67,19.74,292.89,1019.76,1.2129303903309694,-54.031204655468244
182813,182.813,19.74,292.89,1019.81,1.2129898616963068,-54.4451086156818
182956,182.956,19.73,292.88,1019.8,1.2130193829506712,-54.362329138342396
183100,183.1,19.72,292.87,1019.79,1.2130489062210326,-54.2795490036602
183242,183.242,19.71,292.85999999999996,1019.8,1.2131022224905847,-54.362329138342396
183386,183.386,19.69,292.84,1019.82,1.213208865953661,-54.52788743570794
183529,183.529,19.69,292.84,1019.8,1.2131850733458291,-54.362329138342396
183672,183.672,19.69,292.84,1019.78,1.2131612807379972,-54.19676821162536
183816,183.816,19.69,292.84,1019.8,1.2131850733458291,-54.362329138342396
183959,183.959,19.69,292.84,1019.79,1.2131731770419132,-54.2795490036602
184102,184.102,19.69,292.84,1019.81,1.213196969649745,-54.4451086156818
184245,184.245,19.69,292.84,1019.78,1.2131612807379972,-54.19676821162536
184388,184.388,19.69,292.84,1019.78,1.2131612807379972,-54.19676821162536
184531,184.531,19.69,292.84,1019.8,1.2131850733458291,-54.362329138342396
184680,184.68,19.69,292.84,1019.81,1.213196969649745,-54.4451086156818
184822,184.822,19.68,292.83,1019.82,1.2132502964377627,-54.52788743570794
184966,184.966,19.67,292.82,1019.83,1.213303626868072,-54.61066559840112
185109,185.109,19.66,292.81,1019.84,1.2133569609410453,-54.693443103800725
185252,185.252,19.66,292.81,1019.83,1.2133450634182874,-54.61066559840112
185396,185.396,19.65,292.79999999999995,1019.8,1.2133508090115868,-54.362329138342396
185539,185.539,19.65,292.79999999999995,1019.8,1.2133508090115868,-54.362329138342396
185682,185.682,19.65,292.79999999999995,1019.79,1.2133389110824928,-54.2795490036602
185825,185.825,19.65,292.79999999999995,1019.78,1.2133270131533986,-54.19676821162536
185968,185.968,19.65,292.79999999999995,1019.82,1.2133746048697749,-54.52788743570794
186111,186.111,19.65,292.79999999999995,1019.8,1.2133508090115868,-54.362329138342396
186255,186.255,19.65,292.79999999999995,1019.77,1.2133151152243047,-54.113986762228045
186398,186.398,19.65,292.79999999999995,1019.77,1.2133151152243047,-54.113986762228045
186541,186.541,19.66,292.81,1019.78,1.213285575804498,-54.19676821162536
186685,186.685,19.66,292.81,1019.76,1.2132617807589823,-54.031204655468244
186827,186.827,19.68,292.83,1019.76,1.2131789161767497,-54.031204655468244
187013,187.013,19.75,292.9,1019.74,1.2128651915218853,-53.865638469762764
187155,187.155,19.82,292.96999999999997,1019.77,1.2126110719106953,-54.113986762228045
187298,187.298,19.9,293.04999999999995,1019.81,1.2123275911695321,-54.4451086156818
187442,187.442,20.0,293.15,1019.78,1.2118783880310935,-54.19676821162536
187585,187.585,20.07,293.21999999999997,1019.8,1.2116128397742059,-54.362329138342396
187728,187.728,20.12,293.27,1019.79,1.2113943913968488,-54.2795490036602
187872,187.872,20.18,293.33,1019.78,1.2111347269331985,-54.19676821162536
188049,188.049,20.27,293.41999999999996,1019.8,1.2107869841135321,-54.362329138342396
188224,188.224,20.36,293.51,1019.82,1.2104394545530648,-54.52788743570794
188367,188.367,20.39,293.53999999999996,1019.81,1.2103038788316118,-54.4451086156818
188511,188.511,20.4,293.54999999999995,1019.83,1.2102863839874256,-54.61066559840112
188654,188.654,20.4,293.54999999999995,1019.81,1.2102626489260138,-54.4451086156818
188797,188.797,20.39,293.53999999999996,1019.84,1.2103394826366,-54.693443103800725
188941,188.941,20.39,293.53999999999996,1019.82,1.210315746766608,-54.52788743570794
189083,189.083,20.39,293.53999999999996,1019.81,1.2103038788316118,-54.4451086156818
189314,189.314,20.41,293.56,1019.79,1.2101976875764882,-54.2795490036602
189458,189.458,20.42,293.57,1019.81,1.2101801975414086,-54.4451086156818
189601,189.601,20.43,293.58,1019.8,1.2101271097438266,-54.362329138342396
189745,189.745,20.45,293.59999999999997,1019.8,1.210044676017005,-54.362329138342396
189888,189.888,20.47,293.62,1019.79,1.2099503888187244,-54.2795490036602
190031,190.031,20.49,293.64,1019.82,1.2099035700376994,-54.52788743570794
190175,190.175,20.52,293.66999999999996,1019.8,1.2097562463942269,-54.362329138342396
190317,190.317,20.56,293.71,1019.81,1.2096033522598186,-54.4451086156818
190460,190.46,20.6,293.75,1019.81,1.209438640313979,-54.4451086156818
190604,190.604,20.64,293.78999999999996,1019.84,1.2093095467277566,-54.693443103800725
190747,190.747,20.68,293.83,1019.81,1.2091093509588242,-54.4451086156818
190890,190.89,20.74,293.89,1019.79,1.2088387939873892,-54.2795490036602
191034,191.034,20.82,293.96999999999997,1019.8,1.2085216752681995,-54.362329138342396
191177,191.177,20.95,294.09999999999997,1019.77,1.2079519406245371,-54.113986762228045
191321,191.321,21.03,294.17999999999995,1019.79,1.2076471315689505,-54.2795490036602
191468,191.468,21.1,294.25,1019.78,1.207348001533781,-54.19676821162536
191611,191.611,21.23,294.38,1019.78,1.2068148293067298,-54.19676821162536
191755,191.755,21.37,294.52,1019.81,1.2062766555487958,-54.4451086156818
191898,191.898,21.47,294.62,1019.78,1.2058317475097247,-54.19676821162536
192040,192.04,21.58,294.72999999999996,1019.78,1.2053817034279344,-54.19676821162536
192184,192.184,21.66,294.81,1019.8,1.2050782432027156,-54.362329138342396
192327,192.327,21.72,294.87,1019.81,1.2048448488901256,-54.4451086156818
192470,192.47,21.85,295.0,1019.79,1.2042902819150978,-54.2795490036602
192614,192.614,21.92,295.07,1019.82,1.2040400051034332,-54.52788743570794
192757,192.757,21.99,295.14,1019.84,1.2037780434137952,-54.693443103800725
192901,192.901,22.05,295.2,1019.86,1.2035569754756945,-54.85899614272905
193043,193.043,22.12,295.27,1019.81,1.203212654831955,-54.4451086156818
193186,193.186,22.15,295.29999999999995,1019.82,1.203102215732713,-54.52788743570794
193330,193.33,22.18,295.33,1019.82,1.2029800030673146,-54.52788743570794
193473,193.473,22.2,295.34999999999997,1019.82,1.2028985417500255,-54.52788743570794
193623,193.623,22.28,295.42999999999995,1019.83,1.2025845987865444,-54.61066559840112
193766,193.766,22.36,295.51,1019.81,1.2022354593490283,-54.4451086156818
193909,193.909,22.43,295.58,1019.82,1.2019625289460385,-54.52788743570794
194053,194.053,22.4,295.54999999999995,1019.84,1.2021081093999242,-54.693443103800725
194196,194.196,22.32,295.46999999999997,1019.86,1.20245716709116,-54.85899614272905
194339,194.339,22.17,295.32,1019.85,1.2030561270716047,-54.776219951906754
194483,194.483,22.07,295.21999999999997,1019.85,1.2034636388008477,-54.776219951906754
194626,194.626,21.99,295.14,1019.87,1.203813454205,-54.94177167628729
194768,194.768,21.92,295.07,1019.85,1.2040754242952054,-54.776219951906754
194912,194.912,21.86,295.01,1019.86,1.2043321214888478,-54.85899614272905
195055,195.055,21.78,294.92999999999995,1019.84,1.2046351735433751,-54.693443103800725
195198,195.198,21.73,294.88,1019.84,1.204839432084738,-54.693443103800725
195342,195.342,21.7,294.84999999999997,1019.82,1.204938390048737,-54.52788743570794
195485,195.485,21.67,294.82,1019.83,1.2050728173784302,-54.61066559840112
195628,195.628,21.62,294.77,1019.81,1.2052535895519603,-54.4451086156818
195771,195.771,21.6,294.75,1019.81,1.2053353709660095,-54.4451086156818
195921,195.921,21.58,294.72999999999996,1019.83,1.205440803513415,-54.61066559840112
196065,196.065,21.55,294.7,1019.84,1.2055753367259843,-54.693443103800725
196208,196.208,21.51,294.65999999999997,1019.84,1.2057389931892608,-54.693443103800725
196350,196.35,21.5,294.65,1019.85,1.2057917374742448,-54.776219951906754
196494,196.494,21.47,294.62,1019.83,1.205890869660949,-54.61066559840112
196637,196.637,21.45,294.59999999999997,1019.85,1.2059963864453032,-54.776219951906754
196780,196.78,21.43,294.58,1019.82,1.2060427873781996,-54.52788743570794
196924,196.924,21.4,294.54999999999995,1019.83,1.2061774504142213,-54.61066559840112
197067,197.067,21.38,294.53,1019.85,1.2062830117366188,-54.776219951906754
197211,197.211,21.37,294.52,1019.81,1.2062766555487958,-54.4451086156818
197387,197.387,21.34,294.48999999999995,1019.83,1.2064231994957684,-54.61066559840112
197530,197.53,21.33,294.47999999999996,1019.83,1.2064641674120782,-54.61066559840112
197673,197.673,21.31,294.46,1019.82,1.2065342807371802,-54.52788743570794
197817,197.817,21.29,294.44,1019.83,1.206628066905002,-54.61066559840112
197960,197.96,21.28,294.42999999999995,1019.83,1.2066690487365719,-54.61066559840112
198110,198.11,21.26,294.40999999999997,1019.8,1.2067155221581896,-54.362329138342396
198253,198.253,21.25,294.4,1019.82,1.2067801776693956,-54.52788743570794
198430,198.43,21.23,294.38,1019.85,1.2068976677993963,-54.776219951906754
198573,198.573,21.22,294.37,1019.84,1.2069268326702705,-54.693443103800725
198717,198.717,21.2,294.34999999999997,1019.81,1.206973333080453,-54.4451086156818
198860,198.86,21.18,294.33,1019.78,1.2070198398101284,-54.19676821162536
199004,199.004,21.17,294.32,1019.81,1.2070963597181004,-54.4451086156818
199146,199.146,21.16,294.31,1019.83,1.2071610479409765,-54.61066559840112
199289,199.289,21.15,294.29999999999995,1019.83,1.207202065985419,-54.61066559840112
199433,199.433,21.13,294.28,1019.85,1.2073077866208588,-54.776219951906754
199576,199.576,21.11,294.26,1019.83,1.2073661660419657,-54.61066559840112
199719,199.719,21.11,294.26,1019.81,1.2073424882492738,-54.4451086156818
199863,199.863,21.09,294.23999999999995,1019.85,1.2074719122035968,-54.776219951906754
200006,200.006,21.07,294.21999999999997,1019.8,1.207494789200573,-54.362329138342396
200148,200.148,21.06,294.21,1019.8,1.207535831136238,-54.362329138342396
200299,200.299,21.05,294.2,1019.79,1.2075650345511688,-54.2795490036602
200442,200.442,21.04,294.19,1019.82,1.2076416068046842,-54.52788743570794
200586,200.586,21.03,294.17999999999995,1019.8,1.2076589736847938,-54.362329138342396
200729,200.729,21.02,294.16999999999996,1019.81,1.207711869300851,-54.4451086156818
200871,200.871,21.0,294.15,1019.82,1.2078058279988784,-54.52788743570794
201015,201.015,20.99,294.14,1019.79,1.2078113590975517,-54.2795490036602
201158,201.158,20.99,294.14,1019.81,1.2078350465500487,-54.4451086156818
201301,201.301,20.97,294.12,1019.82,1.2079290232077724,-54.52788743570794
201445,201.445,20.96,294.10999999999996,1019.81,1.2079582489280587,-54.4451086156818
201588,201.588,20.96,294.10999999999996,1019.82,1.2079700938623987,-54.52788743570794
201732,201.732,20.95,294.09999999999997,1019.79,1.207975631298721,-54.2795490036602
201874,201.874,20.93,294.08,1019.77,1.208034091871859,-54.113986762228045
202017,202.017,20.91,294.06,1019.8,1.208151795139062,-54.362329138342396
202161,202.161,20.9,294.04999999999995,1019.8,1.2081928817500174,-54.362329138342396
202304,202.304,20.89,294.03999999999996,1019.78,1.2082102756472424,-54.19676821162536
202447,202.447,20.88,294.03,1019.78,1.2082513670418498,-54.19676821162536
202597,202.597,20.87,294.02,1019.77,1.2082806126715067,-54.113986762228045
202740,202.74,20.87,294.02,1019.83,1.2083517040320686,-54.61066559840112
202884,202.884,20.86,294.01,1019.82,1.2083809540691475,-54.52788743570794
203027,203.027,20.86,294.01,1019.79,1.208345407179871,-54.2795490036602
203170,203.17,20.85,294.0,1019.8,1.2083983567299068,-54.362329138342396
203314,203.314,20.85,294.0,1019.82,1.208422055462143,-54.52788743570794
203457,203.457,20.84,293.98999999999995,1019.8,1.2084394601129038,-54.362329138342396
203599,203.599,20.83,293.97999999999996,1019.79,1.2084687161199874,-54.2795490036602
203743,203.743,20.83,293.97999999999996,1019.81,1.2084924164644921,-54.4451086156818
203886,203.886,20.82,293.96999999999997,1019.81,1.2085335258435599,-54.4451086156818
204029,204.029,20.82,293.96999999999997,1019.81,1.2085335258435599,-54.4451086156818
204173,204.173,20.81,293.96,1019.79,1.2085509360625728,-54.2795490036602
204316,204.316,20.81,293.96,1019.81,1.208574638019565,-54.4451086156818
204459,204.459,20.8,293.95,1019.82,1.2086276043744515,-54.52788743570794
204602,204.602,20.79,293.94,1019.79,1.2086331671938282,-54.2795490036602
204752,204.752,20.8,293.95,1019.79,1.2085920502294738,-54.2795490036602
204896,204.896,20.78,293.92999999999995,1019.8,1.2086861391439887,-54.362329138342396
205039,205.039,20.77,293.91999999999996,1019.81,1.2087391146986641,-54.4451086156818
205182,205.182,20.76,293.90999999999997,1019.81,1.2087802408636361,-54.4451086156818
205325,205.325,20.75,293.9,1019.8,1.2088095164293726,-54.362329138342396
205502,205.502,20.75,293.9,1019.8,1.2088095164293726,-54.362329138342396
205645,205.645,20.75,293.9,1019.81,1.2088213698272587,-54.4451086156818
205789,205.789,20.74,293.89,1019.79,1.2088387939873892,-54.2795490036602
205932,205.932,20.73,293.88,1019.8,1.208891781947028,-54.362329138342396
206075,206.075,20.72,293.87,1019.79,1.208921064296981,-54.2795490036602
206219,206.219,20.72,293.87,1019.78,1.2089092096890293,-54.19676821162536
206361,206.361,20.71,293.85999999999996,1019.79,1.2089622036512417,-54.2795490036602
206504,206.504,20.72,293.87,1019.83,1.2089684827287874,-54.61066559840112
206648,206.648,20.71,293.85999999999996,1019.79,1.2089622036512417,-54.2795490036602
206791,206.791,20.7,293.84999999999997,1019.79,1.2090033458055263,-54.2795490036602
206942,206.942,20.7,293.84999999999997,1019.8,1.2090152012203255,-54.362329138342396
207085,207.085,20.7,293.84999999999997,1019.79,1.2090033458055263,-54.2795490036602
207227,207.227,20.69,293.84,1019.79,1.2090444907601205,-54.2795490036602
207371,207.371,20.69,293.84,1019.79,1.2090444907601205,-54.2795490036602
207548,207.548,20.67,293.82,1019.78,1.2091149324461068,-54.19676821162536
207691,207.691,20.67,293.82,1019.79,1.2091267890713833,-54.2795490036602
207835,207.835,20.66,293.81,1019.79,1.2091679424286235,-54.2795490036602
207978,207.978,20.66,293.81,1019.8,1.2091797994574474,-54.362329138342396
208121,208.121,20.65,293.79999999999995,1019.78,1.2091972411549188,-54.19676821162536
208264,208.264,20.65,293.79999999999995,1019.78,1.2091972411549188,-54.19676821162536
208407,208.407,20.64,293.78999999999996,1019.83,1.2092976888917555,-54.61066559840112
208550,208.55,20.64,293.78999999999996,1019.84,1.2093095467277566,-54.693443103800725
208694,208.694,20.63,293.78,1019.8,1.209303277549842,-54.362329138342396
208837,208.837,20.63,293.78,1019.79,1.2092914193102111,-54.2795490036602
208980,208.98,20.62,293.77,1019.8,1.2093444425182716,-54.362329138342396
209130,209.13,20.62,293.77,1019.8,1.2093444425182716,-54.362329138342396
209273,209.273,20.61,293.76,1019.8,1.2093856102893266,-54.362329138342396
209417,209.417,20.61,293.76,1019.79,1.2093737512423537,-54.2795490036602
209560,209.56,20.6,293.75,1019.81,1.209438640313979,-54.4451086156818
209703,209.703,20.6,293.75,1019.82,1.209450499764664,-54.52788743570794
209847,209.847,20.59,293.73999999999995,1019.79,1.2094560943860349,-54.2795490036602
209990,209.99,20.59,293.73999999999995,1019.83,1.2095035338037339,-54.61066559840112
210132,210.132,20.59,293.73999999999995,1019.81,1.2094798140948844,-54.4451086156818
210276,210.276,20.58,293.72999999999996,1019.83,1.2095447111956859,-54.61066559840112
210419,210.419,20.58,293.72999999999996,1019.8,1.2095091304211099,-54.362329138342396
210562,210.562,20.58,293.72999999999996,1019.81,1.2095209906793019,-54.4451086156818
210706,210.706,20.58,293.72999999999996,1019.83,1.2095447111956859,-54.61066559840112
210849,210.849,20.57,293.71999999999997,1019.83,1.2095858913914912,-54.61066559840112
210993,210.993,20.56,293.71,1019.8,1.2095914911940098,-54.362329138342396
211135,211.135,20.56,293.71,1019.82,1.2096152133256275,-54.52788743570794
211278,211.278,20.56,293.71,1019.79,1.2095796301282007,-54.2795490036602
211429,211.429,20.55,293.7,1019.8,1.209632675786832,-54.362329138342396
211572,211.572,20.55,293.7,1019.81,1.2096445372564906,-54.4451086156818
211716,211.716,20.55,293.7,1019.82,1.2096563987261493,-54.52788743570794
211858,211.858,20.54,293.69,1019.79,1.2096620013107489,-54.2795490036602
212001,212.001,20.54,293.69,1019.82,1.2096975869313564,-54.52788743570794
212145,212.145,20.53,293.67999999999995,1019.82,1.2097387779415354,-54.52788743570794
212288,212.288,20.52,293.66999999999996,1019.84,1.209803697119718,-54.693443103800725
212431,212.431,20.52,293.66999999999996,1019.81,1.2097681090755996,-54.4451086156818
212575,212.575,20.51,293.65999999999997,1019.83,1.209833031463287,-54.61066559840112
212718,212.718,20.5,293.65,1019.81,1.2098505043154482,-54.4451086156818
212860,212.86,20.5,293.65,1019.81,1.2098505043154482,-54.4451086156818
213004,213.004,20.49,293.64,1019.81,1.209891706144365,-54.4451086156818
213147,213.147,20.48,293.63,1019.81,1.209932910779659,-54.4451086156818
213290,213.29,20.47,293.62,1019.81,1.2099741182216175,-54.4451086156818
213434,213.434,20.47,293.62,1019.8,1.2099622535201708,-54.362329138342396
213621,213.621,20.45,293.59999999999997,1019.8,1.210044676017005,-54.362329138342396
213765,213.765,20.44,293.59,1019.79,1.2100740255627025,-54.2795490036602
213908,213.908,20.44,293.59,1019.79,1.2100740255627025,-54.2795490036602
214051,214.051,20.45,293.59999999999997,1019.8,1.210044676017005,-54.362329138342396
214194,214.194,20.45,293.59999999999997,1019.82,1.2100684070363423,-54.52788743570794
214337,214.337,20.45,293.59999999999997,1019.78,1.2100209449976673,-54.19676821162536
214480,214.48,20.45,293.59999999999997,1019.79,1.2100328105073361,-54.2795490036602
214624,214.624,20.45,293.59999999999997,1019.81,1.2100565415266735,-54.4451086156818
214767,214.767,20.46,293.60999999999996,1019.82,1.2100271935760705,-54.52788743570794
214910,214.91,20.46,293.60999999999996,1019.82,1.2100271935760705,-54.52788743570794
215054,215.054,20.47,293.62,1019.8,1.2099622535201708,-54.362329138342396
215196,215.196,20.47,293.62,1019.79,1.2099503888187244,-54.2795490036602
215339,215.339,20.47,293.62,1019.82,1.2099859829230641,-54.52788743570794
215483,215.483,20.47,293.62,1019.81,1.2099741182216175,-54.4451086156818
215626,215.626,20.47,293.62,1019.82,1.2099859829230641,-54.52788743570794
215777,215.777,20.47,293.62,1019.81,1.2099741182216175,-54.4451086156818
215920,215.92,20.47,293.62,1019.79,1.2099503888187244,-54.2795490036602
216062,216.062,20.48,293.63,1019.79,1.2099091821849055,-54.2795490036602
216206,216.206,20.47,293.62,1019.79,1.2099503888187244,-54.2795490036602
216349,216.349,20.47,293.62,1019.76,1.2099147947143847,-54.031204655468244
216492,216.492,20.47,293.62,1019.8,1.2099622535201708,-54.362329138342396
216670,216.67,20.47,293.62,1019.82,1.2099859829230641,-54.52788743570794
216813,216.813,20.46,293.60999999999996,1019.81,1.2100153284705266,-54.4451086156818
216956,216.956,20.46,293.60999999999996,1019.82,1.2100271935760705,-54.52788743570794
217099,217.099,20.46,293.60999999999996,1019.79,1.209991598259439,-54.2795490036602
217242,217.242,20.46,293.60999999999996,1019.82,1.2100271935760705,-54.52788743570794
217385,217.385,20.46,293.60999999999996,1019.82,1.2100271935760705,-54.52788743570794
217529,217.529,20.46,293.60999999999996,1019.81,1.2100153284705266,-54.4451086156818
217672,217.672,20.46,293.60999999999996,1019.8,1.2100034633649828,-54.362329138342396
217815,217.815,20.46,293.60999999999996,1019.81,1.2100153284705266,-54.4451086156818
217959,217.959,20.46,293.60999999999996,1019.82,1.2100271935760705,-54.52788743570794
218108,218.108,20.46,293.60999999999996,1019.79,1.209991598259439,-54.2795490036602
218252,218.252,20.46,293.60999999999996,1019.79,1.209991598259439,-54.2795490036602
218395,218.395,20.47,293.62,1019.81,1.2099741182216175,-54.4451086156818
218538,218.538,20.47,293.62,1019.81,1.2099741182216175,-54.4451086156818
218682,218.682,20.47,293.62,1019.81,1.2099741182216175,-54.4451086156818
218825,218.825,20.47,293.62,1019.83,1.2099978476245106,-54.61066559840112
218967,218.967,20.47,293.62,1019.83,1.2099978476245106,-54.61066559840112
219111,219.111,20.47,293.62,1019.79,1.2099503888187244,-54.2795490036602
219254,219.254,20.46,293.60999999999996,1019.82,1.2100271935760705,-54.52788743570794
219398,219.398,20.46,293.60999999999996,1019.79,1.209991598259439,-54.2795490036602
219541,219.541,20.46,293.60999999999996,1019.8,1.2100034633649828,-54.362329138342396
219684,219.684,20.45,293.59999999999997,1019.82,1.2100684070363423,-54.52788743570794
219828,219.828,20.45,293.59999999999997,1019.8,1.210044676017005,-54.362329138342396
219970,219.97,20.45,293.59999999999997,1019.8,1.210044676017005,-54.362329138342396
220113,220.113,20.45,293.59999999999997,1019.79,1.2100328105073361,-54.2795490036602
220264,220.264,20.45,293.59999999999997,1019.79,1.2100328105073361,-54.2795490036602
220407,220.407,20.45,293.59999999999997,1019.82,1.2100684070363423,-54.52788743570794
220551,220.551,20.45,293.59999999999997,1019.8,1.210044676017005,-54.362329138342396
220694,220.694,20.45,293.59999999999997,1019.83,1.2100802725460111,-54.61066559840112
220836,220.836,20.45,293.59999999999997,1019.79,1.2100328105073361,-54.2795490036602
220980,220.98,20.45,293.59999999999997,1019.81,1.2100565415266735,-54.4451086156818
221123,221.123,20.46,293.60999999999996,1019.79,1.209991598259439,-54.2795490036602
221266,221.266,20.49,293.64,1019.8,1.2098798422510306,-54.362329138342396
221410,221.41,20.53,293.67999999999995,1019.81,1.2097269156640948,-54.4451086156818
221587,221.587,20.58,293.72999999999996,1019.81,1.2095209906793019,-54.4451086156818
221730,221.73,20.6,293.75,1019.82,1.209450499764664,-54.52788743570794
221874,221.874,20.65,293.79999999999995,1019.82,1.2092446708845135,-54.52788743570794
222016,222.016,20.68,293.83,1019.8,1.2090974947370676,-54.362329138342396
222159,222.159,20.71,293.85999999999996,1019.81,1.208985913673965,-54.4451086156818
222303,222.303,20.72,293.87,1019.8,1.2089329189049325,-54.362329138342396
222453,222.453,20.73,293.88,1019.81,1.208903636151597,-54.4451086156818
222597,222.597,20.75,293.9,1019.78,1.2087858096336004,-54.19676821162536
222740,222.74,20.77,293.91999999999996,1019.81,1.2087391146986641,-54.4451086156818
222882,222.882,20.8,293.95,1019.81,1.2086157529927923,-54.4451086156818
223026,223.026,20.84,293.98999999999995,1019.79,1.2084276103437324,-54.2795490036602
223169,223.169,20.86,294.01,1019.78,1.2083335582167787,-54.19676821162536
223312,223.312,20.88,294.03,1019.81,1.2082869115132175,-54.4451086156818
223456,223.456,20.89,294.03999999999996,1019.79,1.2082221234014212,-54.2795490036602
223599,223.599,20.92,294.07,1019.77,1.2080751716859128,-54.113986762228045
223742,223.742,20.93,294.08,1019.79,1.208057784157215,-54.2795490036602
223885,223.885,20.91,294.06,1019.79,1.2081399481906883,-54.2795490036602
224028,224.028,20.9,294.04999999999995,1019.81,1.2082047291012799,-54.4451086156818
224171,224.171,20.88,294.03,1019.81,1.2082869115132175,-54.4451086156818
224315,224.315,20.86,294.01,1019.78,1.2083335582167787,-54.19676821162536
224458,224.458,20.84,293.98999999999995,1019.81,1.2084513098820755,-54.4451086156818
224609,224.609,20.83,293.97999999999996,1019.83,1.2085161168089966,-54.61066559840112
224751,224.751,20.83,293.97999999999996,1019.79,1.2084687161199874,-54.2795490036602
224894,224.894,20.83,293.97999999999996,1019.83,1.2085161168089966,-54.61066559840112
225038,225.038,20.82,293.96999999999997,1019.8,1.2085216752681995,-54.362329138342396
225181,225.181,20.82,293.96999999999997,1019.82,1.2085453764189205,-54.52788743570794
225324,225.324,20.82,293.96999999999997,1019.81,1.2085335258435599,-54.4451086156818
225468,225.468,20.82,293.96999999999997,1019.82,1.2085453764189205,-54.52788743570794
225611,225.611,20.82,293.96999999999997,1019.82,1.2085453764189205,-54.52788743570794
225790,225.79,20.82,293.96999999999997,1019.81,1.2085335258435599,-54.4451086156818
225934,225.934,20.82,293.96999999999997,1019.81,1.2085335258435599,-54.4451086156818
226077,226.077,20.82,293.96999999999997,1019.77,1.2084861235421178,-54.113986762228045
226220,226.22,20.82,293.96999999999997,1019.78,1.2084979741174784,-54.19676821162536
226363,226.363,20.81,293.96,1019.81,1.208574638019565,-54.4451086156818
226506,226.506,20.83,293.97999999999996,1019.83,1.2085161168089966,-54.61066559840112
226650,226.65,20.84,293.98999999999995,1019.86,1.208510558727933,-54.85899614272905
226793,226.793,20.83,293.97999999999996,1019.82,1.2085042666367443,-54.52788743570794
226943,226.943,20.84,293.98999999999995,1019.84,1.20848685918959,-54.693443103800725
227087,227.087,20.86,294.01,1019.83,1.2083928030322397,-54.61066559840112
227229,227.229,20.88,294.03,1019.82,1.20829875967034,-54.52788743570794
227372,227.372,20.88,294.03,1019.8,1.208275063356095,-54.362329138342396
227516,227.516,20.88,294.03,1019.81,1.2082869115132175,-54.4451086156818
227659,227.659,20.89,294.03999999999996,1019.81,1.208245818909779,-54.4451086156818
227803,227.803,20.9,294.04999999999995,1019.82,1.2082165764525423,-54.52788743570794
227946,227.946,20.88,294.03,1019.82,1.20829875967034,-54.52788743570794
228089,228.089,20.88,294.03,1019.8,1.208275063356095,-54.362329138342396
228232,228.232,20.86,294.01,1019.82,1.2083809540691475,-54.52788743570794
228375,228.375,20.86,294.01,1019.8,1.208357256142963,-54.362329138342396
228518,228.518,20.88,294.03,1019.8,1.208275063356095,-54.362329138342396
228662,228.662,20.91,294.06,1019.82,1.2081754890358092,-54.52788743570794
228805,228.805,20.94,294.09,1019.77,1.2079930148514957,-54.113986762228045
228948,228.948,20.95,294.09999999999997,1019.8,1.207987476635813,-54.362329138342396
229099,229.099,20.96,294.10999999999996,1019.81,1.2079582489280587,-54.4451086156818
229241,229.241,20.96,294.10999999999996,1019.82,1.2079700938623987,-54.52788743570794
229385,229.385,20.96,294.10999999999996,1019.81,1.2079582489280587,-54.4451086156818
229528,229.528,20.97,294.12,1019.79,1.207893489612926,-54.2795490036602
229705,229.705,20.98,294.13,1019.81,1.2078761112169154,-54.4451086156818
229849,229.849,20.98,294.13,1019.78,1.2078405788301605,-54.19676821162536
229992,229.992,21.01,294.15999999999997,1019.76,1.2076937109873458,-54.031204655468244
230135,230.135,21.03,294.17999999999995,1019.79,1.2076471315689505,-54.2795490036602
230278,230.278,21.06,294.21,1019.78,1.207512149319585,-54.19676821162536
230421,230.421,21.09,294.23999999999995,1019.78,1.2073890342962044,-54.19676821162536
230564,230.564,21.12,294.27,1019.74,1.2072185903991577,-53.865638469762764
230708,230.708,21.18,294.33,1019.79,1.20703167589085,-54.2795490036602
230851,230.851,21.22,294.37,1019.77,1.2068439913635096,-54.113986762228045
230994,230.994,21.26,294.40999999999997,1019.85,1.2067746864807116,-54.776219951906754
231138,231.138,21.28,294.42999999999995,1019.81,1.2066453846151255,-54.4451086156818
231287,231.287,21.31,294.46,1019.82,1.2065342807371802,-54.52788743570794
231431,231.431,21.33,294.47999999999996,1019.83,1.2064641674120782,-54.61066559840112
231574,231.574,21.34,294.48999999999995,1019.83,1.2064231994957684,-54.61066559840112
231717,231.717,21.34,294.48999999999995,1019.79,1.2063758808956293,-54.2795490036602
231861,231.861,21.35,294.5,1019.8,1.2063467466166131,-54.362329138342396
232004,232.004,21.35,294.5,1019.8,1.2063467466166131,-54.362329138342396
232147,232.147,21.35,294.5,1019.8,1.2063467466166131,-54.362329138342396
232290,232.29,21.36,294.51,1019.81,1.206317614316089,-54.4451086156818
232433,232.433,21.36,294.51,1019.82,1.2063294431627791,-54.52788743570794
232576,232.576,21.35,294.5,1019.8,1.2063467466166131,-54.362329138342396
232720,232.72,21.35,294.5,1019.81,1.206358575864962,-54.4451086156818
232863,232.863,21.34,294.48999999999995,1019.82,1.2064113698457337,-54.52788743570794
233007,233.007,21.34,294.48999999999995,1019.82,1.2064113698457337,-54.52788743570794
233150,233.15,21.32,294.46999999999997,1019.82,1.2064933076573847,-54.52788743570794
233292,233.292,21.29,294.44,1019.86,1.2066635618816226,-54.85899614272905
233436,233.436,21.26,294.40999999999997,1019.82,1.2067391878871985,-54.52788743570794
233586,233.586,21.23,294.38,1019.83,1.2068739996586344,-54.61066559840112
233729,233.729,21.2,294.34999999999997,1019.82,1.2069851683569564,-54.52788743570794
233873,233.873,21.17,294.32,1019.81,1.2070963597181004,-54.4451086156818
234016,234.016,21.15,294.29999999999995,1019.79,1.2071547168364047,-54.2795490036602
234160,234.16,21.14,294.28999999999996,1019.81,1.2072194114384835,-54.4451086156818
234302,234.302,21.12,294.27,1019.8,1.2072896213633486,-54.362329138342396
234445,234.445,21.11,294.26,1019.8,1.2073306493529279,-54.362329138342396
234589,234.589,21.1,294.25,1019.81,1.207383519429843,-54.4451086156818
234732,234.732,21.09,294.23999999999995,1019.8,1.2074127136983164,-54.362329138342396
234910,234.91,21.08,294.22999999999996,1019.8,1.207453750054694,-54.362329138342396
235053,235.053,21.07,294.21999999999997,1019.78,1.2074711081888216,-54.19676821162536
235196,235.196,21.06,294.21,1019.8,1.207535831136238,-54.362329138342396
235339,235.339,21.05,294.2,1019.8,1.2075768758619734,-54.362329138342396
235483,235.483,21.04,294.19,1019.81,1.207629765091374,-54.4451086156818
235626,235.626,21.03,294.17999999999995,1019.81,1.2076708158006368,-54.4451086156818
235776,235.776,21.01,294.15999999999997,1019.79,1.207729239750319,-54.2795490036602
235920,235.92,21.0,294.15,1019.8,1.2077821413516663,-54.362329138342396
236063,236.063,20.99,294.14,1019.79,1.2078113590975517,-54.2795490036602
236205,236.205,20.98,294.13,1019.79,1.2078524229590788,-54.2795490036602
236349,236.349,20.98,294.13,1019.8,1.207864267087997,-54.362329138342396
236492,236.492,20.97,294.12,1019.79,1.207893489612926,-54.2795490036602
236636,236.636,20.97,294.12,1019.82,1.2079290232077724,-54.52788743570794
236779,236.779,20.96,294.10999999999996,1019.79,1.2079345590593789,-54.2795490036602
236922,236.922,20.95,294.09999999999997,1019.83,1.2080230126470888,-54.61066559840112
237065,237.065,20.95,294.09999999999997,1019.8,1.207987476635813,-54.362329138342396
237208,237.208,20.95,294.09999999999997,1019.8,1.207987476635813,-54.362329138342396
237351,237.351,20.94,294.09,1019.79,1.2080167063312384,-54.2795490036602
237495,237.495,20.93,294.08,1019.79,1.208057784157215,-54.2795490036602
237638,237.638,20.93,294.08,1019.78,1.2080459380145372,-54.19676821162536
237816,237.816,20.92,294.07,1019.81,1.208122557867961,-54.4451086156818
237966,237.966,20.92,294.07,1019.81,1.208122557867961,-54.4451086156818
238109,238.109,20.91,294.06,1019.8,1.208151795139062,-54.362329138342396
238252,238.252,20.9,294.04999999999995,1019.78,1.2081691870474924,-54.19676821162536
238396,238.396,20.9,294.04999999999995,1019.78,1.2081691870474924,-54.19676821162536
238539,238.539,20.89,294.03999999999996,1019.76,1.2081865801388847,-54.031204655468244
238683,238.683,20.88,294.03,1019.74,1.2082039744133597,-53.865638469762764
238826,238.826,20.88,294.03,1019.76,1.2082276707276047,-54.031204655468244
238968,238.968,20.86,294.01,1019.77,1.2083217092536864,-54.113986762228045
239112,239.112,20.85,294.0,1019.76,1.2083509592654342,-54.031204655468244
239255,239.255,20.85,294.0,1019.79,1.2083865073637887,-54.2795490036602
239398,239.398,20.85,294.0,1019.8,1.2083983567299068,-54.362329138342396
239542,239.542,20.84,293.98999999999995,1019.8,1.2084394601129038,-54.362329138342396
239685,239.685,20.84,293.98999999999995,1019.81,1.2084513098820755,-54.4451086156818
239827,239.827,20.84,293.98999999999995,1019.8,1.2084394601129038,-54.362329138342396
239971,239.971,20.84,293.98999999999995,1019.8,1.2084394601129038,-54.362329138342396
240121,240.121,20.83,293.97999999999996,1019.82,1.2085042666367443,-54.52788743570794
240265,240.265,20.83,293.97999999999996,1019.84,1.208527966981249,-54.693443103800725
240408,240.408,20.83,293.97999999999996,1019.79,1.2084687161199874,-54.2795490036602
240551,240.551,20.82,293.96999999999997,1019.79,1.208509824692839,-54.2795490036602
240695,240.695,20.82,293.96999999999997,1019.82,1.2085453764189205,-54.52788743570794
240837,240.837,20.81,293.96,1019.8,1.208562787041069,-54.362329138342396
240980,240.98,20.81,293.96,1019.79,1.2085509360625728,-54.2795490036602
241124,241.124,20.8,293.95,1019.79,1.2085920502294738,-54.2795490036602
241267,241.267,20.8,293.95,1019.79,1.2085920502294738,-54.2795490036602
241410,241.41,20.77,293.91999999999996,1019.79,1.208715409516038,-54.2795490036602
241554,241.554,20.76,293.90999999999997,1019.78,1.2087446818798786,-54.19676821162536
241697,241.697,20.75,293.9,1019.8,1.2088095164293726,-54.362329138342396
241840,241.84,20.75,293.9,1019.8,1.2088095164293726,-54.362329138342396
241983,241.983,20.74,293.89,1019.79,1.2088387939873892,-54.2795490036602
242126,242.126,20.73,293.88,1019.79,1.208879927742459,-54.2795490036602
242270,242.27,20.74,293.89,1019.79,1.2088387939873892,-54.2795490036602
242420,242.42,20.73,293.88,1019.8,1.208891781947028,-54.362329138342396
242564,242.564,20.73,293.88,1019.79,1.208879927742459,-54.2795490036602
242707,242.707,20.72,293.87,1019.82,1.2089566281208357,-54.52788743570794
242849,242.849,20.72,293.87,1019.77,1.2088973550810778,-54.113986762228045
242993,242.993,20.72,293.87,1019.8,1.2089329189049325,-54.362329138342396
243136,243.136,20.71,293.85999999999996,1019.8,1.2089740586626034,-54.362329138342396
243279,243.279,20.7,293.84999999999997,1019.78,1.208991490390727,-54.19676821162536
243423,243.423,20.69,293.84,1019.77,1.2090207791235923,-54.113986762228045
243566,243.566,20.68,293.83,1019.77,1.2090619260717979,-54.113986762228045
243709,243.709,20.67,293.82,1019.78,1.2091149324461068,-54.19676821162536
243852,243.852,20.66,293.81,1019.78,1.2091560853997996,-54.19676821162536
244030,244.03,20.66,293.81,1019.83,1.2092153705439188,-54.61066559840112
244172,244.172,20.65,293.79999999999995,1019.83,1.2092565283169123,-54.61066559840112
244316,244.316,20.65,293.79999999999995,1019.83,1.2092565283169123,-54.61066559840112
244459,244.459,20.64,293.78999999999996,1019.82,1.2092858310557544,-54.52788743570794
244609,244.609,20.63,293.78,1019.81,1.209315135789473,-54.4451086156818
244753,244.753,20.63,293.78,1019.82,1.2093269940291036,-54.52788743570794
244896,244.896,20.63,293.78,1019.82,1.2093269940291036,-54.52788743570794
245040,245.04,20.63,293.78,1019.82,1.2093269940291036,-54.52788743570794
245182,245.182,20.62,293.77,1019.84,1.2093918770914238,-54.693443103800725
245325,245.325,20.62,293.77,1019.83,1.2093800184481356,-54.61066559840112
245469,245.469,20.62,293.77,1019.84,1.2093918770914238,-54.693443103800725
245612,245.612,20.61,293.76,1019.86,1.2094567645711636,-54.85899614272905
245792,245.792,20.61,293.76,1019.85,1.2094449055241907,-54.776219951906754
245936,245.936,20.61,293.76,1019.84,1.2094330464772178,-54.693443103800725
246079,246.079,20.6,293.75,1019.86,1.2094979375674042,-54.85899614272905
246222,246.222,20.6,293.75,1019.85,1.2094860781167192,-54.776219951906754
246366,246.366,20.59,293.73999999999995,1019.81,1.2094798140948844,-54.4451086156818
246509,246.509,20.59,293.73999999999995,1019.82,1.2094916739493091,-54.52788743570794
246651,246.651,20.58,293.72999999999996,1019.8,1.2095091304211099,-54.362329138342396
246802,246.802,20.58,293.72999999999996,1019.83,1.2095447111956859,-54.61066559840112
246945,246.945,20.58,293.72999999999996,1019.84,1.209556571453878,-54.693443103800725
247089,247.089,20.57,293.71999999999997,1019.83,1.2095858913914912,-54.61066559840112
247232,247.232,20.57,293.71999999999997,1019.85,1.2096096127154645,-54.776219951906754
247375,247.375,20.56,293.71,1019.87,1.2096745186546722,-54.94177167628729
247519,247.519,20.56,293.71,1019.87,1.2096745186546722,-54.94177167628729
247661,247.661,20.54,293.69,1019.8,1.2096738631842847,-54.362329138342396
247804,247.804,20.54,293.69,1019.81,1.2096857250578206,-54.4451086156818
247948,247.948,20.53,293.67999999999995,1019.85,1.209774364773857,-54.776219951906754
248091,248.091,20.52,293.66999999999996,1019.83,1.2097918344383451,-54.61066559840112
248234,248.234,20.52,293.66999999999996,1019.85,1.2098155598010907,-54.776219951906754
248378,248.378,20.52,293.66999999999996,1019.85,1.2098155598010907,-54.776219951906754
248521,248.521,20.51,293.65999999999997,1019.85,1.2098567576339518,-54.776219951906754
248663,248.663,20.51,293.65999999999997,1019.82,1.2098211683779545,-54.52788743570794
248807,248.807,20.51,293.65999999999997,1019.85,1.2098567576339518,-54.776219951906754
248950,248.95,20.49,293.64,1019.8,1.2098798422510306,-54.362329138342396
249094,249.094,20.48,293.63,1019.79,1.2099091821849055,-54.2795490036602
249237,249.237,20.46,293.60999999999996,1019.81,1.2100153284705266,-54.4451086156818
249380,249.38,20.45,293.59999999999997,1019.82,1.2100684070363423,-54.52788743570794
249524,249.524,20.44,293.59,1019.83,1.210121489217987,-54.61066559840112
249667,249.667,20.42,293.57,1019.82,1.210192064263617,-54.52788743570794
249810,249.81,20.41,293.56,1019.79,1.2101976875764882,-54.2795490036602
249953,249.953,20.4,293.54999999999995,1019.8,1.2102507813953078,-54.362329138342396
250096,250.096,20.4,293.54999999999995,1019.83,1.2102863839874256,-54.61066559840112
250239,250.239,20.38,293.53,1019.82,1.2103569798857698,-54.52788743570794
250383,250.383,20.38,293.53,1019.82,1.2103569798857698,-54.52788743570794
250526,250.526,20.37,293.52,1019.84,1.210421953301811,-54.693443103800725
250669,250.669,20.36,293.51,1019.82,1.2104394545530648,-54.52788743570794
250813,250.813,20.35,293.5,1019.82,1.2104806961017718,-54.52788743570794
250955,250.955,20.34,293.48999999999995,1019.81,1.2105100705040424,-54.4451086156818
251099,251.099,20.33,293.47999999999996,1019.82,1.2105631876307417,-54.52788743570794
251249,251.249,20.32,293.46999999999997,1019.87,1.2106637914405691,-54.94177167628729
251392,251.392,20.3,293.45,1019.83,1.2106988175822417,-54.61066559840112
251536,251.536,20.29,293.44,1019.81,1.2107163324435364,-54.4451086156818
251679,251.679,20.28,293.42999999999995,1019.81,1.2107575932666441,-54.4451086156818
251823,251.823,20.28,293.42999999999995,1019.84,1.2107932104186607,-54.693443103800725
251966,251.966,20.27,293.41999999999996,1019.8,1.2107869841135321,-54.362329138342396
252108,252.108,20.27,293.41999999999996,1019.83,1.210822602479411,-54.61066559840112
252252,252.252,20.26,293.40999999999997,1019.8,1.2108282501570928,-54.362329138342396
252395,252.395,20.26,293.40999999999997,1019.8,1.2108282501570928,-54.362329138342396
252538,252.538,20.25,293.4,1019.82,1.2108932662095093,-54.52788743570794
252682,252.682,20.25,293.4,1019.83,1.2109051398074602,-54.61066559840112
252825,252.825,20.24,293.39,1019.81,1.2109226646860198,-54.4451086156818
252968,252.968,20.24,293.39,1019.8,1.2109107906833654,-54.362329138342396
253146,253.146,20.23,293.38,1019.83,1.2109876883888089,-54.61066559840112
253288,253.288,20.22,293.37,1019.82,1.211017092088046,-54.52788743570794
253438,253.438,20.22,293.37,1019.81,1.2110052172759018,-54.4451086156818
253582,253.582,20.22,293.37,1019.82,1.211017092088046,-54.52788743570794
253725,253.725,20.21,293.35999999999996,1019.8,1.211034622574968,-54.362329138342396
253868,253.868,20.21,293.35999999999996,1019.83,1.2110702482257596,-54.61066559840112
254046,254.046,20.21,293.35999999999996,1019.78,1.2110108721411068,-54.19676821162536
254189,254.189,20.2,293.34999999999997,1019.82,1.2110996567440604,-54.52788743570794
254332,254.332,20.2,293.34999999999997,1019.84,1.2111234079875492,-54.693443103800725
254476,254.476,20.2,293.34999999999997,1019.83,1.2111115323658048,-54.61066559840112
254619,254.619,20.19,293.34,1019.82,1.2111409432940277,-54.52788743570794
254761,254.761,20.19,293.34,1019.81,1.2111290672674415,-54.4451086156818
254905,254.905,20.18,293.33,1019.83,1.2111941090904743,-54.61066559840112
255048,255.048,20.19,293.34,1019.83,1.2111528193206136,-54.61066559840112
255191,255.191,20.19,293.34,1019.83,1.2111528193206136,-54.61066559840112
255335,255.335,20.19,293.34,1019.82,1.2111409432940277,-54.52788743570794
255478,255.478,20.19,293.34,1019.81,1.2111290672674415,-54.4451086156818
255629,255.629,20.19,293.34,1019.8,1.2111171912408556,-54.362329138342396
255771,255.771,20.19,293.34,1019.81,1.2111290672674415,-54.4451086156818
255914,255.914,20.2,293.34999999999997,1019.8,1.2110759055005713,-54.362329138342396
256058,256.058,20.2,293.34999999999997,1019.81,1.2110877811223157,-54.4451086156818
256201,256.201,20.19,293.34,1019.81,1.2111290672674415,-54.4451086156818
256345,256.345,20.19,293.34,1019.8,1.2111171912408556,-54.362329138342396
256488,256.488,20.19,293.34,1019.79,1.2111053152142695,-54.2795490036602
256631,256.631,20.18,293.33,1019.83,1.2111941090904743,-54.61066559840112
256774,256.774,20.18,293.33,1019.81,1.211170356227564,-54.4451086156818
256917,256.917,20.17,293.32,1019.83,1.2112354016756741,-54.61066559840112
257060,257.06,20.16,293.31,1019.82,1.2112648198352256,-54.52788743570794
257204,257.204,20.15,293.29999999999995,1019.81,1.211294240000789,-54.4451086156818
257347,257.347,20.14,293.28999999999996,1019.82,1.2113474182749842,-54.52788743570794
257490,257.49,20.13,293.28,1019.82,1.2113887217194153,-54.52788743570794
257634,257.634,20.12,293.27,1019.8,1.2114062702580985,-54.362329138342396
257776,257.776,20.12,293.27,1019.82,1.2114300279805983,-54.52788743570794
257927,257.927,20.12,293.27,1019.81,1.2114181491193485,-54.4451086156818
258070,258.07,20.12,293.27,1019.81,1.2114181491193485,-54.4451086156818
258213,258.213,20.11,293.26,1019.82,1.2114713370588217,-54.52788743570794
258357,258.357,20.11,293.26,1019.81,1.2114594577925095,-54.4451086156818
258500,258.5,20.1,293.25,1019.8,1.2114888896115688,-54.362329138342396
258643,258.643,20.09,293.23999999999995,1019.81,1.2115420835910222,-54.4451086156818
258787,258.787,20.1,293.25,1019.83,1.2115245286257759,-54.61066559840112
258929,258.929,20.1,293.25,1019.81,1.2115007692829711,-54.4451086156818
259072,259.072,20.1,293.25,1019.78,1.211465130268764,-54.19676821162536
259216,259.216,20.1,293.25,1019.81,1.2115007692829711,-54.4451086156818
259359,259.359,20.1,293.25,1019.82,1.2115126489543735,-54.52788743570794
259503,259.503,20.09,293.23999999999995,1019.83,1.2115658437440624,-54.61066559840112
259646,259.646,20.09,293.23999999999995,1019.8,1.2115302035145021,-54.362329138342396
259789,259.789,20.09,293.23999999999995,1019.82,1.2115539636675423,-54.52788743570794
259932,259.932,20.09,293.23999999999995,1019.82,1.2115539636675423,-54.52788743570794
260083,260.083,20.09,293.23999999999995,1019.81,1.2115420835910222,-54.4451086156818
260225,260.225,20.09,293.23999999999995,1019.81,1.2115420835910222,-54.4451086156818
260369,260.369,20.09,293.23999999999995,1019.81,1.2115420835910222,-54.4451086156818
260512,260.512,20.09,293.23999999999995,1019.81,1.2115420835910222,-54.4451086156818
260656,260.656,20.09,293.23999999999995,1019.79,1.2115183234379823,-54.2795490036602
260799,260.799,20.09,293.23999999999995,1019.81,1.2115420835910222,-54.4451086156818
260942,260.942,20.09,293.23999999999995,1019.82,1.2115539636675423,-54.52788743570794
261086,261.086,20.09,293.23999999999995,1019.79,1.2115183234379823,-54.2795490036602
261228,261.228,20.09,293.23999999999995,1019.8,1.2115302035145021,-54.362329138342396
261371,261.371,20.09,293.23999999999995,1019.79,1.2115183234379823,-54.2795490036602
261515,261.515,20.09,293.23999999999995,1019.81,1.2115420835910222,-54.4451086156818
261658,261.658,20.09,293.23999999999995,1019.82,1.2115539636675423,-54.52788743570794
261801,261.801,20.09,293.23999999999995,1019.79,1.2115183234379823,-54.2795490036602
261945,261.945,20.09,293.23999999999995,1019.8,1.2115302035145021,-54.362329138342396
262123,262.123,20.09,293.23999999999995,1019.8,1.2115302035145021,-54.362329138342396
262310,262.31,20.09,293.23999999999995,1019.8,1.2115302035145021,-54.362329138342396
262454,262.454,20.09,293.23999999999995,1019.81,1.2115420835910222,-54.4451086156818
262597,262.597,20.08,293.22999999999996,1019.81,1.2115834007169504,-54.4451086156818
262740,262.74,20.08,293.22999999999996,1019.8,1.2115715202352848,-54.362329138342396
262883,262.883,20.08,293.22999999999996,1019.82,1.2115952811986157,-54.52788743570794
263026,263.026,20.08,293.22999999999996,1019.82,1.2115952811986157,-54.52788743570794
263169,263.169,20.08,293.22999999999996,1019.81,1.2115834007169504,-54.4451086156818
263313,263.313,20.08,293.22999999999996,1019.81,1.2115834007169504,-54.4451086156818
263456,263.456,20.07,293.21999999999997,1019.8,1.2116128397742059,-54.362329138342396
263600,263.6,20.07,293.21999999999997,1019.79,1.2116009588873675,-54.2795490036602
263743,263.743,20.07,293.21999999999997,1019.78,1.2115890780005292,-54.19676821162536
263885,263.885,20.06,293.21,1019.81,1.2116660434235917,-54.4451086156818
264029,264.029,20.06,293.21,1019.78,1.2116303995474749,-54.19676821162536
264172,264.172,20.07,293.21999999999997,1019.81,1.2116247206610442,-54.4451086156818
264315,264.315,20.07,293.21999999999997,1019.79,1.2116009588873675,-54.2795490036602
264466,264.466,20.07,293.21999999999997,1019.83,1.211648482434721,-54.61066559840112
264609,264.609,20.07,293.21999999999997,1019.79,1.2116009588873675,-54.2795490036602
264753,264.753,20.07,293.21999999999997,1019.79,1.2116009588873675,-54.2795490036602
264896,264.896,20.06,293.21,1019.78,1.2116303995474749,-54.19676821162536
265038,265.038,20.05,293.2,1019.78,1.21167172391308,-54.19676821162536
265182,265.182,20.05,293.2,1019.79,1.2116836056103473,-54.2795490036602
265325,265.325,20.05,293.2,1019.77,1.211659842215813,-54.113986762228045
265468,265.468,20.04,293.19,1019.75,1.211677404790064,-53.94842189130659
265612,265.612,20.05,293.2,1019.79,1.2116836056103473,-54.2795490036602
265755,265.755,20.05,293.2,1019.79,1.2116836056103473,-54.2795490036602
265898,265.898,20.05,293.2,1019.79,1.2116836056103473,-54.2795490036602
266042,266.042,20.05,293.2,1019.8,1.2116954873076147,-54.362329138342396
266184,266.184,20.05,293.2,1019.79,1.2116836056103473,-54.2795490036602
266327,266.327,20.06,293.21,1019.8,1.2116541621315526,-54.362329138342396
266471,266.471,20.06,293.21,1019.8,1.2116541621315526,-54.362329138342396
266614,266.614,20.06,293.21,1019.81,1.2116660434235917,-54.4451086156818
266765,266.765,20.06,293.21,1019.79,1.2116422808395138,-54.2795490036602
266908,266.908,20.07,293.21999999999997,1019.82,1.2116366015478826,-54.52788743570794
267051,267.051,20.06,293.21,1019.83,1.2116898060076695,-54.61066559840112
267195,267.195,20.06,293.21,1019.83,1.2116898060076695,-54.61066559840112
267337,267.337,20.07,293.21999999999997,1019.79,1.2116009588873675,-54.2795490036602
267481,267.481,20.07,293.21999999999997,1019.78,1.2115890780005292,-54.19676821162536
267624,267.624,20.07,293.21999999999997,1019.82,1.2116366015478826,-54.52788743570794
267767,267.767,20.07,293.21999999999997,1019.8,1.2116128397742059,-54.362329138342396
267911,267.911,20.07,293.21999999999997,1019.79,1.2116009588873675,-54.2795490036602
268054,268.054,20.08,293.22999999999996,1019.81,1.2115834007169504,-54.4451086156818
268197,268.197,20.08,293.22999999999996,1019.84,1.2116190421619464,-54.693443103800725
268340,268.34,20.07,293.21999999999997,1019.83,1.211648482434721,-54.61066559840112
268483,268.483,20.08,293.22999999999996,1019.82,1.2115952811986157,-54.52788743570794
268626,268.626,20.08,293.22999999999996,1019.79,1.2115596397536195,-54.2795490036602
268770,268.77,20.08,293.22999999999996,1019.8,1.2115715202352848,-54.362329138342396
268920,268.92,20.08,293.22999999999996,1019.78,1.2115477592719541,-54.19676821162536
269064,269.064,20.08,293.22999999999996,1019.78,1.2115477592719541,-54.19676821162536
269207,269.207,20.08,293.22999999999996,1019.8,1.2115715202352848,-54.362329138342396
269350,269.35,20.08,293.22999999999996,1019.8,1.2115715202352848,-54.362329138342396
269493,269.493,20.08,293.22999999999996,1019.81,1.2115834007169504,-54.4451086156818
269636,269.636,20.08,293.22999999999996,1019.79,1.2115596397536195,-54.2795490036602
269779,269.779,20.08,293.22999999999996,1019.82,1.2115952811986157,-54.52788743570794
269923,269.923,20.08,293.22999999999996,1019.83,1.211607161680281,-54.61066559840112
270103,270.103,20.08,293.22999999999996,1019.78,1.2115477592719541,-54.19676821162536
270245,270.245,20.08,293.22999999999996,1019.81,1.2115834007169504,-54.4451086156818
270389,270.389,20.08,293.22999999999996,1019.79,1.2115596397536195,-54.2795490036602
270532,270.532,20.08,293.22999999999996,1019.8,1.2115715202352848,-54.362329138342396
270675,270.675,20.08,293.22999999999996,1019.81,1.2115834007169504,-54.4451086156818
270819,270.819,20.08,293.22999999999996,1019.85,1.2116309226436117,-54.776219951906754
270962,270.962,20.08,293.22999999999996,1019.83,1.211607161680281,-54.61066559840112
271113,271.113,20.07,293.21999999999997,1019.8,1.2116128397742059,-54.362329138342396
271256,271.256,20.07,293.21999999999997,1019.81,1.2116247206610442,-54.4451086156818
271433,271.433,20.07,293.21999999999997,1019.8,1.2116128397742059,-54.362329138342396
271577,271.577,20.06,293.21,1019.78,1.2116303995474749,-54.19676821162536
271720,271.72,20.06,293.21,1019.82,1.2116779247156306,-54.52788743570794
271863,271.863,20.06,293.21,1019.82,1.2116779247156306,-54.52788743570794
272007,272.007,20.06,293.21,1019.82,1.2116779247156306,-54.52788743570794
272150,272.15,20.05,293.2,1019.82,1.211719250702149,-54.52788743570794
272292,272.292,20.05,293.2,1019.78,1.21167172391308,-54.19676821162536
272436,272.436,20.06,293.21,1019.85,1.2117135685917475,-54.776219951906754
272579,272.579,20.06,293.21,1019.81,1.2116660434235917,-54.4451086156818
272722,272.722,20.06,293.21,1019.8,1.2116541621315526,-54.362329138342396
272866,272.866,20.06,293.21,1019.79,1.2116422808395138,-54.2795490036602
273009,273.009,20.06,293.21,1019.79,1.2116422808395138,-54.2795490036602
273152,273.152,20.06,293.21,1019.82,1.2116779247156306,-54.52788743570794
273295,273.295,20.06,293.21,1019.79,1.2116422808395138,-54.2795490036602
273446,273.446,20.05,293.2,1019.8,1.2116954873076147,-54.362329138342396
273589,273.589,20.05,293.2,1019.79,1.2116836056103473,-54.2795490036602
273732,273.732,20.05,293.2,1019.79,1.2116836056103473,-54.2795490036602
273875,273.875,20.05,293.2,1019.79,1.2116836056103473,-54.2795490036602
274019,274.019,20.05,293.2,1019.81,1.2117073690048819,-54.4451086156818
274162,274.162,20.05,293.2,1019.78,1.21167172391308,-54.19676821162536
274305,274.305,20.05,293.2,1019.82,1.211719250702149,-54.52788743570794
274449,274.449,20.05,293.2,1019.84,1.2117430140966834,-54.693443103800725
274591,274.591,20.05,293.2,1019.79,1.2116836056103473,-54.2795490036602
274735,274.735,20.05,293.2,1019.79,1.2116836056103473,-54.2795490036602
274878,274.878,20.04,293.19,1019.8,1.2117368153026793,-54.362329138342396
275021,275.021,20.04,293.19,1019.79,1.2117249332001563,-54.2795490036602
275165,275.165,20.05,293.2,1019.81,1.2117073690048819,-54.4451086156818
275308,275.308,20.05,293.2,1019.81,1.2117073690048819,-54.4451086156818
275451,275.451,20.06,293.21,1019.81,1.2116660434235917,-54.4451086156818
275602,275.602,20.06,293.21,1019.84,1.2117016872997084,-54.693443103800725
275744,275.744,20.06,293.21,1019.81,1.2116660434235917,-54.4451086156818
275888,275.888,20.06,293.21,1019.82,1.2116779247156306,-54.52788743570794
276031,276.031,20.06,293.21,1019.8,1.2116541621315526,-54.362329138342396
276174,276.174,20.06,293.21,1019.81,1.2116660434235917,-54.4451086156818
276318,276.318,20.06,293.21,1019.81,1.2116660434235917,-54.4451086156818
276461,276.461,20.06,293.21,1019.84,1.2117016872997084,-54.693443103800725
276604,276.604,20.06,293.21,1019.82,1.2116779247156306,-54.52788743570794
276748,276.748,20.06,293.21,1019.8,1.2116541621315526,-54.362329138342396
276890,276.89,20.06,293.21,1019.85,1.2117135685917475,-54.776219951906754
277033,277.033,20.06,293.21,1019.82,1.2116779247156306,-54.52788743570794
277177,277.177,20.07,293.21999999999997,1019.82,1.2116366015478826,-54.52788743570794
277320,277.32,20.07,293.21999999999997,1019.82,1.2116366015478826,-54.52788743570794
277463,277.463,20.07,293.21999999999997,1019.77,1.2115771971136908,-54.113986762228045
277607,277.607,20.06,293.21,1019.8,1.2116541621315526,-54.362329138342396
277757,277.757,20.07,293.21999999999997,1019.8,1.2116128397742059,-54.362329138342396
277901,277.901,20.06,293.21,1019.82,1.2116779247156306,-54.52788743570794
278044,278.044,20.06,293.21,1019.81,1.2116660434235917,-54.4451086156818
278221,278.221,20.06,293.21,1019.81,1.2116660434235917,-54.4451086156818
278365,278.365,20.06,293.21,1019.8,1.2116541621315526,-54.362329138342396
278508,278.508,20.06,293.21,1019.8,1.2116541621315526,-54.362329138342396
278651,278.651,20.06,293.21,1019.78,1.2116303995474749,-54.19676821162536
278795,278.795,20.07,293.21999999999997,1019.83,1.211648482434721,-54.61066559840112
278938,278.938,20.06,293.21,1019.81,1.2116660434235917,-54.4451086156818
279081,279.081,20.06,293.21,1019.81,1.2116660434235917,-54.4451086156818
279224,279.224,20.06,293.21,1019.82,1.2116779247156306,-54.52788743570794
279367,279.367,20.06,293.21,1019.8,1.2116541621315526,-54.362329138342396
279510,279.51,20.06,293.21,1019.84,1.2117016872997084,-54.693443103800725
279654,279.654,20.06,293.21,1019.81,1.2116660434235917,-54.4451086156818
279797,279.797,20.06,293.21,1019.79,1.2116422808395138,-54.2795490036602
279948,279.948,20.06,293.21,1019.77,1.211618518255436,-54.113986762228045
280091,280.091,20.06,293.21,1019.81,1.2116660434235917,-54.4451086156818
280234,280.234,20.06,293.21,1019.82,1.2116779247156306,-54.52788743570794
280378,280.378,20.06,293.21,1019.79,1.2116422808395138,-54.2795490036602
280555,280.555,20.06,293.21,1019.79,1.2116422808395138,-54.2795490036602
280698,280.698,20.06,293.21,1019.81,1.2116660434235917,-54.4451086156818
280842,280.842,20.06,293.21,1019.82,1.2116779247156306,-54.52788743570794
280985,280.985,20.06,293.21,1019.82,1.2116779247156306,-54.52788743570794
281127,281.127,20.05,293.2,1019.8,1.2116954873076147,-54.362329138342396
281271,281.271,20.05,293.2,1019.8,1.2116954873076147,-54.362329138342396
281414,281.414,20.05,293.2,1019.82,1.211719250702149,-54.52788743570794
281557,281.557,20.06,293.21,1019.83,1.2116898060076695,-54.61066559840112
281701,281.701,20.07,293.21999999999997,1019.81,1.2116247206610442,-54.4451086156818
281844,281.844,20.08,293.22999999999996,1019.79,1.2115596397536195,-54.2795490036602
281988,281.988,20.08,293.22999999999996,1019.79,1.2115596397536195,-54.2795490036602
282130,282.13,20.08,293.22999999999996,1019.82,1.2115952811986157,-54.52788743570794
282281,282.281,20.08,293.22999999999996,1019.82,1.2115952811986157,-54.52788743570794
282424,282.424,20.08,293.22999999999996,1019.78,1.2115477592719541,-54.19676821162536
282567,282.567,20.08,293.22999999999996,1019.78,1.2115477592719541,-54.19676821162536
282710,282.71,20.08,293.22999999999996,1019.8,1.2115715202352848,-54.362329138342396
282854,282.854,20.08,293.22999999999996,1019.77,1.2115358787902888,-54.113986762228045
282997,282.997,20.08,293.22999999999996,1019.79,1.2115596397536195,-54.2795490036602
283141,283.141,20.08,293.22999999999996,1019.8,1.2115715202352848,-54.362329138342396
283284,283.284,20.08,293.22999999999996,1019.82,1.2115952811986157,-54.52788743570794
283426,283.426,20.07,293.21999999999997,1019.79,1.2116009588873675,-54.2795490036602
283570,283.57,20.07,293.21999999999997,1019.8,1.2116128397742059,-54.362329138342396
283713,283.713,20.07,293.21999999999997,1019.8,1.2116128397742059,-54.362329138342396
283856,283.856,20.07,293.21999999999997,1019.78,1.2115890780005292,-54.19676821162536
284000,284.0,20.06,293.21,1019.8,1.2116541621315526,-54.362329138342396
284143,284.143,20.06,293.21,1019.8,1.2116541621315526,-54.362329138342396
284286,284.286,20.06,293.21,1019.81,1.2116660434235917,-54.4451086156818
284437,284.437,20.05,293.2,1019.8,1.2116954873076147,-54.362329138342396
284579,284.579,20.05,293.2,1019.82,1.211719250702149,-54.52788743570794
284723,284.723,20.05,293.2,1019.77,1.211659842215813,-54.113986762228045
284866,284.866,20.04,293.19,1019.8,1.2117368153026793,-54.362329138342396
285009,285.009,20.04,293.19,1019.8,1.2117368153026793,-54.362329138342396
285153,285.153,20.04,293.19,1019.81,1.2117486974052023,-54.4451086156818
285296,285.296,20.04,293.19,1019.84,1.2117843437127716,-54.693443103800725
285439,285.439,20.04,293.19,1019.82,1.2117605795077255,-54.52788743570794
285583,285.583,20.03,293.17999999999995,1019.8,1.211778146117036,-54.362329138342396
285725,285.725,20.03,293.17999999999995,1019.82,1.2118019111326492,-54.52788743570794
285868,285.868,20.03,293.17999999999995,1019.81,1.2117900286248426,-54.4451086156818
286012,286.012,20.02,293.16999999999996,1019.79,1.2118075968378546,-54.2795490036602
286155,286.155,20.01,293.15999999999997,1019.81,1.2118726995232343,-54.4451086156818
286332,286.332,20.01,293.15999999999997,1019.79,1.211848932886321,-54.2795490036602
286476,286.476,20.0,293.15,1019.8,1.2119021554787397,-54.362329138342396
286626,286.626,20.0,293.15,1019.79,1.2118902717549167,-54.2795490036602
286770,286.77,20.0,293.15,1019.78,1.2118783880310935,-54.19676821162536
286913,286.913,19.99,293.14,1019.8,1.211943497573148,-54.362329138342396
287056,287.056,19.99,293.14,1019.79,1.2119316134439306,-54.2795490036602
287200,287.2,19.99,293.14,1019.81,1.2119553817023652,-54.4451086156818
287343,287.343,19.98,293.13,1019.79,1.2119729579536516,-54.2795490036602
287486,287.486,19.98,293.13,1019.79,1.2119729579536516,-54.2795490036602
287629,287.629,19.98,293.13,1019.78,1.2119610734190125,-54.19676821162536
287772,287.772,19.98,293.13,1019.8,1.2119848424882904,-54.362329138342396
287915,287.915,19.97,293.12,1019.78,1.212002420344279,-54.19676821162536
288059,288.059,19.98,293.13,1019.78,1.2119610734190125,-54.19676821162536
288202,288.202,19.96,293.10999999999996,1019.8,1.212067540781934,-54.362329138342396
288346,288.346,19.96,293.10999999999996,1019.79,1.2120556554363682,-54.2795490036602
288489,288.489,19.94,293.09,1019.8,1.2121502503619797,-54.362329138342396
288632,288.632,19.94,293.09,1019.82,1.2121740226751854,-54.52788743570794
288775,288.775,19.94,293.09,1019.8,1.2121502503619797,-54.362329138342396
288926,288.926,19.94,293.09,1019.79,1.2121383642053767,-54.2795490036602
289068,289.068,19.94,293.09,1019.79,1.2121383642053767,-54.2795490036602
289212,289.212,19.94,293.09,1019.81,1.2121621365185826,-54.4451086156818
289355,289.355,19.94,293.09,1019.82,1.2121740226751854,-54.52788743570794
289499,289.499,19.94,293.09,1019.79,1.2121383642053767,-54.2795490036602
289676,289.676,19.94,293.09,1019.81,1.2121621365185826,-54.4451086156818
289819,289.819,19.94,293.09,1019.79,1.2121383642053767,-54.2795490036602
289962,289.962,19.94,293.09,1019.8,1.2121502503619797,-54.362329138342396
290106,290.106,19.94,293.09,1019.82,1.2121740226751854,-54.52788743570794
290249,290.249,19.94,293.09,1019.8,1.2121502503619797,-54.362329138342396
290393,290.393,19.92,293.07,1019.83,1.2122686321339913,-54.61066559840112
290536,290.536,19.92,293.07,1019.81,1.2122448581984895,-54.4451086156818
290678,290.678,19.91,293.06,1019.8,1.212274335899108,-54.362329138342396
290822,290.822,19.9,293.04999999999995,1019.82,1.2123394789485415,-54.52788743570794
290965,290.965,19.9,293.04999999999995,1019.81,1.2123275911695321,-54.4451086156818
291115,291.115,19.89,293.03999999999996,1019.8,1.212357073705271,-54.362329138342396
291259,291.259,19.89,293.03999999999996,1019.83,1.212392738259312,-54.61066559840112
291402,291.402,19.88,293.03,1019.78,1.2123746696628848,-54.19676821162536
291546,291.546,19.88,293.03,1019.79,1.2123865582532638,-54.2795490036602
291689,291.689,19.87,293.02,1019.78,1.212416044813716,-54.19676821162536
291832,291.832,19.87,293.02,1019.8,1.2124398228059265,-54.362329138342396
291976,291.976,19.86,293.01,1019.81,1.2124930909942708,-54.4451086156818
292118,292.118,19.85,293.0,1019.8,1.2125225832033875,-54.362329138342396
292261,292.261,19.84,292.98999999999995,1019.81,1.2125758578525936,-54.4451086156818
292405,292.405,19.83,292.97999999999996,1019.79,1.212593464280681,-54.2795490036602
292548,292.548,19.82,292.96999999999997,1019.8,1.2126467449861509,-54.362329138342396
292691,292.691,19.82,292.96999999999997,1019.78,1.2126229629358471,-54.19676821162536
292835,292.835,19.81,292.96,1019.79,1.2126762464669372,-54.2795490036602
292978,292.978,19.81,292.96,1019.77,1.2126524636048484,-54.113986762228045
293121,293.121,19.81,292.96,1019.8,1.2126881378979815,-54.362329138342396
293272,293.272,19.8,292.95,1019.77,1.2126938581248552,-54.113986762228045
293415,293.415,19.79,292.94,1019.81,1.2127828244426548,-54.4451086156818
293558,293.558,19.79,292.94,1019.8,1.2127709321997426,-54.362329138342396
293701,293.701,19.78,292.92999999999995,1019.79,1.2128004409413644,-54.2795490036602
293844,293.844,19.78,292.92999999999995,1019.8,1.2128123335902523,-54.362329138342396
293988,293.988,19.77,292.91999999999996,1019.79,1.212841844752676,-54.2795490036602
294131,294.131,19.76,292.90999999999997,1019.78,1.2128713579301325,-54.19676821162536
294274,294.274,19.77,292.91999999999996,1019.79,1.212841844752676,-54.2795490036602
294455,294.455,19.76,292.90999999999997,1019.8,1.2128951448519771,-54.362329138342396
294597,294.597,19.75,292.9,1019.82,1.2129603424577333,-54.52788743570794
294740,294.74,19.75,292.9,1019.81,1.2129484485907522,-54.4451086156818
294884,294.884,19.74,292.89,1019.79,1.212966073150172,-54.2795490036602
295027,295.027,19.73,292.88,1019.81,1.2130312776298529,-54.4451086156818
295170,295.17,19.72,292.87,1019.78,1.213037011135709,-54.19676821162536
295314,295.314,19.72,292.87,1019.8,1.2130608013063562,-54.362329138342396
295464,295.464,19.72,292.87,1019.77,1.2130251160503853,-54.113986762228045
295608,295.608,19.73,292.88,1019.79,1.2130074882714894,-54.2795490036602
295751,295.751,19.73,292.88,1019.81,1.2130312776298529,-54.4451086156818
295893,295.893,19.73,292.88,1019.81,1.2130312776298529,-54.4451086156818
296037,296.037,19.72,292.87,1019.8,1.2130608013063562,-54.362329138342396
296180,296.18,19.73,292.88,1019.78,1.2129955935923078,-54.19676821162536
296324,296.324,19.72,292.87,1019.81,1.2130726963916798,-54.4451086156818
296467,296.467,19.72,292.87,1019.8,1.2130608013063562,-54.362329138342396
296610,296.61,19.72,292.87,1019.82,1.2130845914770034,-54.52788743570794
296754,296.754,19.71,292.85999999999996,1019.8,1.2131022224905847,-54.362329138342396
296897,296.897,19.7,292.84999999999997,1019.8,1.2131436465036456,-54.362329138342396
297040,297.04,19.7,292.84999999999997,1019.8,1.2131436465036456,-54.362329138342396
297183,297.183,19.69,292.84,1019.82,1.213208865953661,-54.52788743570794
297326,297.326,19.69,292.84,1019.77,1.2131493844340813,-54.113986762228045
297469,297.469,19.68,292.83,1019.8,1.213226503017425,-54.362329138342396
297613,297.613,19.67,292.82,1019.79,1.213256038402274,-54.2795490036602
297763,297.763,19.66,292.81,1019.78,1.213285575804498,-54.19676821162536
297907,297.907,19.65,292.79999999999995,1019.81,1.213362706940681,-54.4451086156818
298050,298.05,19.65,292.79999999999995,1019.78,1.2133270131533986,-54.19676821162536
298193,298.193,19.64,292.78999999999996,1019.8,1.2133922500037317,-54.362329138342396
298337,298.337,19.64,292.78999999999996,1019.77,1.213356554997358,-54.113986762228045
298479,298.479,19.64,292.78999999999996,1019.81,1.2134041483391897,-54.4451086156818
298622,298.622,19.63,292.78,1019.79,1.2134217950848891,-54.2795490036602
298803,298.803,19.62,292.77,1019.79,1.2134632413326294,-54.2795490036602
298946,298.946,19.62,292.77,1019.81,1.2134870396291675,-54.4451086156818
299089,299.089,19.61,292.76,1019.81,1.2135284895212164,-54.4451086156818
299233,299.233,19.6,292.75,1019.78,1.2135342423614521,-54.19676821162536
299376,299.376,19.6,292.75,1019.79,1.2135461423226435,-54.2795490036602
299519,299.519,19.59,292.73999999999995,1019.81,1.213611397800886,-54.4451086156818
299662,299.662,19.58,292.72999999999996,1019.77,1.2136052530921888,-54.113986762228045
299805,299.805,19.57,292.71999999999997,1019.81,1.2136943174099184,-54.4451086156818
299957,299.957,19.56,292.71,1019.82,1.2137476830510405,-54.52788743570794
300099,300.099,19.56,292.71,1019.8,1.2137238798763028,-54.362329138342396
300242,300.242,19.55,292.7,1019.82,1.2137891503446192,-54.52788743570794
300386,300.386,19.54,292.69,1019.81,1.2138187180711035,-54.4451086156818
300529,300.529,19.54,292.69,1019.8,1.2138068156704793,-54.362329138342396
300672,300.672,19.53,292.67999999999995,1019.79,1.2138363850107758,-54.2795490036602
300816,300.816,19.53,292.67999999999995,1019.81,1.2138601906253634,-54.4451086156818
300959,300.959,19.52,292.66999999999996,1019.78,1.2138659563717331,-54.19676821162536
301103,301.103,19.51,292.65999999999997,1019.81,1.2139431442364221,-54.4451086156818
301245,301.245,19.5,292.65,1019.78,1.2139489132113963,-54.19676821162536
301388,301.388,19.49,292.64,1019.8,1.2140142047518883,-54.362329138342396
301532,301.532,19.47,292.62,1019.84,1.2141448012205163,-54.693443103800725
301675,301.675,19.46,292.60999999999996,1019.78,1.2141148609115038,-54.19676821162536
301818,301.818,19.45,292.59999999999997,1019.79,1.214168260987539,-54.2795490036602
301962,301.962,19.44,292.59,1019.82,1.2142454776508769,-54.52788743570794
302112,302.112,19.42,292.57,1019.81,1.2143165758356336,-54.4451086156818
302256,302.256,19.41,292.56,1019.81,1.2143580824180726,-54.4451086156818
302433,302.433,19.4,292.54999999999995,1019.83,1.214423408031136,-54.61066559840112
302576,302.576,19.39,292.53999999999996,1019.79,1.2144172870887875,-54.2795490036602
302719,302.719,19.39,292.53999999999996,1019.82,1.2144530125995423,-54.52788743570794
302863,302.863,19.38,292.53,1019.84,1.2145183459239994,-54.693443103800725
303006,303.006,19.39,292.53999999999996,1019.77,1.2143934700816177,-54.113986762228045
303149,303.149,19.39,292.53999999999996,1019.8,1.2144291955923725,-54.362329138342396
303293,303.293,19.39,292.53999999999996,1019.8,1.2144291955923725,-54.362329138342396
303436,303.436,19.4,292.54999999999995,1019.81,1.2143995918380837,-54.4451086156818
303579,303.579,19.39,292.53999999999996,1019.81,1.2144411040959573,-54.4451086156818
303722,303.722,19.4,292.54999999999995,1019.82,1.2144114999346098,-54.52788743570794
303865,303.865,19.39,292.53999999999996,1019.79,1.2144172870887875,-54.2795490036602
304009,304.009,19.39,292.53999999999996,1019.8,1.2144291955923725,-54.362329138342396
304152,304.152,19.38,292.53,1019.86,1.2145421637453424,-54.85899614272905
304295,304.295,19.37,292.52,1019.77,1.2144764998553137,-54.113986762228045
304446,304.446,19.36,292.51,1019.82,1.2145775676245942,-54.52788743570794
304589,304.589,19.37,292.52,1019.81,1.2145241371264575,-54.4451086156818
304733,304.733,19.37,292.52,1019.8,1.2145122278086715,-54.362329138342396
304876,304.876,19.37,292.52,1019.8,1.2145122278086715,-54.362329138342396
305018,305.018,19.37,292.52,1019.8,1.2145122278086715,-54.362329138342396
305162,305.162,19.36,292.51,1019.84,1.2146013870744505,-54.693443103800725
305305,305.305,19.35,292.5,1019.81,1.214607181511902,-54.4451086156818
305448,305.448,19.35,292.5,1019.82,1.2146190916440003,-54.52788743570794
305592,305.592,19.36,292.51,1019.85,1.2146132967993786,-54.776219951906754
305735,305.735,19.37,292.52,1019.82,1.2145360464442434,-54.52788743570794
305878,305.878,19.38,292.53,1019.82,1.2144945281026565,-54.52788743570794
306022,306.022,19.39,292.53999999999996,1019.79,1.2144172870887875,-54.2795490036602
306164,306.164,19.4,292.54999999999995,1019.81,1.2143995918380837,-54.4451086156818
306308,306.308,19.41,292.56,1019.83,1.214381897797063,-54.61066559840112
306451,306.451,19.41,292.56,1019.79,1.214334267039082,-54.2795490036602
306602,306.602,19.42,292.57,1019.79,1.2142927612706491,-54.2795490036602
306745,306.745,19.42,292.57,1019.81,1.2143165758356336,-54.4451086156818
306888,306.888,19.42,292.57,1019.8,1.2143046685531413,-54.362329138342396
307031,307.031,19.43,292.58,1019.8,1.2142631652149587,-54.362329138342396
307175,307.175,19.43,292.58,1019.83,1.2142988858415094,-54.61066559840112
307318,307.318,19.44,292.59,1019.81,1.2142335711823073,-54.4451086156818
307462,307.462,19.45,292.59999999999997,1019.84,1.2142277912957882,-54.693443103800725
307605,307.605,19.45,292.59999999999997,1019.81,1.2141920731108387,-54.4451086156818
307748,307.748,19.45,292.59999999999997,1019.84,1.2142277912957882,-54.693443103800725
307925,307.925,19.46,292.60999999999996,1019.8,1.21413867222102,-54.362329138342396
308069,308.069,19.46,292.60999999999996,1019.81,1.2141505778757777,-54.4451086156818
308212,308.212,19.46,292.60999999999996,1019.78,1.2141148609115038,-54.19676821162536
308356,308.356,19.46,292.60999999999996,1019.82,1.2141624835305358,-54.52788743570794
308498,308.498,19.46,292.60999999999996,1019.82,1.2141624835305358,-54.52788743570794
308641,308.641,19.45,292.59999999999997,1019.81,1.2141920731108387,-54.4451086156818
308829,308.829,19.44,292.59,1019.79,1.2142097582451685,-54.2795490036602
308972,308.972,19.43,292.58,1019.79,1.2142512583394418,-54.2795490036602
309115,309.115,19.43,292.58,1019.82,1.2142869789659925,-54.52788743570794
309259,309.259,19.43,292.58,1019.8,1.2142631652149587,-54.362329138342396
309402,309.402,19.44,292.59,1019.81,1.2142335711823073,-54.4451086156818
309545,309.545,19.43,292.58,1019.8,1.2142631652149587,-54.362329138342396
309689,309.689,19.44,292.59,1019.82,1.2142454776508769,-54.52788743570794
309831,309.831,19.45,292.59999999999997,1019.79,1.214168260987539,-54.2795490036602
309975,309.975,19.46,292.60999999999996,1019.82,1.2141624835305358,-54.52788743570794
310118,310.118,19.46,292.60999999999996,1019.82,1.2141624835305358,-54.52788743570794
310261,310.261,19.46,292.60999999999996,1019.83,1.2141743891852939,-54.61066559840112
310405,310.405,19.46,292.60999999999996,1019.86,1.2142101061495678,-54.85899614272905
310583,310.583,19.44,292.59,1019.84,1.214269290588016,-54.693443103800725
310726,310.726,19.42,292.57,1019.82,1.2143284831181258,-54.52788743570794
310869,310.869,19.4,292.54999999999995,1019.8,1.2143876837415573,-54.362329138342396
311020,311.02,19.39,292.53999999999996,1019.81,1.2144411040959573,-54.4451086156818
311163,311.163,19.39,292.53999999999996,1019.8,1.2144291955923725,-54.362329138342396
311307,311.307,19.38,292.53,1019.8,1.2144707102813133,-54.362329138342396
311450,311.45,19.39,292.53999999999996,1019.79,1.2144172870887875,-54.2795490036602
311593,311.593,19.4,292.54999999999995,1019.79,1.214375775645031,-54.2795490036602
311737,311.737,19.4,292.54999999999995,1019.79,1.214375775645031,-54.2795490036602
311879,311.879,19.4,292.54999999999995,1019.77,1.2143519594519787,-54.113986762228045
312022,312.022,19.41,292.56,1019.8,1.2143461747285773,-54.362329138342396
312166,312.166,19.42,292.57,1019.8,1.2143046685531413,-54.362329138342396
312309,312.309,19.42,292.57,1019.78,1.2142808539881569,-54.19676821162536
312453,312.453,19.42,292.57,1019.79,1.2142927612706491,-54.2795490036602
312596,312.596,19.42,292.57,1019.78,1.2142808539881569,-54.19676821162536
312739,312.739,19.42,292.57,1019.8,1.2143046685531413,-54.362329138342396
312883,312.883,19.42,292.57,1019.77,1.2142689467056649,-54.113986762228045
313026,313.026,19.42,292.57,1019.78,1.2142808539881569,-54.19676821162536
313168,313.168,19.42,292.57,1019.79,1.2142927612706491,-54.2795490036602
313320,313.32,19.43,292.58,1019.77,1.214227444588408,-54.113986762228045
313463,313.463,19.43,292.58,1019.8,1.2142631652149587,-54.362329138342396
313606,313.606,19.43,292.58,1019.79,1.2142512583394418,-54.2795490036602
313749,313.749,19.43,292.58,1019.78,1.214239351463925,-54.19676821162536
313892,313.892,19.44,292.59,1019.82,1.2142454776508769,-54.52788743570794
314036,314.036,19.43,292.58,1019.78,1.214239351463925,-54.19676821162536
314179,314.179,19.43,292.58,1019.8,1.2142631652149587,-54.362329138342396
314322,314.322,19.42,292.57,1019.8,1.2143046685531413,-54.362329138342396
314466,314.466,19.42,292.57,1019.78,1.2142808539881569,-54.19676821162536
314609,314.609,19.42,292.57,1019.8,1.2143046685531413,-54.362329138342396
314752,314.752,19.42,292.57,1019.79,1.2142927612706491,-54.2795490036602
314896,314.896,19.43,292.58,1019.81,1.2142750720904756,-54.4451086156818
315038,315.038,19.43,292.58,1019.8,1.2142631652149587,-54.362329138342396
315181,315.181,19.43,292.58,1019.81,1.2142750720904756,-54.4451086156818
315325,315.325,19.42,292.57,1019.82,1.2143284831181258,-54.52788743570794
315476,315.476,19.43,292.58,1019.79,1.2142512583394418,-54.2795490036602
315619,315.619,19.42,292.57,1019.8,1.2143046685531413,-54.362329138342396
315762,315.762,19.43,292.58,1019.81,1.2142750720904756,-54.4451086156818
315905,315.905,19.43,292.58,1019.82,1.2142869789659925,-54.52788743570794
316049,316.049,19.43,292.58,1019.8,1.2142631652149587,-54.362329138342396
316192,316.192,19.43,292.58,1019.76,1.214215537712891,-54.031204655468244
316336,316.336,19.44,292.59,1019.77,1.2141859453080295,-54.113986762228045
316479,316.479,19.44,292.59,1019.81,1.2142335711823073,-54.4451086156818
316622,316.622,19.44,292.59,1019.82,1.2142454776508769,-54.52788743570794
316766,316.766,19.44,292.59,1019.8,1.214221664713738,-54.362329138342396
316908,316.908,19.44,292.59,1019.8,1.214221664713738,-54.362329138342396
317086,317.086,19.45,292.59999999999997,1019.8,1.2141801670491887,-54.362329138342396
317229,317.229,19.45,292.59999999999997,1019.79,1.214168260987539,-54.2795490036602
317373,317.373,19.45,292.59999999999997,1019.8,1.2141801670491887,-54.362329138342396
317515,317.515,19.45,292.59999999999997,1019.82,1.2142039791724883,-54.52788743570794
317667,317.667,19.44,292.59,1019.8,1.214221664713738,-54.362329138342396
317810,317.81,19.43,292.58,1019.81,1.2142750720904756,-54.4451086156818
317953,317.953,19.44,292.59,1019.82,1.2142454776508769,-54.52788743570794
318096,318.096,19.44,292.59,1019.79,1.2142097582451685,-54.2795490036602
318239,318.239,19.44,292.59,1019.81,1.2142335711823073,-54.4451086156818
318383,318.383,19.45,292.59999999999997,1019.79,1.214168260987539,-54.2795490036602
318526,318.526,19.45,292.59999999999997,1019.8,1.2141801670491887,-54.362329138342396
318704,318.704,19.45,292.59999999999997,1019.79,1.214168260987539,-54.2795490036602
318847,318.847,19.45,292.59999999999997,1019.79,1.214168260987539,-54.2795490036602
318991,318.991,19.44,292.59,1019.81,1.2142335711823073,-54.4451086156818
319133,319.133,19.43,292.58,1019.76,1.214215537712891,-54.031204655468244
319276,319.276,19.43,292.58,1019.79,1.2142512583394418,-54.2795490036602
319420,319.42,19.43,292.58,1019.82,1.2142869789659925,-54.52788743570794
319563,319.563,19.42,292.57,1019.8,1.2143046685531413,-54.362329138342396
319707,319.707,19.42,292.57,1019.78,1.2142808539881569,-54.19676821162536
319850,319.85,19.42,292.57,1019.79,1.2142927612706491,-54.2795490036602
320000,320.0,19.42,292.57,1019.79,1.2142927612706491,-54.2795490036602
320144,320.144,19.42,292.57,1019.79,1.2142927612706491,-54.2795490036602
320287,320.287,19.42,292.57,1019.8,1.2143046685531413,-54.362329138342396
320431,320.431,19.43,292.58,1019.8,1.2142631652149587,-54.362329138342396
320574,320.574,19.43,292.58,1019.77,1.214227444588408,-54.113986762228045
320716,320.716,19.43,292.58,1019.8,1.2142631652149587,-54.362329138342396
320860,320.86,19.42,292.57,1019.77,1.2142689467056649,-54.113986762228045
321003,321.003,19.42,292.57,1019.8,1.2143046685531413,-54.362329138342396
321146,321.146,19.42,292.57,1019.8,1.2143046685531413,-54.362329138342396
321290,321.29,19.41,292.56,1019.79,1.214334267039082,-54.2795490036602
321433,321.433,19.41,292.56,1019.8,1.2143461747285773,-54.362329138342396
321576,321.576,19.4,292.54999999999995,1019.82,1.2144114999346098,-54.52788743570794
321720,321.72,19.38,292.53,1019.79,1.2144588013706419,-54.2795490036602
321863,321.863,19.38,292.53,1019.81,1.2144826191919849,-54.4451086156818
322005,322.005,19.37,292.52,1019.82,1.2145360464442434,-54.52788743570794
322157,322.157,19.36,292.51,1019.83,1.2145894773495223,-54.61066559840112
322300,322.3,19.36,292.51,1019.83,1.2145894773495223,-54.61066559840112
322444,322.444,19.36,292.51,1019.82,1.2145775676245942,-54.52788743570794
322587,322.587,19.36,292.51,1019.82,1.2145775676245942,-54.52788743570794
322729,322.729,19.36,292.51,1019.81,1.214565657899666,-54.4451086156818
322873,322.873,19.36,292.51,1019.83,1.2145894773495223,-54.61066559840112
323016,323.016,19.36,292.51,1019.82,1.2145775676245942,-54.52788743570794
323159,323.159,19.35,292.5,1019.85,1.2146548220402948,-54.776219951906754
323303,323.303,19.34,292.48999999999995,1019.82,1.2146606185027524,-54.52788743570794
323446,323.446,19.34,292.48999999999995,1019.8,1.21463679742416,-54.362329138342396
323590,323.59,19.32,292.46999999999997,1019.82,1.2147436807394607,-54.52788743570794
323732,323.732,19.31,292.46,1019.83,1.2147971278790564,-54.61066559840112
323875,323.875,19.3,292.45,1019.83,1.2148386665054156,-54.61066559840112
324019,324.019,19.29,292.44,1019.85,1.2149040331240126,-54.776219951906754
324162,324.162,19.29,292.44,1019.81,1.2148563828211987,-54.4451086156818
324349,324.349,19.29,292.44,1019.82,1.214868295396902,-54.52788743570794
324493,324.493,19.28,292.42999999999995,1019.83,1.2149217522809181,-54.61066559840112
324636,324.636,19.28,292.42999999999995,1019.84,1.2149336652639866,-54.693443103800725
324779,324.779,19.27,292.41999999999996,1019.81,1.2149394726497207,-54.4451086156818
324923,324.923,19.26,292.40999999999997,1019.83,1.2150048494220747,-54.61066559840112
325066,325.066,19.26,292.40999999999997,1019.84,1.2150167632199569,-54.693443103800725
325209,325.209,19.26,292.40999999999997,1019.83,1.2150048494220747,-54.61066559840112
325352,325.352,19.25,292.4,1019.8,1.2150106596395096,-54.362329138342396
325496,325.496,19.26,292.40999999999997,1019.82,1.2149929356241924,-54.52788743570794
325639,325.639,19.26,292.40999999999997,1019.83,1.2150048494220747,-54.61066559840112
325782,325.782,19.26,292.40999999999997,1019.81,1.2149810218263102,-54.4451086156818
325925,325.925,19.26,292.40999999999997,1019.83,1.2150048494220747,-54.61066559840112
326069,326.069,19.26,292.40999999999997,1019.84,1.2150167632199569,-54.693443103800725
326247,326.247,19.25,292.4,1019.81,1.2150225738448404,-54.4451086156818
326389,326.389,19.25,292.4,1019.8,1.2150106596395096,-54.362329138342396
326541,326.541,19.25,292.4,1019.85,1.2150702306661638,-54.776219951906754
326684,326.684,19.24,292.39,1019.84,1.2150998725440254,-54.693443103800725
326861,326.861,19.25,292.4,1019.82,1.2150344880501711,-54.52788743570794
327005,327.005,19.24,292.39,1019.82,1.2150760433184107,-54.52788743570794
327148,327.148,19.24,292.39,1019.8,1.215052214092796,-54.362329138342396
327291,327.291,19.24,292.39,1019.81,1.2150641287056032,-54.4451086156818
327435,327.435,19.24,292.39,1019.81,1.2150641287056032,-54.4451086156818
327578,327.578,19.24,292.39,1019.8,1.215052214092796,-54.362329138342396
327721,327.721,19.24,292.39,1019.83,1.215087957931218,-54.61066559840112
327865,327.865,19.24,292.39,1019.81,1.2150641287056032,-54.4451086156818
328007,328.007,19.24,292.39,1019.8,1.215052214092796,-54.362329138342396
328150,328.15,19.23,292.38,1019.81,1.21510568640889,-54.4451086156818
328294,328.294,19.23,292.38,1019.83,1.2151295164495135,-54.61066559840112
328437,328.437,19.23,292.38,1019.8,1.2150937713885785,-54.362329138342396
328581,328.581,19.23,292.38,1019.8,1.2150937713885785,-54.362329138342396
328724,328.724,19.24,292.39,1019.82,1.2150760433184107,-54.52788743570794
328874,328.874,19.24,292.39,1019.81,1.2150641287056032,-54.4451086156818
329018,329.018,19.24,292.39,1019.79,1.2150402994799887,-54.2795490036602
329161,329.161,19.24,292.39,1019.82,1.2150760433184107,-54.52788743570794
329305,329.305,19.24,292.39,1019.83,1.215087957931218,-54.61066559840112
329448,329.448,19.24,292.39,1019.81,1.2150641287056032,-54.4451086156818
329590,329.59,19.24,292.39,1019.82,1.2150760433184107,-54.52788743570794
329734,329.734,19.24,292.39,1019.83,1.215087957931218,-54.61066559840112
329878,329.878,19.24,292.39,1019.84,1.2150998725440254,-54.693443103800725
330020,330.02,19.24,292.39,1019.84,1.2150998725440254,-54.693443103800725
330164,330.164,19.23,292.38,1019.84,1.2151414314698252,-54.693443103800725
330307,330.307,19.23,292.38,1019.83,1.2151295164495135,-54.61066559840112
330450,330.45,19.23,292.38,1019.83,1.2151295164495135,-54.61066559840112
330594,330.594,19.22,292.37,1019.82,1.215159162382837,-54.52788743570794
330737,330.737,19.22,292.37,1019.82,1.215159162382837,-54.52788743570794
330880,330.88,19.21,292.35999999999996,1019.83,1.2152126420150118,-54.61066559840112
331031,331.031,19.2,292.34999999999997,1019.8,1.2152184603338212,-54.362329138342396
331174,331.174,19.2,292.34999999999997,1019.82,1.2152422928198054,-54.52788743570794
331318,331.318,19.19,292.34,1019.83,1.21529577895433,-54.61066559840112
331461,331.461,19.2,292.34999999999997,1019.86,1.2152899577917737,-54.85899614272905
331603,331.603,19.2,292.34999999999997,1019.83,1.2152542090627974,-54.61066559840112
331747,331.747,19.2,292.34999999999997,1019.85,1.2152780415487816,-54.776219951906754
331890,331.89,19.2,292.34999999999997,1019.85,1.2152780415487816,-54.776219951906754
332033,332.033,19.2,292.34999999999997,1019.84,1.2152661253057895,-54.693443103800725
332177,332.177,19.19,292.34,1019.82,1.2152838623037219,-54.52788743570794
332320,332.32,19.2,292.34999999999997,1019.83,1.2152542090627974,-54.61066559840112
332464,332.464,19.2,292.34999999999997,1019.84,1.2152661253057895,-54.693443103800725
332607,332.607,19.2,292.34999999999997,1019.81,1.2152303765768133,-54.4451086156818
332750,332.75,19.21,292.35999999999996,1019.83,1.2152126420150118,-54.61066559840112
332894,332.894,19.21,292.35999999999996,1019.83,1.2152126420150118,-54.61066559840112
333036,333.036,19.21,292.35999999999996,1019.85,1.2152364736858199,-54.776219951906754
333188,333.188,19.2,292.34999999999997,1019.81,1.2152303765768133,-54.4451086156818
333331,333.331,19.2,292.34999999999997,1019.83,1.2152542090627974,-54.61066559840112
333474,333.474,19.2,292.34999999999997,1019.84,1.2152661253057895,-54.693443103800725
333617,333.617,19.2,292.34999999999997,1019.87,1.2153018740347659,-54.94177167628729
333760,333.76,19.2,292.34999999999997,1019.83,1.2152542090627974,-54.61066559840112
333903,333.903,19.19,292.34,1019.82,1.2152838623037219,-54.52788743570794
334047,334.047,19.2,292.34999999999997,1019.83,1.2152542090627974,-54.61066559840112
334190,334.19,19.2,292.34999999999997,1019.85,1.2152780415487816,-54.776219951906754
334333,334.333,19.2,292.34999999999997,1019.84,1.2152661253057895,-54.693443103800725
334477,334.477,19.19,292.34,1019.84,1.2153076956049378,-54.693443103800725
334620,334.62,19.19,292.34,1019.84,1.2153076956049378,-54.693443103800725
334763,334.763,19.19,292.34,1019.84,1.2153076956049378,-54.693443103800725
334812,334.812,19.19,292.34,1019.81,1.2152719456531138,-54.4451086156818
334823,334.823,19.19,292.34,1019.78,1.21523619570129,-54.19676821162536
334837,334.837,19.19,292.34,1018.75,1.2140087806886672,-45.66682367532885
334843,334.843,19.19,292.34,1018.7,1.2139491974356273,-45.25257098831481
334848,334.848,19.19,292.34,1018.67,1.2139134474838034,-45.004011472709955
334858,334.858,19.18,292.33,1018.64,1.2139192217579409,-44.75544602917833
334868,334.868,19.18,292.33,1018.61,1.2138834705831856,-44.50687465739509
334876,334.876,19.18,292.33,1018.59,1.213859636466682,-44.34115711592211
334889,334.889,19.17,292.32,1018.57,1.21387732656345,-44.175436939427826
334905,334.905,19.17,292.32,1018.55,1.213853491631603,-44.0097141278335
334918,334.918,19.17,292.32,1018.51,1.2138058217679093,-43.67826059896082
334920,334.92,19.15,292.29999999999995,1018.49,1.2138650372628046,-43.51252988149543
334929,334.929,19.13,292.28,1018.47,1.2139242608616405,-43.346796528546115
334937,334.937,19.13,292.28,1018.42,1.2138646653771952,-42.932451615343666
334955,334.955,19.12,292.27,1018.36,1.2138346806535538,-42.435215973973044
334961,334.961,19.11,292.26,1018.4,1.2139238930033844,-42.76670903748691
335030,335.03,19.11,292.26,1018.44,1.2139715726535416,-43.09819155740149
335173,335.173,19.1,292.25,1018.48,1.214060792740048,-43.42966353445504
335216,335.216,19.1,292.25,1018.52,1.2141084740216732,-43.76112496941533
335361,335.361,19.11,292.26,1018.53,1.2140788518663954,-43.84398868104069
335403,335.403,19.11,292.26,1018.59,1.2141503713416313,-44.34115711592211
335546,335.546,19.11,292.26,1018.6,1.2141622912541705,-44.424016216028875
335690,335.69,19.11,292.26,1018.64,1.2142099709043277,-44.75544602917833
335733,335.733,19.12,292.27,1018.72,1.2142637828227625,-45.41827403891293
335833,335.833,19.12,292.27,1018.75,1.2142995413368631,-45.66682367532885
335953,335.953,19.12,292.27,1018.78,1.214335299850964,-45.91536738466452
336276,336.276,19.11,292.26,1018.8,1.2144006895049568,-46.08105989821906
336376,336.376,19.11,292.26,1018.8,1.2144006895049568,-46.08105989821906
336476,336.476,19.11,292.26,1018.8,1.2144006895049568,-46.08105989821906
336576,336.576,19.11,292.26,1018.8,1.2144006895049568,-46.08105989821906
336676,336.676,19.11,292.26,1018.8,1.2144006895049568,-46.08105989821906
336776,336.776,19.11,292.26,1018.8,1.2144006895049568,-46.08105989821906
336876,336.876,19.11,292.26,1018.8,1.2144006895049568,-46.08105989821906
336976,336.976,19.11,292.26,1018.8,1.2144006895049568,-46.08105989821906
337420,337.42,19.1,292.25,1018.85,1.2145018445950808,-46.49527965843243
337563,337.563,19.09,292.23999999999995,1018.87,1.2145672444230424,-46.66096295329073
337714,337.714,19.08,292.22999999999996,1018.92,1.2146684121355904,-47.07515966822523
337857,337.857,19.07,292.21999999999997,1018.96,1.2147576652280425,-47.40650518950479
338000,338.0,19.07,292.21999999999997,1019.0,1.2148053514047414,-47.737840177658434
338144,338.144,19.06,292.21,1019.04,1.2148946122379398,-48.069164633453966
338286,338.286,19.07,292.21999999999997,1019.09,1.2149126453023138,-48.483305393190385
338429,338.429,19.08,292.22999999999996,1019.15,1.2149425982687423,-48.98025258547474
338573,338.573,19.09,292.23999999999995,1019.24,1.2150083113701864,-49.725628953095644
338716,338.716,19.09,292.23999999999995,1019.23,1.2149963906418852,-49.64281198881956
338859,338.859,19.08,292.22999999999996,1019.3,1.2151214153121024,-50.22251692132387
339003,339.003,19.07,292.21999999999997,1019.34,1.215210683906682,-50.55376240820041
339146,339.146,19.05,292.2,1019.38,1.2153415499855085,-50.88499736906784
339290,339.29,19.05,292.2,1019.46,1.2154369288667881,-51.54743571577757
339433,339.433,19.04,292.19,1019.48,1.2155023718886784,-51.7130387248559
339576,339.576,19.02,292.16999999999996,1019.52,1.2156332713718312,-52.04423685057776
339719,339.719,19.01,292.15999999999997,1019.6,1.215770271788807,-52.70660153483171
339870,339.87,19.01,292.15999999999997,1019.66,1.2158418157436004,-53.20334742966569
340013,340.013,19.0,292.15,1019.66,1.2158834327833312,-53.20334742966569
340157,340.157,19.01,292.15999999999997,1019.71,1.2159014357059281,-53.61728426061187
340300,340.3,19.0,292.15,1019.77,1.2160146011900612,-54.113986762228045
340443,340.443,18.98,292.13,1019.82,1.2161574788822442,-54.52788743570794
340586,340.586,18.97,292.12,1019.85,1.2162348878775375,-54.776219951906754
340729,340.729,18.95,292.09999999999997,1019.89,1.2163658688851122,-55.10732077164116
340873,340.873,18.92,292.07,1019.84,1.2164311696961259,-54.693443103800725
341016,341.016,18.89,292.03999999999996,1019.88,1.2166038439518645,-55.024546552591325
341159,341.159,18.88,292.03,1019.88,1.2166455041869073,-55.024546552591325
341303,341.303,18.87,292.02,1019.86,1.2166633078570817,-54.85899614272905
341446,341.446,18.87,292.02,1019.84,1.2166394484389684,-54.693443103800725
341589,341.589,18.86,292.01,1019.85,1.2166930428642386,-54.776219951906754
341733,341.733,18.86,292.01,1019.85,1.2166930428642386,-54.776219951906754
341875,341.875,18.85,292.0,1019.85,1.2167347104341995,-54.776219951906754
342112,342.112,18.84,291.98999999999995,1019.87,1.2168002427277091,-54.94177167628729
342254,342.254,18.83,291.97999999999996,1019.9,1.2168777108534146,-55.19009433346632
342397,342.397,18.82,291.96999999999997,1019.88,1.2168955255255764,-55.024546552591325
342541,342.541,18.8,291.95,1019.88,1.2169788888087087,-55.024546552591325
342684,342.684,18.78,291.92999999999995,1019.85,1.2170264633534968,-54.776219951906754
342827,342.827,18.76,291.90999999999997,1019.86,1.217121781235398,-54.85899614272905
342971,342.971,18.76,291.90999999999997,1019.85,1.2171098470308872,-54.776219951906754
343114,343.114,18.74,291.89,1019.88,1.217229047201694,-55.024546552591325
343258,343.258,18.73,291.88,1019.87,1.217258814835082,-54.94177167628729
343401,343.401,18.73,291.88,1019.89,1.2172826856973458,-55.10732077164116
343544,343.544,18.73,291.88,1019.89,1.2172826856973458,-55.10732077164116
343687,343.687,18.73,291.88,1019.88,1.217270750266214,-55.024546552591325
343830,343.83,18.73,291.88,1019.88,1.217270750266214,-55.024546552591325
343973,343.973,18.74,291.89,1019.89,1.2172409822239243,-55.10732077164116
344117,344.117,18.74,291.89,1019.87,1.217217112179464,-54.94177167628729
344260,344.26,18.74,291.89,1019.93,1.2172887223128446,-55.43841107563312
344412,344.412,18.74,291.89,1019.9,1.2172529172461544,-55.19009433346632
344554,344.554,18.74,291.89,1019.88,1.217229047201694,-55.024546552591325
344697,344.697,18.73,291.88,1019.88,1.217270750266214,-55.024546552591325
344841,344.841,18.73,291.88,1019.89,1.2172826856973458,-55.10732077164116
344984,344.984,18.73,291.88,1019.89,1.2172826856973458,-55.10732077164116
345127,345.127,18.73,291.88,1019.86,1.2172468794039504,-54.85899614272905
345271,345.271,18.73,291.88,1019.88,1.217270750266214,-55.024546552591325
345416,345.416,18.72,291.87,1019.87,1.2173005203483185,-54.94177167628729
345559,345.559,18.71,291.85999999999996,1019.86,1.2173302924704483,-54.85899614272905
345703,345.703,18.71,291.85999999999996,1019.85,1.2173183562214291,-54.776219951906754
345846,345.846,18.71,291.85999999999996,1019.88,1.2173541649684867,-55.024546552591325
345990,345.99,18.71,291.85999999999996,1019.87,1.2173422287194675,-54.94177167628729
346133,346.133,18.71,291.85999999999996,1019.84,1.21730641997241,-54.693443103800725
346276,346.276,18.72,291.87,1019.86,1.217288584508257,-54.85899614272905
346420,346.42,18.71,291.85999999999996,1019.85,1.2173183562214291,-54.776219951906754
346572,346.572,18.71,291.85999999999996,1019.8,1.2172586749763332,-54.362329138342396
346716,346.716,18.71,291.85999999999996,1019.8,1.2172586749763332,-54.362329138342396
346859,346.859,18.7,291.84999999999997,1019.78,1.217276510026778,-54.19676821162536
347002,347.002,18.7,291.84999999999997,1019.77,1.217264573368773,-54.113986762228045
347146,347.146,18.7,291.84999999999997,1019.79,1.2172884466847829,-54.2795490036602
347289,347.289,18.7,291.84999999999997,1019.77,1.217264573368773,-54.113986762228045
347432,347.432,18.69,291.84,1019.76,1.2172943462994712,-54.031204655468244
347576,347.576,18.67,291.82,1019.81,1.2174374634782787,-54.4451086156818
347721,347.721,18.65,291.79999999999995,1019.81,1.2175209067588464,-54.4451086156818
347865,347.865,18.64,291.78999999999996,1019.81,1.2175626326886848,-54.4451086156818
348008,348.008,18.62,291.77,1019.78,1.2176102733362413,-54.19676821162536
348151,348.151,18.6,291.75,1019.75,1.2176579205155058,-53.94842189130659
348295,348.295,18.6,291.75,1019.79,1.2177056835131235,-54.2795490036602
348438,348.438,18.6,291.75,1019.77,1.2176818020143148,-54.113986762228045
348581,348.581,18.6,291.75,1019.78,1.2176937427637191,-54.19676821162536
348734,348.734,18.59,291.73999999999995,1019.76,1.2177115994516956,-54.031204655468244
348877,348.877,18.59,291.73999999999995,1019.78,1.2177354817690929,-54.19676821162536
349021,349.021,18.59,291.73999999999995,1019.77,1.2177235406103941,-54.113986762228045
349164,349.164,18.59,291.73999999999995,1019.79,1.2177474229277914,-54.2795490036602
349307,349.307,18.59,291.73999999999995,1019.78,1.2177354817690929,-54.19676821162536
349451,349.451,18.59,291.73999999999995,1019.8,1.21775936408649,-54.362329138342396
349594,349.594,18.59,291.73999999999995,1019.78,1.2177354817690929,-54.19676821162536
349737,349.737,18.58,291.72999999999996,1019.78,1.217777223635948,-54.19676821162536
349883,349.883,18.57,291.71999999999997,1019.8,1.2178428523193219,-54.362329138342396
350026,350.026,18.57,291.71999999999997,1019.79,1.2178309103419507,-54.2795490036602
350206,350.206,18.56,291.71,1019.81,1.2178965431155304,-54.4451086156818
350350,350.35,18.55,291.7,1019.79,1.217914409204504,-54.2795490036602
350493,350.493,18.53,291.67999999999995,1019.78,1.2179859759027536,-54.19676821162536
350636,350.636,18.51,291.65999999999997,1019.81,1.2181053301523395,-54.4451086156818
350780,350.78,18.5,291.65,1019.81,1.2181470961502876,-54.4451086156818
350923,350.923,18.48,291.63,1019.79,1.218206745413551,-54.2795490036602
351077,351.077,18.48,291.63,1019.79,1.218206745413551,-54.2795490036602
351256,351.256,18.49,291.64,1019.78,1.2181530292528977,-54.19676821162536
351399,351.399,18.5,291.65,1019.74,1.2180634822450203,-53.865638469762764
351543,351.543,18.5,291.65,1019.76,1.2180873719322396,-54.031204655468244
351686,351.686,18.51,291.65999999999997,1019.73,1.2180097746798375,-53.78285439079739
351829,351.829,18.5,291.65,1019.75,1.2180754270886298,-53.94842189130659
351973,351.973,18.5,291.65,1019.73,1.2180515374014107,-53.78285439079739
352118,352.118,18.51,291.65999999999997,1019.76,1.2180456079820259,-54.031204655468244
352262,352.262,18.5,291.65,1019.75,1.2180754270886298,-53.94842189130659
352405,352.405,18.5,291.65,1019.76,1.2180873719322396,-54.031204655468244
352548,352.548,18.5,291.65,1019.78,1.2181112616194587,-54.19676821162536
352692,352.692,18.5,291.65,1019.74,1.2180634822450203,-53.865638469762764
352835,352.835,18.49,291.64,1019.76,1.2181291387465287,-54.031204655468244
352978,352.978,18.48,291.63,1019.77,1.2181828540879758,-54.113986762228045
353122,353.122,18.47,291.62,1019.75,1.2182007348960937,-53.94842189130659
353275,353.275,18.47,291.62,1019.77,1.2182246270409312,-54.113986762228045
353419,353.419,18.46,291.60999999999996,1019.77,1.2182664028588746,-54.113986762228045
353562,353.562,18.44,291.59,1019.75,1.2183260684879416,-53.94842189130659
353705,353.705,18.43,291.58,1019.8,1.21842759063925,-54.362329138342396
353849,353.849,18.42,291.57,1019.79,1.218457431028411,-54.2795490036602
353992,353.992,18.42,291.57,1019.77,1.2184335347864197,-54.113986762228045
354135,354.135,18.42,291.57,1019.79,1.218457431028411,-54.2795490036602
354281,354.281,18.41,291.56,1019.79,1.2184992219953141,-54.2795490036602
354424,354.424,18.41,291.56,1019.75,1.2184514278721321,-53.94842189130659
354568,354.568,18.4,291.54999999999995,1019.77,1.2185171179477838,-54.113986762228045
354711,354.711,18.39,291.53999999999996,1019.77,1.2185589138288964,-54.113986762228045
354854,354.854,18.39,291.53999999999996,1019.76,1.218546964478417,-54.031204655468244
354998,354.998,18.38,291.53,1019.78,1.2186126623377187,-54.19676821162536
355141,355.141,18.38,291.53,1019.76,1.2185887628169918,-54.031204655468244
355284,355.284,18.37,291.52,1019.79,1.2186664145340076,-54.2795490036602
355437,355.437,18.36,291.51,1019.77,1.2186843186774943,-54.113986762228045
355580,355.58,18.35,291.5,1019.76,1.2187141750395802,-54.031204655468244
355724,355.724,18.34,291.48999999999995,1019.79,1.218791839050924,-54.2795490036602
355867,355.867,18.34,291.48999999999995,1019.75,1.2187440334502004,-53.94842189130659
356010,356.01,18.33,291.47999999999996,1019.79,1.2188336529605939,-54.2795490036602
356154,356.154,18.33,291.47999999999996,1019.8,1.2188456047707994,-54.362329138342396
356297,356.297,18.33,291.47999999999996,1019.79,1.2188336529605939,-54.2795490036602
356441,356.441,18.34,291.48999999999995,1019.77,1.2187679362505623,-54.113986762228045
356587,356.587,18.33,291.47999999999996,1019.77,1.2188097493401826,-54.113986762228045
356730,356.73,18.33,291.47999999999996,1019.8,1.2188456047707994,-54.362329138342396
356874,356.874,18.34,291.48999999999995,1019.77,1.2187679362505623,-54.113986762228045
357017,357.017,18.34,291.48999999999995,1019.78,1.2187798876507432,-54.19676821162536
357160,357.16,18.36,291.51,1019.8,1.218720170418142,-54.362329138342396
357304,357.304,18.36,291.51,1019.8,1.218720170418142,-54.362329138342396
357447,357.447,18.37,291.52,1019.83,1.2187142152151098,-54.61066559840112
357601,357.601,18.37,291.52,1019.75,1.2186186138529052,-53.94842189130659
357744,357.744,18.38,291.53,1019.77,1.2186007125773552,-54.113986762228045
357887,357.887,18.38,291.53,1019.78,1.2186126623377187,-54.19676821162536
358031,358.031,18.39,291.53999999999996,1019.78,1.2185708631793757,-54.19676821162536
358174,358.174,18.39,291.53999999999996,1019.78,1.2185708631793757,-54.19676821162536
358354,358.354,18.38,291.53,1019.79,1.2186246120980821,-54.2795490036602
358498,358.498,18.38,291.53,1019.83,1.2186724111395355,-54.61066559840112
358641,358.641,18.37,291.52,1019.79,1.2186664145340076,-54.2795490036602
358788,358.788,18.37,291.52,1019.79,1.2186664145340076,-54.2795490036602
358931,358.931,18.35,291.5,1019.79,1.2187500280101333,-54.2795490036602
359074,359.074,18.34,291.48999999999995,1019.79,1.218791839050924,-54.2795490036602
359218,359.218,18.33,291.47999999999996,1019.79,1.2188336529605939,-54.2795490036602
359361,359.361,18.32,291.46999999999997,1019.8,1.218887421959696,-54.362329138342396
359504,359.504,18.31,291.46,1019.78,1.2189053367574114,-54.19676821162536
359648,359.648,18.3,291.45,1019.78,1.2189471588653802,-54.19676821162536
359791,359.791,18.29,291.44,1019.8,1.2190128907445532,-54.362329138342396
359944,359.944,18.28,291.42999999999995,1019.78,1.2190308116917103,-54.19676821162536
360087,360.087,18.27,291.41999999999996,1019.8,1.2190965509525518,-54.362329138342396
360230,360.23,18.26,291.40999999999997,1019.83,1.2191742494063649,-54.61066559840112
360411,360.411,18.25,291.4,1019.79,1.219168267553033,-54.2795490036602
360554,360.554,18.23,291.38,1019.78,1.2192399939986105,-54.19676821162536
360697,360.697,18.23,291.38,1019.78,1.2192399939986105,-54.19676821162536
360841,360.841,18.22,291.37,1019.78,1.2192818390751108,-54.19676821162536
360987,360.987,18.22,291.37,1019.79,1.2192937953974459,-54.2795490036602
361130,361.13,18.21,291.35999999999996,1019.79,1.219335643756706,-54.2795490036602
361274,361.274,18.2,291.34999999999997,1019.8,1.219389452131775,-54.362329138342396
361417,361.417,18.2,291.34999999999997,1019.79,1.2193774949886869,-54.2795490036602
361561,361.561,18.19,291.34,1019.78,1.2194073915401769,-54.19676821162536
361704,361.704,18.19,291.34,1019.76,1.2193834764331628,-54.031204655468244
361847,361.847,18.2,291.34999999999997,1019.77,1.2193535807025104,-54.113986762228045
361991,361.991,18.21,291.35999999999996,1019.77,1.219311730291311,-54.113986762228045
362144,362.144,18.21,291.35999999999996,1019.77,1.219311730291311,-54.113986762228045
362288,362.288,18.22,291.37,1019.77,1.219269882752776,-54.113986762228045
362431,362.431,18.22,291.37,1019.79,1.2192937953974459,-54.2795490036602
362574,362.574,18.22,291.37,1019.8,1.2193057517197807,-54.362329138342396
362718,362.718,18.2,291.34999999999997,1019.79,1.2193774949886869,-54.2795490036602
362861,362.861,18.19,291.34,1019.81,1.2194432642006978,-54.4451086156818
363004,363.004,18.17,291.32,1019.81,1.21952698267277,-54.4451086156818
363148,363.148,18.16,291.31,1019.82,1.2195808050045316,-54.52788743570794
363294,363.294,18.15,291.29999999999995,1019.8,1.2195987534452202,-54.362329138342396
363437,363.437,18.15,291.29999999999995,1019.81,1.2196107126406843,-54.4451086156818
363581,363.581,18.15,291.29999999999995,1019.83,1.2196346310316128,-54.61066559840112
363724,363.724,18.15,291.29999999999995,1019.84,1.2196465902270772,-54.693443103800725
363868,363.868,18.15,291.29999999999995,1019.81,1.2196107126406843,-54.4451086156818
364011,364.011,18.15,291.29999999999995,1019.81,1.2196107126406843,-54.4451086156818
364154,364.154,18.14,291.28999999999996,1019.84,1.2196884607543945,-54.693443103800725
364307,364.307,18.14,291.28999999999996,1019.83,1.2196765011483706,-54.61066559840112
364451,364.451,18.13,291.28,1019.8,1.219682494090197,-54.362329138342396
364595,364.595,18.13,291.28,1019.83,1.219718374140033,-54.61066559840112
364738,364.738,18.13,291.28,1019.81,1.219694454106809,-54.4451086156818
364881,364.881,18.13,291.28,1019.83,1.219718374140033,-54.61066559840112
365025,365.025,18.12,291.27,1019.84,1.2197722104341249,-54.693443103800725
365168,365.168,18.13,291.28,1019.83,1.219718374140033,-54.61066559840112
365311,365.311,18.14,291.28999999999996,1019.84,1.2196884607543945,-54.693443103800725
365457,365.457,18.15,291.29999999999995,1019.81,1.2196107126406843,-54.4451086156818
365600,365.6,18.16,291.31,1019.82,1.2195808050045316,-54.52788743570794
365744,365.744,18.16,291.31,1019.79,1.2195449286497335,-54.2795490036602
365888,365.888,18.15,291.29999999999995,1019.82,1.2196226718361487,-54.52788743570794
366031,366.031,18.14,291.28999999999996,1019.82,1.2196645415423464,-54.52788743570794
366175,366.175,18.13,291.28,1019.83,1.219718374140033,-54.61066559840112
366318,366.318,18.12,291.27,1019.83,1.2197602500068967,-54.61066559840112
366498,366.498,18.11,291.26,1019.83,1.2198021287492575,-54.61066559840112
366651,366.651,18.11,291.26,1019.83,1.2198021287492575,-54.61066559840112
366794,366.794,18.1,291.25,1019.83,1.2198440103674122,-54.61066559840112
366938,366.938,18.09,291.23999999999995,1019.84,1.2198978565209022,-54.693443103800725
367081,367.081,18.08,291.22999999999996,1019.83,1.2199277822322867,-54.61066559840112
367225,367.225,18.07,291.21999999999997,1019.81,1.2199457475181352,-54.4451086156818
367369,367.369,18.07,291.21999999999997,1019.84,1.2199816349603307,-54.693443103800725
367512,367.512,18.08,291.22999999999996,1019.8,1.2198918960223624,-54.362329138342396
367657,367.657,18.08,291.22999999999996,1019.8,1.2198918960223624,-54.362329138342396
367801,367.801,18.09,291.23999999999995,1019.83,1.2198858948616564,-54.61066559840112
367944,367.944,18.1,291.25,1019.81,1.219820087870322,-54.4451086156818
368087,368.087,18.1,291.25,1019.83,1.2198440103674122,-54.61066559840112
368231,368.231,18.11,291.26,1019.83,1.2198021287492575,-54.61066559840112
368374,368.374,18.11,291.26,1019.81,1.2197782070735126,-54.4451086156818
368518,368.518,18.11,291.26,1019.8,1.2197662462356402,-54.362329138342396
368661,368.661,18.11,291.26,1019.83,1.2198021287492575,-54.61066559840112
368815,368.815,18.11,291.26,1019.85,1.2198260504250027,-54.776219951906754
368958,368.958,18.1,291.25,1019.84,1.2198559716159572,-54.693443103800725
369101,369.101,18.09,291.23999999999995,1019.83,1.2198858948616564,-54.61066559840112
369245,369.245,18.08,291.22999999999996,1019.81,1.2199038580923371,-54.4451086156818
369388,369.388,18.08,291.22999999999996,1019.82,1.219915820162312,-54.52788743570794
369568,369.568,18.08,291.22999999999996,1019.83,1.2199277822322867,-54.61066559840112
369712,369.712,18.08,291.22999999999996,1019.82,1.219915820162312,-54.52788743570794
369858,369.858,18.09,291.23999999999995,1019.82,1.2198739332024107,-54.52788743570794
370001,370.001,18.1,291.25,1019.8,1.219808126621777,-54.362329138342396
370145,370.145,18.11,291.26,1019.84,1.2198140895871301,-54.693443103800725
370288,370.288,18.11,291.26,1019.82,1.2197901679113852,-54.52788743570794
370431,370.431,18.1,291.25,1019.83,1.2198440103674122,-54.61066559840112
370575,370.575,18.1,291.25,1019.82,1.2198320491188672,-54.52788743570794
370718,370.718,18.09,291.23999999999995,1019.8,1.2198500098839191,-54.362329138342396
370861,370.861,18.09,291.23999999999995,1019.82,1.2198739332024107,-54.52788743570794
371015,371.015,18.09,291.23999999999995,1019.81,1.219861971543165,-54.4451086156818
371158,371.158,18.09,291.23999999999995,1019.82,1.2198739332024107,-54.52788743570794
371302,371.302,18.1,291.25,1019.82,1.2198320491188672,-54.52788743570794
371445,371.445,18.1,291.25,1019.82,1.2198320491188672,-54.52788743570794
371589,371.589,18.09,291.23999999999995,1019.81,1.219861971543165,-54.4451086156818
371733,371.733,18.07,291.21999999999997,1019.82,1.219957709998867,-54.52788743570794
371876,371.876,18.06,291.21,1019.82,1.2199996027123727,-54.52788743570794
372020,372.02,18.06,291.21,1019.81,1.2199876398208556,-54.4451086156818
372165,372.165,18.05,291.2,1019.81,1.2200295350007944,-54.4451086156818
372308,372.308,18.05,291.2,1019.81,1.2200295350007944,-54.4451086156818
372452,372.452,18.05,291.2,1019.8,1.2200175716984634,-54.362329138342396
372595,372.595,18.06,291.21,1019.83,1.2200115656038901,-54.61066559840112
372740,372.74,18.05,291.2,1019.82,1.2200414983031251,-54.52788743570794
372883,372.883,18.04,291.19,1019.8,1.2200594693450757,-54.362329138342396
373026,373.026,18.03,291.17999999999995,1019.81,1.220113333993514,-54.4451086156818
373179,373.179,18.03,291.17999999999995,1019.83,1.2201372622415994,-54.61066559840112
373322,373.322,18.02,291.16999999999996,1019.81,1.2201552378068872,-54.4451086156818
373467,373.467,18.01,291.15999999999997,1019.82,1.2202091094445326,-54.52788743570794
373610,373.61,18.01,291.15999999999997,1019.81,1.2201971444986652,-54.4451086156818
373753,373.753,18.01,291.15999999999997,1019.82,1.2202091094445326,-54.52788743570794
373897,373.897,18.01,291.15999999999997,1019.8,1.2201851795527978,-54.362329138342396
374040,374.04,18.01,291.15999999999997,1019.85,1.2202450042821347,-54.776219951906754
374183,374.183,18.01,291.15999999999997,1019.82,1.2202091094445326,-54.52788743570794
374330,374.33,18.01,291.15999999999997,1019.81,1.2201971444986652,-54.4451086156818
374510,374.51,18.01,291.15999999999997,1019.8,1.2201851795527978,-54.362329138342396
374653,374.653,18.01,291.15999999999997,1019.8,1.2201851795527978,-54.362329138342396
374797,374.797,18.01,291.15999999999997,1019.81,1.2201971444986652,-54.4451086156818
374940,374.94,18.01,291.15999999999997,1019.82,1.2202091094445326,-54.52788743570794
375083,375.083,18.01,291.15999999999997,1019.8,1.2201851795527978,-54.362329138342396
375227,375.227,18.0,291.15,1019.8,1.220227088712322,-54.362329138342396
375370,375.37,18.0,291.15,1019.8,1.220227088712322,-54.362329138342396
375524,375.524,18.0,291.15,1019.79,1.2202151233555,-54.2795490036602
375667,375.667,18.01,291.15999999999997,1019.8,1.2201851795527978,-54.362329138342396
375810,375.81,18.01,291.15999999999997,1019.81,1.2201971444986652,-54.4451086156818
375954,375.954,18.02,291.16999999999996,1019.8,1.2201432732719464,-54.362329138342396
376097,376.097,18.02,291.16999999999996,1019.8,1.2201432732719464,-54.362329138342396
376242,376.242,18.03,291.17999999999995,1019.81,1.220113333993514,-54.4451086156818
376385,376.385,18.03,291.17999999999995,1019.81,1.220113333993514,-54.4451086156818
376530,376.53,18.03,291.17999999999995,1019.79,1.2200894057454286,-54.2795490036602
376674,376.674,18.02,291.16999999999996,1019.82,1.2201672023418282,-54.52788743570794
376817,376.817,18.01,291.15999999999997,1019.82,1.2202091094445326,-54.52788743570794
376961,376.961,18.0,291.15,1019.8,1.220227088712322,-54.362329138342396
377105,377.105,18.01,291.15999999999997,1019.78,1.2201612496610632,-54.19676821162536
377248,377.248,18.01,291.15999999999997,1019.79,1.2201732146069306,-54.2795490036602
377392,377.392,18.02,291.16999999999996,1019.83,1.220179166876769,-54.61066559840112
377535,377.535,18.03,291.17999999999995,1019.83,1.2201372622415994,-54.61066559840112
377689,377.689,18.03,291.17999999999995,1019.84,1.220149226365642,-54.693443103800725
377832,377.832,18.03,291.17999999999995,1019.82,1.2201252981175565,-54.52788743570794
377975,377.975,18.02,291.16999999999996,1019.81,1.2201552378068872,-54.4451086156818
378119,378.119,18.03,291.17999999999995,1019.84,1.220149226365642,-54.693443103800725
378262,378.262,18.03,291.17999999999995,1019.83,1.2201372622415994,-54.61066559840112
378405,378.405,18.03,291.17999999999995,1019.81,1.220113333993514,-54.4451086156818
378549,378.549,18.04,291.19,1019.84,1.2201073241977662,-54.693443103800725
378729,378.729,18.03,291.17999999999995,1019.85,1.2201611904896845,-54.776219951906754
378875,378.875,18.03,291.17999999999995,1019.83,1.2201372622415994,-54.61066559840112
379019,379.019,18.02,291.16999999999996,1019.81,1.2201552378068872,-54.4451086156818
379162,379.162,18.02,291.16999999999996,1019.84,1.22019113141171,-54.693443103800725
379305,379.305,18.03,291.17999999999995,1019.82,1.2201252981175565,-54.52788743570794
379449,379.449,18.03,291.17999999999995,1019.83,1.2201372622415994,-54.61066559840112
379593,379.593,18.03,291.17999999999995,1019.86,1.220173154613727,-54.85899614272905
379737,379.737,18.03,291.17999999999995,1019.82,1.2201252981175565,-54.52788743570794
379890,379.89,18.04,291.19,1019.84,1.2201073241977662,-54.693443103800725
380033,380.033,18.04,291.19,1019.81,1.2200714330582483,-54.4451086156818
380177,380.177,18.04,291.19,1019.82,1.2200833967714209,-54.52788743570794
380320,380.32,18.05,291.2,1019.8,1.2200175716984634,-54.362329138342396
380464,380.464,18.05,291.2,1019.83,1.220053461605456,-54.61066559840112
380607,380.607,18.05,291.2,1019.81,1.2200295350007944,-54.4451086156818
380750,380.75,18.06,291.21,1019.83,1.2200115656038901,-54.61066559840112
380895,380.895,18.06,291.21,1019.82,1.2199996027123727,-54.52788743570794
381040,381.04,18.05,291.2,1019.81,1.2200295350007944,-54.4451086156818
381183,381.183,18.05,291.2,1019.81,1.2200295350007944,-54.4451086156818
381327,381.327,18.05,291.2,1019.8,1.2200175716984634,-54.362329138342396
381470,381.47,18.05,291.2,1019.81,1.2200295350007944,-54.4451086156818
381615,381.615,18.05,291.2,1019.82,1.2200414983031251,-54.52788743570794
381758,381.758,18.05,291.2,1019.78,1.2199936450938018,-54.19676821162536
381901,381.901,18.05,291.2,1019.81,1.2200295350007944,-54.4451086156818
382045,382.045,18.05,291.2,1019.81,1.2200295350007944,-54.4451086156818
382198,382.198,18.05,291.2,1019.8,1.2200175716984634,-54.362329138342396
382342,382.342,18.05,291.2,1019.81,1.2200295350007944,-54.4451086156818
382485,382.485,18.05,291.2,1019.83,1.220053461605456,-54.61066559840112
382665,382.665,18.05,291.2,1019.83,1.220053461605456,-54.61066559840112
382809,382.809,18.05,291.2,1019.8,1.2200175716984634,-54.362329138342396
382952,382.952,18.06,291.21,1019.84,1.2200235284954073,-54.693443103800725
383095,383.095,18.05,291.2,1019.81,1.2200295350007944,-54.4451086156818
383242,383.242,18.05,291.2,1019.83,1.220053461605456,-54.61066559840112
383385,383.385,18.05,291.2,1019.82,1.2200414983031251,-54.52788743570794
383528,383.528,18.05,291.2,1019.82,1.2200414983031251,-54.52788743570794
383672,383.672,18.05,291.2,1019.81,1.2200295350007944,-54.4451086156818
383816,383.816,18.06,291.21,1019.82,1.2199996027123727,-54.52788743570794
383959,383.959,18.06,291.21,1019.81,1.2199876398208556,-54.4451086156818
384103,384.103,18.06,291.21,1019.8,1.2199756769293382,-54.362329138342396
384246,384.246,18.06,291.21,1019.85,1.2200354913869245,-54.776219951906754
384400,384.4,18.06,291.21,1019.82,1.2199996027123727,-54.52788743570794
384543,384.543,18.06,291.21,1019.82,1.2199996027123727,-54.52788743570794
384687,384.687,18.06,291.21,1019.79,1.219963714037821,-54.2795490036602
384830,384.83,18.06,291.21,1019.8,1.2199756769293382,-54.362329138342396
384974,384.974,18.06,291.21,1019.8,1.2199756769293382,-54.362329138342396
385118,385.118,18.05,291.2,1019.81,1.2200295350007944,-54.4451086156818
385261,385.261,18.05,291.2,1019.8,1.2200175716984634,-54.362329138342396
385406,385.406,18.05,291.2,1019.83,1.220053461605456,-54.61066559840112
385551,385.551,18.05,291.2,1019.84,1.2200654249077867,-54.693443103800725
385694,385.694,18.06,291.21,1019.82,1.2199996027123727,-54.52788743570794
385837,385.837,18.06,291.21,1019.82,1.2199996027123727,-54.52788743570794
385981,385.981,18.05,291.2,1019.81,1.2200295350007944,-54.4451086156818
386124,386.124,18.05,291.2,1019.82,1.2200414983031251,-54.52788743570794
386268,386.268,18.05,291.2,1019.82,1.2200414983031251,-54.52788743570794
386412,386.412,18.04,291.19,1019.82,1.2200833967714209,-54.52788743570794
386565,386.565,18.05,291.2,1019.83,1.220053461605456,-54.61066559840112
386709,386.709,18.05,291.2,1019.83,1.220053461605456,-54.61066559840112
386852,386.852,18.04,291.19,1019.83,1.2200953604845934,-54.61066559840112
386996,386.996,18.04,291.19,1019.83,1.2200953604845934,-54.61066559840112
387139,387.139,18.04,291.19,1019.85,1.2201192879109388,-54.776219951906754
387282,387.282,18.04,291.19,1019.84,1.2201073241977662,-54.693443103800725
387426,387.426,18.04,291.19,1019.84,1.2201073241977662,-54.693443103800725
387570,387.57,18.05,291.2,1019.84,1.2200654249077867,-54.693443103800725
387716,387.716,18.05,291.2,1019.86,1.2200893515124485,-54.85899614272905
387896,387.896,18.04,291.19,1019.81,1.2200714330582483,-54.4451086156818
388039,388.039,18.04,291.19,1019.82,1.2200833967714209,-54.52788743570794
388183,388.183,18.04,291.19,1019.85,1.2201192879109388,-54.776219951906754
388327,388.327,18.04,291.19,1019.81,1.2200714330582483,-54.4451086156818
388470,388.47,18.03,291.17999999999995,1019.82,1.2201252981175565,-54.52788743570794
388614,388.614,18.03,291.17999999999995,1019.84,1.220149226365642,-54.693443103800725
388768,388.768,18.03,291.17999999999995,1019.8,1.2201013698694714,-54.362329138342396
388912,388.912,18.03,291.17999999999995,1019.81,1.220113333993514,-54.4451086156818
389055,389.055,18.03,291.17999999999995,1019.8,1.2201013698694714,-54.362329138342396
389198,389.198,18.03,291.17999999999995,1019.8,1.2201013698694714,-54.362329138342396
389342,389.342,18.04,291.19,1019.85,1.2201192879109388,-54.776219951906754
389486,389.486,18.03,291.17999999999995,1019.82,1.2201252981175565,-54.52788743570794
389629,389.629,18.03,291.17999999999995,1019.82,1.2201252981175565,-54.52788743570794
389773,389.773,18.02,291.16999999999996,1019.81,1.2201552378068872,-54.4451086156818
389919,389.919,18.01,291.15999999999997,1019.82,1.2202091094445326,-54.52788743570794
390063,390.063,18.01,291.15999999999997,1019.83,1.2202210743903998,-54.61066559840112
390206,390.206,18.01,291.15999999999997,1019.8,1.2201851795527978,-54.362329138342396
390349,390.349,18.0,291.15,1019.81,1.2202390540691441,-54.4451086156818
390493,390.493,18.0,291.15,1019.82,1.2202510194259661,-54.52788743570794
390637,390.637,18.01,291.15999999999997,1019.82,1.2202091094445326,-54.52788743570794
390816,390.816,18.0,291.15,1019.83,1.2202629847827882,-54.61066559840112
390961,390.961,18.0,291.15,1019.82,1.2202510194259661,-54.52788743570794
391113,391.113,18.0,291.15,1019.81,1.2202390540691441,-54.4451086156818
391258,391.258,18.0,291.15,1019.78,1.220203157998678,-54.19676821162536
391401,391.401,18.0,291.15,1019.83,1.2202629847827882,-54.61066559840112
391544,391.544,17.99,291.14,1019.79,1.220257034983011,-54.2795490036602
391688,391.688,17.98,291.13,1019.81,1.2203228818473923,-54.4451086156818
391831,391.831,17.98,291.13,1019.77,1.2202750171321277,-54.113986762228045
391975,391.975,17.98,291.13,1019.8,1.220310915668576,-54.362329138342396
392121,392.121,17.97,291.12,1019.8,1.2203528334658993,-54.362329138342396
392264,392.264,17.97,291.12,1019.84,1.2204006998253214,-54.693443103800725
392409,392.409,17.96,291.10999999999996,1019.85,1.2204545891476977,-54.776219951906754
392552,392.552,17.96,291.10999999999996,1019.79,1.2203827871421589,-54.2795490036602
392695,392.695,17.96,291.10999999999996,1019.81,1.220406721144005,-54.4451086156818
392839,392.839,17.96,291.10999999999996,1019.82,1.2204186881449284,-54.52788743570794
392983,392.983,17.95,291.09999999999997,1019.81,1.2204486451124403,-54.4451086156818
393126,393.126,17.96,291.10999999999996,1019.84,1.2204426221467746,-54.693443103800725
393280,393.28,17.95,291.09999999999997,1019.81,1.2204486451124403,-54.4451086156818
393423,393.423,17.96,291.10999999999996,1019.79,1.2203827871421589,-54.2795490036602
393567,393.567,17.96,291.10999999999996,1019.81,1.220406721144005,-54.4451086156818
393710,393.71,17.96,291.10999999999996,1019.79,1.2203827871421589,-54.2795490036602
393854,393.854,17.96,291.10999999999996,1019.81,1.220406721144005,-54.4451086156818
393998,393.998,17.97,291.12,1019.83,1.2203887332354657,-54.61066559840112
394141,394.141,17.97,291.12,1019.83,1.2203887332354657,-54.61066559840112
394284,394.284,17.96,291.10999999999996,1019.8,1.220394754143082,-54.362329138342396
394431,394.431,17.96,291.10999999999996,1019.81,1.220406721144005,-54.4451086156818
394574,394.574,17.97,291.12,1019.85,1.2204126664151769,-54.776219951906754
394719,394.719,17.96,291.10999999999996,1019.82,1.2204186881449284,-54.52788743570794
394862,394.862,17.96,291.10999999999996,1019.82,1.2204186881449284,-54.52788743570794
395005,395.005,17.96,291.10999999999996,1019.86,1.220466556148621,-54.85899614272905
395149,395.149,17.95,291.09999999999997,1019.84,1.2204845473484973,-54.693443103800725
395292,395.292,17.94,291.09,1019.83,1.220514507607643,-54.61066559840112
395446,395.446,17.93,291.08,1019.83,1.2205564381596428,-54.61066559840112
395590,395.59,17.93,291.08,1019.82,1.2205444699253472,-54.52788743570794
395733,395.733,17.92,291.07,1019.81,1.2205744343018219,-54.4451086156818
395877,395.877,17.93,291.08,1019.8,1.2205205334567562,-54.362329138342396
396020,396.02,17.92,291.07,1019.84,1.2206103402382502,-54.693443103800725
396165,396.165,17.93,291.08,1019.86,1.2205923428625294,-54.85899614272905
396308,396.308,17.93,291.08,1019.86,1.2205923428625294,-54.85899614272905
396451,396.451,17.93,291.08,1019.87,1.2206043110968248,-54.94177167628729
396598,396.598,17.94,291.09,1019.86,1.2205504110770724,-54.85899614272905
396741,396.741,17.94,291.09,1019.88,1.2205743467233587,-55.024546552591325
396884,396.884,17.93,291.08,1019.82,1.2205444699253472,-54.52788743570794
397065,397.065,17.93,291.08,1019.82,1.2205444699253472,-54.52788743570794
397209,397.209,17.92,291.07,1019.89,1.220670183465631,-55.10732077164116
397352,397.352,17.91,291.06,1019.87,1.2206881841340746,-54.94177167628729
397496,397.496,17.91,291.06,1019.85,1.2206642460207047,-54.776219951906754
397639,397.639,17.91,291.06,1019.85,1.2206642460207047,-54.776219951906754
397787,397.787,17.91,291.06,1019.83,1.2206403079073345,-54.61066559840112
397930,397.93,17.91,291.06,1019.86,1.2206762150773895,-54.85899614272905
398073,398.073,17.91,291.06,1019.84,1.2206522769640196,-54.693443103800725
398217,398.217,17.9,291.04999999999995,1019.8,1.2206463386998543,-54.362329138342396
398361,398.361,17.9,291.04999999999995,1019.83,1.2206822471036207,-54.61066559840112
398504,398.504,17.91,291.06,1019.83,1.2206403079073345,-54.61066559840112
398648,398.648,17.91,291.06,1019.84,1.2206522769640196,-54.693443103800725
398794,398.794,17.91,291.06,1019.85,1.2206642460207047,-54.776219951906754
398974,398.974,17.91,291.06,1019.81,1.2206163697939645,-54.4451086156818
399118,399.118,17.91,291.06,1019.83,1.2206403079073345,-54.61066559840112
399262,399.262,17.91,291.06,1019.8,1.2206044007372796,-54.362329138342396
399405,399.405,17.91,291.06,1019.84,1.2206522769640196,-54.693443103800725
399549,399.549,17.91,291.06,1019.85,1.2206642460207047,-54.776219951906754
399692,399.692,17.92,291.07,1019.84,1.2206103402382502,-54.693443103800725
399837,399.837,17.92,291.07,1019.84,1.2206103402382502,-54.693443103800725
399989,399.989,17.93,291.08,1019.85,1.2205803746282338,-54.776219951906754
400134,400.134,17.93,291.08,1019.84,1.2205684063939384,-54.693443103800725
400277,400.277,17.93,291.08,1019.81,1.2205325016910518,-54.4451086156818
400420,400.42,17.94,291.09,1019.8,1.2204786041382136,-54.362329138342396
400565,400.565,17.95,291.09999999999997,1019.84,1.2204845473484973,-54.693443103800725
400708,400.708,17.94,291.09,1019.83,1.220514507607643,-54.61066559840112
400851,400.851,17.95,291.09999999999997,1019.78,1.2204127428763831,-54.19676821162536
400998,400.998,17.95,291.09999999999997,1019.8,1.2204366777004212,-54.362329138342396
401141,401.141,17.95,291.09999999999997,1019.82,1.2204606125244593,-54.52788743570794
401285,401.285,17.95,291.09999999999997,1019.83,1.2204725799364784,-54.61066559840112
401429,401.429,17.96,291.10999999999996,1019.83,1.2204306551458515,-54.61066559840112
401572,401.572,17.96,291.10999999999996,1019.85,1.2204545891476977,-54.776219951906754
401716,401.716,17.96,291.10999999999996,1019.83,1.2204306551458515,-54.61066559840112
401859,401.859,17.97,291.12,1019.84,1.2204006998253214,-54.693443103800725
402003,402.003,17.97,291.12,1019.82,1.2203767666456102,-54.52788743570794
402157,402.157,17.97,291.12,1019.83,1.2203887332354657,-54.61066559840112
402300,402.3,17.97,291.12,1019.82,1.2203767666456102,-54.52788743570794
402444,402.444,17.97,291.12,1019.84,1.2204006998253214,-54.693443103800725
402588,402.588,17.98,291.13,1019.8,1.220310915668576,-54.362329138342396
402731,402.731,17.98,291.13,1019.82,1.2203348480262084,-54.52788743570794
402875,402.875,17.98,291.13,1019.81,1.2203228818473923,-54.4451086156818
403018,403.018,17.98,291.13,1019.79,1.22029894948976,-54.2795490036602
403163,403.163,17.98,291.13,1019.81,1.2203228818473923,-54.4451086156818
403308,403.308,17.98,291.13,1019.8,1.220310915668576,-54.362329138342396
403452,403.452,17.97,291.12,1019.79,1.2203408668760438,-54.2795490036602
403596,403.596,17.97,291.12,1019.8,1.2203528334658993,-54.362329138342396
403739,403.739,17.96,291.10999999999996,1019.78,1.2203708201412358,-54.19676821162536
403883,403.883,17.96,291.10999999999996,1019.81,1.220406721144005,-54.4451086156818
404027,404.027,17.97,291.12,1019.79,1.2203408668760438,-54.2795490036602
404170,404.17,17.97,291.12,1019.8,1.2203528334658993,-54.362329138342396
404324,404.324,17.96,291.10999999999996,1019.83,1.2204306551458515,-54.61066559840112
404467,404.467,17.96,291.10999999999996,1019.81,1.220406721144005,-54.4451086156818
404612,404.612,17.96,291.10999999999996,1019.82,1.2204186881449284,-54.52788743570794
404755,404.755,17.96,291.10999999999996,1019.81,1.220406721144005,-54.4451086156818
404898,404.898,17.96,291.10999999999996,1019.81,1.220406721144005,-54.4451086156818
405042,405.042,17.96,291.10999999999996,1019.81,1.220406721144005,-54.4451086156818
405186,405.186,17.96,291.10999999999996,1019.82,1.2204186881449284,-54.52788743570794
405329,405.329,17.95,291.09999999999997,1019.82,1.2204606125244593,-54.52788743570794
405476,405.476,17.95,291.09999999999997,1019.82,1.2204606125244593,-54.52788743570794
405619,405.619,17.95,291.09999999999997,1019.82,1.2204606125244593,-54.52788743570794
405762,405.762,17.95,291.09999999999997,1019.82,1.2204606125244593,-54.52788743570794
405907,405.907,17.95,291.09999999999997,1019.82,1.2204606125244593,-54.52788743570794
406050,406.05,17.95,291.09999999999997,1019.83,1.2204725799364784,-54.61066559840112
406230,406.23,17.94,291.09,1019.8,1.2204786041382136,-54.362329138342396
406374,406.374,17.94,291.09,1019.82,1.2205025397844997,-54.52788743570794
406518,406.518,17.94,291.09,1019.85,1.2205384432539292,-54.776219951906754
406672,406.672,17.92,291.07,1019.81,1.2205744343018219,-54.4451086156818
406815,406.815,17.93,291.08,1019.83,1.2205564381596428,-54.61066559840112
406959,406.959,17.93,291.08,1019.83,1.2205564381596428,-54.61066559840112
407140,407.14,17.93,291.08,1019.87,1.2206043110968248,-54.94177167628729
407283,407.283,17.93,291.08,1019.83,1.2205564381596428,-54.61066559840112
407428,407.428,17.92,291.07,1019.87,1.2206462461746788,-54.94177167628729
407571,407.571,17.91,291.06,1019.87,1.2206881841340746,-54.94177167628729
407717,407.717,17.9,291.04999999999995,1019.88,1.2207420944432315,-55.024546552591325
407861,407.861,17.9,291.04999999999995,1019.88,1.2207420944432315,-55.024546552591325
408004,408.004,17.9,291.04999999999995,1019.89,1.2207540639111536,-55.10732077164116
408148,408.148,17.91,291.06,1019.9,1.2207240913041295,-55.19009433346632
408292,408.292,17.9,291.04999999999995,1019.89,1.2207540639111536,-55.10732077164116
408435,408.435,17.91,291.06,1019.89,1.2207121222474446,-55.10732077164116
408580,408.58,17.9,291.04999999999995,1019.9,1.2207660333790757,-55.19009433346632
408723,408.723,17.91,291.06,1019.9,1.2207240913041295,-55.19009433346632
408876,408.876,17.92,291.07,1019.92,1.2207060894020594,-55.35563948545246
409020,409.02,17.93,291.08,1019.91,1.220652184034007,-55.27286723805696
409164,409.164,17.92,291.07,1019.89,1.220670183465631,-55.10732077164116
409308,409.308,17.93,291.08,1019.89,1.2206282475654158,-55.10732077164116
409451,409.451,17.93,291.08,1019.88,1.2206162793311204,-55.024546552591325
409595,409.595,17.93,291.08,1019.89,1.2206282475654158,-55.10732077164116
409739,409.739,17.94,291.09,1019.91,1.2206102501927882,-55.27286723805696
409882,409.882,17.94,291.09,1019.9,1.220598282369645,-55.19009433346632
410028,410.028,17.94,291.09,1019.92,1.2206222180159314,-55.35563948545246
410172,410.172,17.94,291.09,1019.88,1.2205743467233587,-55.024546552591325
410316,410.316,17.94,291.09,1019.91,1.2206102501927882,-55.27286723805696
410460,410.46,17.95,291.09999999999997,1019.9,1.2205563518206115,-55.19009433346632
410603,410.603,17.95,291.09999999999997,1019.91,1.2205683192326304,-55.27286723805696
410747,410.747,17.95,291.09999999999997,1019.9,1.2205563518206115,-55.19009433346632
410891,410.891,17.95,291.09999999999997,1019.92,1.2205802866446496,-55.35563948545246
411044,411.044,17.95,291.09999999999997,1019.91,1.2205683192326304,-55.27286723805696
411188,411.188,17.95,291.09999999999997,1019.91,1.2205683192326304,-55.27286723805696
411332,411.332,17.94,291.09,1019.88,1.2205743467233587,-55.024546552591325
411475,411.475,17.94,291.09,1019.89,1.220586314546502,-55.10732077164116
411619,411.619,17.95,291.09999999999997,1019.93,1.2205922540566685,-55.43841107563312
411763,411.763,17.95,291.09999999999997,1019.93,1.2205922540566685,-55.43841107563312
411906,411.906,17.95,291.09999999999997,1019.9,1.2205563518206115,-55.19009433346632
412050,412.05,17.95,291.09999999999997,1019.91,1.2205683192326304,-55.27286723805696
412196,412.196,17.94,291.09,1019.92,1.2206222180159314,-55.35563948545246
412340,412.34,17.95,291.09999999999997,1019.91,1.2205683192326304,-55.27286723805696
412484,412.484,17.95,291.09999999999997,1019.89,1.2205443844085926,-55.10732077164116
412627,412.627,17.96,291.10999999999996,1019.9,1.2205144241523136,-55.19009433346632
412771,412.771,17.96,291.10999999999996,1019.92,1.2205383581541598,-55.35563948545246
412915,412.915,17.96,291.10999999999996,1019.9,1.2205144241523136,-55.19009433346632
413058,413.058,17.97,291.12,1019.92,1.2204964325441654,-55.35563948545246
413212,413.212,17.97,291.12,1019.93,1.220508399134021,-55.43841107563312
413355,413.355,17.97,291.12,1019.9,1.2204724993644545,-55.19009433346632
413500,413.5,17.97,291.12,1019.93,1.220508399134021,-55.43841107563312
413643,413.643,17.97,291.12,1019.9,1.2204724993644545,-55.19009433346632
413787,413.787,17.97,291.12,1019.9,1.2204724993644545,-55.19009433346632
413931,413.931,17.98,291.13,1019.88,1.2204066450991051,-55.024546552591325
414074,414.074,17.98,291.13,1019.87,1.220394678920289,-54.94177167628729
414218,414.218,17.98,291.13,1019.9,1.2204305774567374,-55.19009433346632
414364,414.364,17.98,291.13,1019.88,1.2204066450991051,-55.024546552591325
414508,414.508,17.98,291.13,1019.88,1.2204066450991051,-55.024546552591325
414652,414.652,17.98,291.13,1019.86,1.2203827127414728,-54.85899614272905
414795,414.795,17.98,291.13,1019.88,1.2204066450991051,-55.024546552591325
414940,414.94,17.99,291.14,1019.84,1.220316863822036,-54.693443103800725
415083,415.083,17.99,291.14,1019.86,1.220340795357646,-54.85899614272905
415263,415.263,17.99,291.14,1019.86,1.220340795357646,-54.85899614272905
415443,415.443,17.99,291.14,1019.88,1.2203647268932558,-55.024546552591325
415597,415.597,18.0,291.15,1019.88,1.2203228115668985,-55.024546552591325
415741,415.741,17.99,291.14,1019.85,1.220328829589841,-54.776219951906754
415885,415.885,17.99,291.14,1019.88,1.2203647268932558,-55.024546552591325
416028,416.028,18.0,291.15,1019.91,1.2203587076373645,-55.27286723805696
416172,416.172,17.99,291.14,1019.91,1.2204006241966707,-55.27286723805696
416316,416.316,17.99,291.14,1019.88,1.2203647268932558,-55.024546552591325
416460,416.46,17.99,291.14,1019.88,1.2203647268932558,-55.024546552591325
416606,416.606,18.0,291.15,1019.87,1.2203108462100765,-54.94177167628729
416750,416.75,18.0,291.15,1019.9,1.2203467422805425,-55.19009433346632
416893,416.893,18.0,291.15,1019.87,1.2203108462100765,-54.94177167628729
417037,417.037,18.0,291.15,1019.86,1.2202988808532544,-54.85899614272905
417181,417.181,18.0,291.15,1019.9,1.2203467422805425,-55.19009433346632
417324,417.324,18.01,291.15999999999997,1019.89,1.220292864065604,-55.10732077164116
417468,417.468,18.01,291.15999999999997,1019.88,1.2202808991197367,-55.024546552591325
417612,417.612,18.01,291.15999999999997,1019.88,1.2202808991197367,-55.024546552591325
417766,417.766,18.01,291.15999999999997,1019.86,1.220256969228002,-54.85899614272905
417909,417.909,18.02,291.16999999999996,1019.87,1.2202270250165326,-54.94177167628729
418053,418.053,18.02,291.16999999999996,1019.88,1.2202389895514734,-55.024546552591325
418197,418.197,18.02,291.16999999999996,1019.88,1.2202389895514734,-55.024546552591325
418340,418.34,18.02,291.16999999999996,1019.86,1.2202150604815916,-54.85899614272905
418485,418.485,18.03,291.17999999999995,1019.88,1.2201970828618125,-55.024546552591325
418628,418.628,18.03,291.17999999999995,1019.88,1.2201970828618125,-55.024546552591325
418771,418.771,18.03,291.17999999999995,1019.88,1.2201970828618125,-55.024546552591325
418918,418.918,18.03,291.17999999999995,1019.88,1.2201970828618125,-55.024546552591325
419061,419.061,18.03,291.17999999999995,1019.88,1.2201970828618125,-55.024546552591325
419206,419.206,18.02,291.16999999999996,1019.9,1.2202629186213552,-55.19009433346632
419349,419.349,18.03,291.17999999999995,1019.86,1.220173154613727,-54.85899614272905
419493,419.493,18.03,291.17999999999995,1019.88,1.2201970828618125,-55.024546552591325
419637,419.637,18.02,291.16999999999996,1019.86,1.2202150604815916,-54.85899614272905
419780,419.78,18.02,291.16999999999996,1019.87,1.2202270250165326,-54.94177167628729
419935,419.935,18.03,291.17999999999995,1019.87,1.22018511873777,-54.94177167628729
420078,420.078,18.03,291.17999999999995,1019.86,1.220173154613727,-54.85899614272905
420221,420.221,18.02,291.16999999999996,1019.86,1.2202150604815916,-54.85899614272905
420366,420.366,18.02,291.16999999999996,1019.85,1.2202030959466508,-54.776219951906754
420509,420.509,18.03,291.17999999999995,1019.84,1.220149226365642,-54.693443103800725
420652,420.652,18.03,291.17999999999995,1019.84,1.220149226365642,-54.693443103800725
420797,420.797,18.03,291.17999999999995,1019.84,1.220149226365642,-54.693443103800725
420940,420.94,18.03,291.17999999999995,1019.84,1.220149226365642,-54.693443103800725
421087,421.087,18.03,291.17999999999995,1019.85,1.2201611904896845,-54.776219951906754
421230,421.23,18.03,291.17999999999995,1019.88,1.2201970828618125,-55.024546552591325
421374,421.374,18.03,291.17999999999995,1019.88,1.2201970828618125,-55.024546552591325
421518,421.518,18.03,291.17999999999995,1019.88,1.2201970828618125,-55.024546552591325
421662,421.662,18.02,291.16999999999996,1019.87,1.2202270250165326,-54.94177167628729
421805,421.805,18.02,291.16999999999996,1019.87,1.2202270250165326,-54.94177167628729
421949,421.949,18.02,291.16999999999996,1019.85,1.2202030959466508,-54.776219951906754
422093,422.093,18.02,291.16999999999996,1019.85,1.2202030959466508,-54.776219951906754
422247,422.247,18.02,291.16999999999996,1019.86,1.2202150604815916,-54.85899614272905
422390,422.39,18.03,291.17999999999995,1019.87,1.22018511873777,-54.94177167628729
422535,422.535,18.03,291.17999999999995,1019.84,1.220149226365642,-54.693443103800725
422678,422.678,18.03,291.17999999999995,1019.84,1.220149226365642,-54.693443103800725
422821,422.821,18.03,291.17999999999995,1019.84,1.220149226365642,-54.693443103800725
422966,422.966,18.04,291.19,1019.86,1.2201312516241114,-54.85899614272905
423109,423.109,18.03,291.17999999999995,1019.88,1.2201970828618125,-55.024546552591325
423293,423.293,18.03,291.17999999999995,1019.84,1.220149226365642,-54.693443103800725
423437,423.437,18.03,291.17999999999995,1019.86,1.220173154613727,-54.85899614272905
423580,423.58,18.04,291.19,1019.87,1.220143215337284,-54.94177167628729
423724,423.724,18.04,291.19,1019.88,1.2201551790504568,-55.024546552591325
423868,423.868,18.04,291.19,1019.89,1.2201671427636294,-55.10732077164116
424012,424.012,18.05,291.2,1019.87,1.2201013148147792,-54.94177167628729
424156,424.156,18.04,291.19,1019.83,1.2200953604845934,-54.61066559840112
424299,424.299,18.05,291.2,1019.86,1.2200893515124485,-54.85899614272905
424453,424.453,18.05,291.2,1019.87,1.2201013148147792,-54.94177167628729
424634,424.634,18.05,291.2,1019.9,1.2201372047217718,-55.19009433346632
424777,424.777,18.05,291.2,1019.88,1.22011327811711,-55.024546552591325
424922,424.922,18.05,291.2,1019.88,1.22011327811711,-55.024546552591325
425065,425.065,18.05,291.2,1019.87,1.2201013148147792,-54.94177167628729
425209,425.209,18.05,291.2,1019.87,1.2201013148147792,-54.94177167628729
425353,425.353,18.04,291.19,1019.88,1.2201551790504568,-55.024546552591325
425496,425.496,18.05,291.2,1019.87,1.2201013148147792,-54.94177167628729
425642,425.642,18.05,291.2,1019.87,1.2201013148147792,-54.94177167628729
425787,425.787,18.05,291.2,1019.89,1.220125241419441,-55.10732077164116
425930,425.93,18.05,291.2,1019.89,1.220125241419441,-55.10732077164116
426074,426.074,18.05,291.2,1019.88,1.22011327811711,-55.024546552591325
426218,426.218,18.05,291.2,1019.9,1.2201372047217718,-55.19009433346632
426361,426.361,18.05,291.2,1019.87,1.2201013148147792,-54.94177167628729
426506,426.506,18.05,291.2,1019.89,1.220125241419441,-55.10732077164116
426659,426.659,18.05,291.2,1019.91,1.2201491680241026,-55.27286723805696
426803,426.803,18.04,291.19,1019.89,1.2201671427636294,-55.10732077164116
426947,426.947,18.05,291.2,1019.86,1.2200893515124485,-54.85899614272905
427090,427.09,18.05,291.2,1019.86,1.2200893515124485,-54.85899614272905
427234,427.234,18.04,291.19,1019.86,1.2201312516241114,-54.85899614272905
427378,427.378,18.04,291.19,1019.89,1.2201671427636294,-55.10732077164116
427521,427.521,18.05,291.2,1019.85,1.2200773882101177,-54.776219951906754
427666,427.666,18.04,291.19,1019.87,1.220143215337284,-54.94177167628729
427812,427.812,18.04,291.19,1019.84,1.2201073241977662,-54.693443103800725
427956,427.956,18.04,291.19,1019.86,1.2201312516241114,-54.85899614272905
428099,428.099,18.04,291.19,1019.84,1.2201073241977662,-54.693443103800725
428243,428.243,18.04,291.19,1019.87,1.220143215337284,-54.94177167628729
428387,428.387,18.03,291.17999999999995,1019.85,1.2201611904896845,-54.776219951906754
428531,428.531,18.04,291.19,1019.86,1.2201312516241114,-54.85899614272905
428674,428.674,18.04,291.19,1019.89,1.2201671427636294,-55.10732077164116
428828,428.828,18.03,291.17999999999995,1019.85,1.2201611904896845,-54.776219951906754
428972,428.972,18.03,291.17999999999995,1019.85,1.2201611904896845,-54.776219951906754
429116,429.116,18.03,291.17999999999995,1019.87,1.22018511873777,-54.94177167628729
429260,429.26,18.03,291.17999999999995,1019.86,1.220173154613727,-54.85899614272905
429404,429.404,18.03,291.17999999999995,1019.89,1.220209046985855,-55.10732077164116
429548,429.548,18.03,291.17999999999995,1019.88,1.2201970828618125,-55.024546552591325
429691,429.691,18.03,291.17999999999995,1019.9,1.220221011109898,-55.19009433346632
429836,429.836,18.03,291.17999999999995,1019.85,1.2201611904896845,-54.776219951906754
429981,429.981,18.03,291.17999999999995,1019.85,1.2201611904896845,-54.776219951906754
430125,430.125,18.03,291.17999999999995,1019.86,1.220173154613727,-54.85899614272905
430269,430.269,18.03,291.17999999999995,1019.85,1.2201611904896845,-54.776219951906754
430413,430.413,18.03,291.17999999999995,1019.87,1.22018511873777,-54.94177167628729
430557,430.557,18.03,291.17999999999995,1019.89,1.220209046985855,-55.10732077164116
430701,430.701,18.03,291.17999999999995,1019.89,1.220209046985855,-55.10732077164116
430844,430.844,18.03,291.17999999999995,1019.88,1.2201970828618125,-55.024546552591325
430988,430.988,18.03,291.17999999999995,1019.87,1.22018511873777,-54.94177167628729
431142,431.142,18.02,291.16999999999996,1019.86,1.2202150604815916,-54.85899614272905
431286,431.286,18.03,291.17999999999995,1019.89,1.220209046985855,-55.10732077164116
431466,431.466,18.02,291.16999999999996,1019.87,1.2202270250165326,-54.94177167628729
431610,431.61,18.02,291.16999999999996,1019.87,1.2202270250165326,-54.94177167628729
431754,431.754,18.02,291.16999999999996,1019.86,1.2202150604815916,-54.85899614272905
431898,431.898,18.01,291.15999999999997,1019.89,1.220292864065604,-55.10732077164116
432041,432.041,18.01,291.15999999999997,1019.86,1.220256969228002,-54.85899614272905
432188,432.188,18.01,291.15999999999997,1019.86,1.220256969228002,-54.85899614272905
432331,432.331,18.01,291.15999999999997,1019.85,1.2202450042821347,-54.776219951906754
432476,432.476,18.01,291.15999999999997,1019.86,1.220256969228002,-54.85899614272905
432619,432.619,18.01,291.15999999999997,1019.88,1.2202808991197367,-55.024546552591325
432763,432.763,18.01,291.15999999999997,1019.88,1.2202808991197367,-55.024546552591325
432907,432.907,18.01,291.15999999999997,1019.87,1.2202689341738693,-54.94177167628729
433051,433.051,18.01,291.15999999999997,1019.89,1.220292864065604,-55.10732077164116
433194,433.194,18.01,291.15999999999997,1019.9,1.2203048290114715,-55.19009433346632
433348,433.348,18.0,291.15,1019.91,1.2203587076373645,-55.27286723805696
433492,433.492,18.0,291.15,1019.87,1.2203108462100765,-54.94177167628729
433636,433.636,18.0,291.15,1019.88,1.2203228115668985,-55.024546552591325
433817,433.817,18.0,291.15,1019.88,1.2203228115668985,-55.024546552591325
433960,433.96,18.0,291.15,1019.89,1.2203347769237205,-55.10732077164116
434105,434.105,18.01,291.15999999999997,1019.92,1.2203287589032061,-55.35563948545246
434248,434.248,18.01,291.15999999999997,1019.89,1.220292864065604,-55.10732077164116
434393,434.393,18.01,291.15999999999997,1019.9,1.2203048290114715,-55.19009433346632
434538,434.538,18.01,291.15999999999997,1019.87,1.2202689341738693,-54.94177167628729
434682,434.682,18.01,291.15999999999997,1019.87,1.2202689341738693,-54.94177167628729
434826,434.826,18.01,291.15999999999997,1019.89,1.220292864065604,-55.10732077164116
434970,434.97,18.01,291.15999999999997,1019.89,1.220292864065604,-55.10732077164116
435113,435.113,18.01,291.15999999999997,1019.88,1.2202808991197367,-55.024546552591325
435258,435.258,18.01,291.15999999999997,1019.88,1.2202808991197367,-55.024546552591325
435401,435.401,18.01,291.15999999999997,1019.89,1.220292864065604,-55.10732077164116
435565,435.565,18.01,291.15999999999997,1019.89,1.220292864065604,-55.10732077164116
435708,435.708,18.02,291.16999999999996,1019.87,1.2202270250165326,-54.94177167628729
435852,435.852,18.02,291.16999999999996,1019.88,1.2202389895514734,-55.024546552591325
435996,435.996,18.03,291.17999999999995,1019.87,1.22018511873777,-54.94177167628729
436139,436.139,18.03,291.17999999999995,1019.88,1.2201970828618125,-55.024546552591325
436284,436.284,18.03,291.17999999999995,1019.9,1.220221011109898,-55.19009433346632
436427,436.427,18.04,291.19,1019.89,1.2201671427636294,-55.10732077164116
436572,436.572,18.04,291.19,1019.88,1.2201551790504568,-55.024546552591325
436718,436.718,18.04,291.19,1019.89,1.2201671427636294,-55.10732077164116
436861,436.861,18.04,291.19,1019.89,1.2201671427636294,-55.10732077164116
437006,437.006,18.05,291.2,1019.89,1.220125241419441,-55.10732077164116
437149,437.149,18.04,291.19,1019.87,1.220143215337284,-54.94177167628729
437293,437.293,18.04,291.19,1019.88,1.2201551790504568,-55.024546552591325
437437,437.437,18.04,291.19,1019.89,1.2201671427636294,-55.10732077164116
437581,437.581,18.05,291.2,1019.89,1.220125241419441,-55.10732077164116
437725,437.725,18.05,291.2,1019.88,1.22011327811711,-55.024546552591325
437878,437.878,18.05,291.2,1019.88,1.22011327811711,-55.024546552591325
438025,438.025,18.05,291.2,1019.87,1.2201013148147792,-54.94177167628729
438171,438.171,18.05,291.2,1019.89,1.220125241419441,-55.10732077164116
438316,438.316,18.05,291.2,1019.87,1.2201013148147792,-54.94177167628729
438463,438.463,18.05,291.2,1019.87,1.2201013148147792,-54.94177167628729
438608,438.608,18.05,291.2,1019.87,1.2201013148147792,-54.94177167628729
438755,438.755,18.05,291.2,1019.88,1.22011327811711,-55.024546552591325
438903,438.903,18.06,291.21,1019.87,1.220059417169959,-54.94177167628729
439049,439.049,18.06,291.21,1019.85,1.2200354913869245,-54.776219951906754
439195,439.195,18.06,291.21,1019.9,1.2200953058445108,-55.19009433346632
439340,439.34,18.07,291.21999999999997,1019.87,1.2200175224025265,-54.94177167628729
439487,439.487,18.07,291.21999999999997,1019.88,1.2200294848832582,-55.024546552591325
439669,439.669,18.08,291.22999999999996,1019.89,1.219999554652135,-55.10732077164116
439815,439.815,18.08,291.22999999999996,1019.87,1.2199756305121856,-54.94177167628729
439961,439.961,18.08,291.22999999999996,1019.83,1.2199277822322867,-54.61066559840112
440190,440.19,18.08,291.22999999999996,1019.85,1.219951706372236,-54.776219951906754
440336,440.336,18.09,291.23999999999995,1019.82,1.2198739332024107,-54.52788743570794
440482,440.482,18.09,291.23999999999995,1019.81,1.219861971543165,-54.4451086156818
440628,440.628,18.1,291.25,1019.82,1.2198320491188672,-54.52788743570794
440774,440.774,18.1,291.25,1019.84,1.2198559716159572,-54.693443103800725
440919,440.919,18.1,291.25,1019.81,1.219820087870322,-54.4451086156818
441066,441.066,18.1,291.25,1019.81,1.219820087870322,-54.4451086156818
441211,441.211,18.11,291.26,1019.85,1.2198260504250027,-54.776219951906754
441360,441.36,18.1,291.25,1019.85,1.2198679328645021,-54.776219951906754
441506,441.506,18.1,291.25,1019.84,1.2198559716159572,-54.693443103800725
441652,441.652,18.1,291.25,1019.83,1.2198440103674122,-54.61066559840112
441798,441.798,18.1,291.25,1019.86,1.2198798941130473,-54.85899614272905
441943,441.943,18.1,291.25,1019.85,1.2198679328645021,-54.776219951906754
442090,442.09,18.09,291.23999999999995,1019.82,1.2198739332024107,-54.52788743570794
442235,442.235,18.1,291.25,1019.83,1.2198440103674122,-54.61066559840112
442392,442.392,18.09,291.23999999999995,1019.81,1.219861971543165,-54.4451086156818
442537,442.537,18.1,291.25,1019.84,1.2198559716159572,-54.693443103800725
442684,442.684,18.1,291.25,1019.85,1.2198679328645021,-54.776219951906754
442829,442.829,18.1,291.25,1019.84,1.2198559716159572,-54.693443103800725
442976,442.976,18.11,291.26,1019.83,1.2198021287492575,-54.61066559840112
443121,443.121,18.11,291.26,1019.83,1.2198021287492575,-54.61066559840112
443268,443.268,18.11,291.26,1019.83,1.2198021287492575,-54.61066559840112
443413,443.413,18.12,291.27,1019.83,1.2197602500068967,-54.61066559840112
443561,443.561,18.11,291.26,1019.79,1.2197542853977676,-54.2795490036602
443708,443.708,18.12,291.27,1019.8,1.2197243687252124,-54.362329138342396
443853,443.853,18.12,291.27,1019.8,1.2197243687252124,-54.362329138342396
444000,444.0,18.12,291.27,1019.83,1.2197602500068967,-54.61066559840112
444146,444.146,18.12,291.27,1019.84,1.2197722104341249,-54.693443103800725
444292,444.292,18.11,291.26,1019.85,1.2198260504250027,-54.776219951906754
444438,444.438,18.1,291.25,1019.85,1.2198679328645021,-54.776219951906754
444630,444.63,18.09,291.23999999999995,1019.82,1.2198739332024107,-54.52788743570794
444776,444.776,18.09,291.23999999999995,1019.82,1.2198739332024107,-54.52788743570794
444922,444.922,18.09,291.23999999999995,1019.81,1.219861971543165,-54.4451086156818
445068,445.068,18.1,291.25,1019.84,1.2198559716159572,-54.693443103800725
445214,445.214,18.1,291.25,1019.84,1.2198559716159572,-54.693443103800725
445360,445.36,18.11,291.26,1019.81,1.2197782070735126,-54.4451086156818
445506,445.506,18.12,291.27,1019.8,1.2197243687252124,-54.362329138342396
445651,445.651,18.11,291.26,1019.79,1.2197542853977676,-54.2795490036602
445801,445.801,18.11,291.26,1019.79,1.2197542853977676,-54.2795490036602
445946,445.946,18.11,291.26,1019.82,1.2197901679113852,-54.52788743570794
446093,446.093,18.11,291.26,1019.81,1.2197782070735126,-54.4451086156818
446238,446.238,18.11,291.26,1019.83,1.2198021287492575,-54.61066559840112
446385,446.385,18.11,291.26,1019.81,1.2197782070735126,-54.4451086156818
446530,446.53,18.11,291.26,1019.84,1.2198140895871301,-54.693443103800725
446676,446.676,18.11,291.26,1019.84,1.2198140895871301,-54.693443103800725
446823,446.823,18.1,291.25,1019.83,1.2198440103674122,-54.61066559840112
446978,446.978,18.1,291.25,1019.83,1.2198440103674122,-54.61066559840112
447124,447.124,18.09,291.23999999999995,1019.82,1.2198739332024107,-54.52788743570794
447270,447.27,18.09,291.23999999999995,1019.84,1.2198978565209022,-54.693443103800725
447417,447.417,18.09,291.23999999999995,1019.81,1.219861971543165,-54.4451086156818
447562,447.562,18.08,291.22999999999996,1019.82,1.219915820162312,-54.52788743570794
447709,447.709,18.08,291.22999999999996,1019.82,1.219915820162312,-54.52788743570794
447854,447.854,18.08,291.22999999999996,1019.81,1.2199038580923371,-54.4451086156818
448002,448.002,18.07,291.21999999999997,1019.81,1.2199457475181352,-54.4451086156818
448149,448.149,18.08,291.22999999999996,1019.82,1.219915820162312,-54.52788743570794
448294,448.294,18.07,291.21999999999997,1019.81,1.2199457475181352,-54.4451086156818
448478,448.478,18.08,291.22999999999996,1019.82,1.219915820162312,-54.52788743570794
448626,448.626,18.08,291.22999999999996,1019.85,1.219951706372236,-54.776219951906754
448807,448.807,18.08,291.22999999999996,1019.83,1.2199277822322867,-54.61066559840112
448957,448.957,18.08,291.22999999999996,1019.8,1.2198918960223624,-54.362329138342396
449138,449.138,18.08,291.22999999999996,1019.81,1.2199038580923371,-54.4451086156818
449297,449.297,18.07,291.21999999999997,1019.82,1.219957709998867,-54.52788743570794
449443,449.443,18.06,291.21,1019.82,1.2199996027123727,-54.52788743570794
449626,449.626,18.06,291.21,1019.86,1.2200474542784419,-54.85899614272905
449772,449.772,18.06,291.21,1019.82,1.2199996027123727,-54.52788743570794
449917,449.917,18.06,291.21,1019.88,1.2200713800614762,-55.024546552591325
450064,450.064,18.06,291.21,1019.85,1.2200354913869245,-54.776219951906754
450209,450.209,18.07,291.21999999999997,1019.85,1.2199935974410627,-54.776219951906754
450356,450.356,18.06,291.21,1019.86,1.2200474542784419,-54.85899614272905
450504,450.504,18.06,291.21,1019.87,1.220059417169959,-54.94177167628729
450650,450.65,18.06,291.21,1019.89,1.2200833429529936,-55.10732077164116
450796,450.796,18.05,291.2,1019.9,1.2201372047217718,-55.19009433346632
450941,450.941,18.04,291.19,1019.91,1.2201910701899745,-55.27286723805696
451088,451.088,18.04,291.19,1019.87,1.220143215337284,-54.94177167628729
451234,451.234,18.05,291.2,1019.87,1.2201013148147792,-54.94177167628729
451380,451.38,18.06,291.21,1019.88,1.2200713800614762,-55.024546552591325
451535,451.535,18.07,291.21999999999997,1019.87,1.2200175224025265,-54.94177167628729
451682,451.682,18.07,291.21999999999997,1019.87,1.2200175224025265,-54.94177167628729
451828,451.828,18.08,291.22999999999996,1019.9,1.2200115167221097,-55.19009433346632
451974,451.974,18.08,291.22999999999996,1019.88,1.2199875925821602,-55.024546552591325
452120,452.12,18.08,291.22999999999996,1019.88,1.2199875925821602,-55.024546552591325
452265,452.265,18.09,291.23999999999995,1019.87,1.2199337414986395,-54.94177167628729
452412,452.412,18.09,291.23999999999995,1019.88,1.2199457031578853,-55.024546552591325
452558,452.558,18.1,291.25,1019.89,1.2199157778586824,-55.10732077164116
452707,452.707,18.1,291.25,1019.89,1.2199157778586824,-55.10732077164116
452852,452.852,18.1,291.25,1019.88,1.2199038166101372,-55.024546552591325
452999,452.999,18.11,291.26,1019.89,1.2198738937764926,-55.10732077164116
453145,453.145,18.11,291.26,1019.89,1.2198738937764926,-55.10732077164116
453290,453.29,18.11,291.26,1019.9,1.219885854614365,-55.19009433346632
453437,453.437,18.11,291.26,1019.89,1.2198738937764926,-55.10732077164116
453582,453.582,18.11,291.26,1019.89,1.2198738937764926,-55.10732077164116
453729,453.729,18.11,291.26,1019.88,1.21986193293862,-55.024546552591325
453884,453.884,18.11,291.26,1019.88,1.21986193293862,-55.024546552591325
454031,454.031,18.12,291.27,1019.85,1.219784170861353,-54.776219951906754
454176,454.176,18.12,291.27,1019.88,1.2198200521430373,-55.024546552591325
454323,454.323,18.12,291.27,1019.86,1.2197961312885812,-54.85899614272905
454469,454.469,18.12,291.27,1019.88,1.2198200521430373,-55.024546552591325
454614,454.614,18.13,291.28,1019.89,1.2197901342397048,-55.10732077164116
454761,454.761,18.13,291.28,1019.85,1.219742294173257,-54.776219951906754
454909,454.909,18.13,291.28,1019.88,1.2197781742230929,-55.024546552591325
455055,455.055,18.13,291.28,1019.85,1.219742294173257,-54.776219951906754
455201,455.201,18.13,291.28,1019.87,1.219766214206481,-54.94177167628729
455348,455.348,18.13,291.28,1019.85,1.219742294173257,-54.776219951906754
455493,455.493,18.13,291.28,1019.88,1.2197781742230929,-55.024546552591325
455639,455.639,18.14,291.28999999999996,1019.87,1.2197243395724666,-54.94177167628729
455786,455.786,18.14,291.28999999999996,1019.89,1.2197482587845148,-55.10732077164116
455931,455.931,18.15,291.29999999999995,1019.9,1.2197183453998626,-55.19009433346632
456087,456.087,18.14,291.28999999999996,1019.88,1.2197362991784906,-55.024546552591325
456233,456.233,18.15,291.29999999999995,1019.85,1.2196585494225414,-54.776219951906754
456380,456.38,18.15,291.29999999999995,1019.89,1.2197063862043984,-55.10732077164116
456525,456.525,18.15,291.29999999999995,1019.88,1.219694427008934,-55.024546552591325
456672,456.672,18.15,291.29999999999995,1019.87,1.21968246781347,-54.94177167628729
456818,456.818,18.15,291.29999999999995,1019.87,1.21968246781347,-54.94177167628729
456964,456.964,18.16,291.31,1019.89,1.2196645164990603,-55.10732077164116
457110,457.11,18.15,291.29999999999995,1019.88,1.219694427008934,-55.024546552591325
457258,457.258,18.15,291.29999999999995,1019.87,1.21968246781347,-54.94177167628729
457441,457.441,18.15,291.29999999999995,1019.88,1.219694427008934,-55.024546552591325
457586,457.586,18.15,291.29999999999995,1019.88,1.219694427008934,-55.024546552591325
457733,457.733,18.15,291.29999999999995,1019.89,1.2197063862043984,-55.10732077164116
457878,457.878,18.15,291.29999999999995,1019.87,1.21968246781347,-54.94177167628729
458024,458.024,18.15,291.29999999999995,1019.86,1.2196705086180055,-54.85899614272905
458171,458.171,18.15,291.29999999999995,1019.87,1.21968246781347,-54.94177167628729
458326,458.326,18.15,291.29999999999995,1019.89,1.2197063862043984,-55.10732077164116
458473,458.473,18.16,291.31,1019.88,1.2196525577141275,-55.024546552591325
458618,458.618,18.16,291.31,1019.89,1.2196645164990603,-55.10732077164116
458765,458.765,18.16,291.31,1019.88,1.2196525577141275,-55.024546552591325
458947,458.947,18.17,291.32,1019.85,1.219574816170487,-54.776219951906754
459093,459.093,18.17,291.32,1019.87,1.2195987329193456,-54.94177167628729
459240,459.24,18.17,291.32,1019.86,1.2195867745449163,-54.85899614272905
459385,459.385,18.17,291.32,1019.87,1.2195987329193456,-54.94177167628729
459534,459.534,18.17,291.32,1019.88,1.2196106912937748,-55.024546552591325
459680,459.68,18.18,291.33,1019.86,1.219544911819672,-54.85899614272905
459827,459.827,18.18,291.33,1019.89,1.2195807857115342,-55.10732077164116
459972,459.972,18.18,291.33,1019.87,1.219556869783626,-54.94177167628729
460118,460.118,18.18,291.33,1019.84,1.2195209958917639,-54.693443103800725
460265,460.265,18.19,291.34,1019.87,1.2195150095217402,-54.94177167628729
460410,460.41,18.19,291.34,1019.86,1.219503051968233,-54.85899614272905
460603,460.603,18.19,291.34,1019.89,1.2195389246287542,-55.10732077164116
460749,460.749,18.19,291.34,1019.84,1.219479136861219,-54.693443103800725
460896,460.896,18.19,291.34,1019.87,1.2195150095217402,-54.94177167628729
461041,461.041,18.19,291.34,1019.87,1.2195150095217402,-54.94177167628729
461188,461.188,18.2,291.34999999999997,1019.89,1.2194970664195686,-55.10732077164116
461334,461.334,18.2,291.34999999999997,1019.88,1.2194851092764802,-55.024546552591325
461479,461.479,18.2,291.34999999999997,1019.88,1.2194851092764802,-55.024546552591325
461626,461.626,18.2,291.34999999999997,1019.88,1.2194851092764802,-55.024546552591325
461774,461.774,18.21,291.35999999999996,1019.87,1.219431297618286,-54.94177167628729
461921,461.921,18.21,291.35999999999996,1019.88,1.2194432543509834,-55.024546552591325
462066,462.066,18.21,291.35999999999996,1019.89,1.219455211083681,-55.10732077164116
462213,462.213,18.21,291.35999999999996,1019.88,1.2194432543509834,-55.024546552591325
462359,462.359,18.21,291.35999999999996,1019.85,1.219407384152891,-54.776219951906754
462504,462.504,18.22,291.37,1019.85,1.2193655333314557,-54.776219951906754
462651,462.651,18.22,291.37,1019.87,1.2193894459761256,-54.94177167628729
462797,462.797,18.22,291.37,1019.87,1.2193894459761256,-54.94177167628729
462953,462.953,18.22,291.37,1019.84,1.2193535770091206,-54.693443103800725
463099,463.099,18.23,291.38,1019.84,1.2193117294706142,-54.693443103800725
463245,463.245,18.23,291.38,1019.84,1.2193117294706142,-54.693443103800725
463391,463.391,18.23,291.38,1019.81,1.2192758617346122,-54.4451086156818
463538,463.538,18.23,291.38,1019.83,1.2192997735586135,-54.61066559840112
463683,463.683,18.23,291.38,1019.85,1.2193236853826146,-54.776219951906754
463829,463.829,18.24,291.39,1019.85,1.2192818403060717,-54.776219951906754
463978,463.978,18.24,291.39,1019.87,1.2193057513094607,-54.94177167628729
464124,464.124,18.23,291.38,1019.87,1.219347597206616,-54.94177167628729
464270,464.27,18.24,291.39,1019.88,1.2193177068111551,-55.024546552591325
464416,464.416,18.24,291.39,1019.84,1.2192698848043773,-54.693443103800725
464563,464.563,18.24,291.39,1019.84,1.2192698848043773,-54.693443103800725
464708,464.708,18.24,291.39,1019.85,1.2192818403060717,-54.776219951906754
464854,464.854,18.24,291.39,1019.86,1.219293795807766,-54.85899614272905
465001,465.001,18.23,291.38,1019.84,1.2193117294706142,-54.693443103800725
465157,465.157,18.24,291.39,1019.85,1.2192818403060717,-54.776219951906754
465303,465.303,18.24,291.39,1019.89,1.2193296623128496,-55.10732077164116
465449,465.449,18.24,291.39,1019.85,1.2192818403060717,-54.776219951906754
465595,465.595,18.24,291.39,1019.85,1.2192818403060717,-54.776219951906754
465778,465.778,18.24,291.39,1019.87,1.2193057513094607,-54.94177167628729
465924,465.924,18.24,291.39,1019.89,1.2193296623128496,-55.10732077164116
466070,466.07,18.24,291.39,1019.86,1.219293795807766,-54.85899614272905
466216,466.216,18.24,291.39,1019.91,1.2193535733162384,-55.27286723805696
466365,466.365,18.24,291.39,1019.88,1.2193177068111551,-55.024546552591325
466511,466.511,18.24,291.39,1019.88,1.2193177068111551,-55.024546552591325
466657,466.657,18.24,291.39,1019.89,1.2193296623128496,-55.10732077164116
466803,466.803,18.24,291.39,1019.89,1.2193296623128496,-55.10732077164116
466950,466.95,18.24,291.39,1019.87,1.2193057513094607,-54.94177167628729
467095,467.095,18.24,291.39,1019.91,1.2193535733162384,-55.27286723805696
467241,467.241,18.24,291.39,1019.9,1.219341617814544,-55.19009433346632
467397,467.397,18.24,291.39,1019.89,1.2193296623128496,-55.10732077164116
467543,467.543,18.24,291.39,1019.87,1.2193057513094607,-54.94177167628729
467690,467.69,18.24,291.39,1019.89,1.2193296623128496,-55.10732077164116
467835,467.835,18.24,291.39,1019.87,1.2193057513094607,-54.94177167628729
467982,467.982,18.24,291.39,1019.88,1.2193177068111551,-55.024546552591325
468128,468.128,18.24,291.39,1019.86,1.219293795807766,-54.85899614272905
468311,468.311,18.24,291.39,1019.88,1.2193177068111551,-55.024546552591325
468458,468.458,18.24,291.39,1019.91,1.2193535733162384,-55.27286723805696
468606,468.606,18.24,291.39,1019.87,1.2193057513094607,-54.94177167628729
468753,468.753,18.24,291.39,1019.89,1.2193296623128496,-55.10732077164116
468898,468.898,18.25,291.4,1019.89,1.2192878184671971,-55.10732077164116
469045,469.045,18.25,291.4,1019.89,1.2192878184671971,-55.10732077164116
469191,469.191,18.24,291.39,1019.87,1.2193057513094607,-54.94177167628729
469337,469.337,18.25,291.4,1019.91,1.21931172865003,-55.27286723805696
469483,469.483,18.25,291.4,1019.88,1.2192758633757808,-55.024546552591325
469629,469.629,18.25,291.4,1019.83,1.2192160879186988,-54.61066559840112
469785,469.785,18.25,291.4,1019.87,1.2192639082843644,-54.94177167628729
469931,469.931,18.25,291.4,1019.88,1.2192758633757808,-55.024546552591325
470078,470.078,18.25,291.4,1019.87,1.2192639082843644,-54.94177167628729
470223,470.223,18.25,291.4,1019.86,1.219251953192948,-54.85899614272905
470370,470.37,18.25,291.4,1019.87,1.2192639082843644,-54.94177167628729
470516,470.516,18.25,291.4,1019.84,1.2192280430101152,-54.693443103800725
470663,470.663,18.25,291.4,1019.88,1.2192758633757808,-55.024546552591325
470811,470.811,18.25,291.4,1019.88,1.2192758633757808,-55.024546552591325
470956,470.956,18.25,291.4,1019.86,1.219251953192948,-54.85899614272905
471103,471.103,18.25,291.4,1019.85,1.2192399981015316,-54.776219951906754
471249,471.249,18.25,291.4,1019.85,1.2192399981015316,-54.776219951906754
471395,471.395,18.25,291.4,1019.86,1.219251953192948,-54.85899614272905
471541,471.541,18.25,291.4,1019.85,1.2192399981015316,-54.776219951906754
471688,471.688,18.24,291.39,1019.86,1.219293795807766,-54.85899614272905
471834,471.834,18.24,291.39,1019.88,1.2193177068111551,-55.024546552591325
471990,471.99,18.23,291.38,1019.88,1.2193595531186165,-55.024546552591325
472136,472.136,18.24,291.39,1019.88,1.2193177068111551,-55.024546552591325
472282,472.282,18.22,291.37,1019.89,1.2194133586207956,-55.10732077164116
472428,472.428,18.22,291.37,1019.91,1.2194372712654655,-55.27286723805696
472574,472.574,18.22,291.37,1019.9,1.2194253149431304,-55.19009433346632
472720,472.72,18.22,291.37,1019.9,1.2194253149431304,-55.19009433346632
472866,472.866,18.22,291.37,1019.89,1.2194133586207956,-55.10732077164116
473013,473.013,18.22,291.37,1019.9,1.2194253149431304,-55.19009433346632
473157,473.157,18.22,291.37,1019.88,1.2194014022984605,-55.024546552591325
473302,473.302,18.22,291.37,1019.84,1.2193535770091206,-54.693443103800725
473449,473.449,18.21,291.35999999999996,1019.87,1.219431297618286,-54.94177167628729
473595,473.595,18.21,291.35999999999996,1019.87,1.219431297618286,-54.94177167628729
473742,473.742,18.21,291.35999999999996,1019.87,1.219431297618286,-54.94177167628729
473887,473.887,18.21,291.35999999999996,1019.86,1.2194193408855885,-54.85899614272905
474034,474.034,18.21,291.35999999999996,1019.87,1.219431297618286,-54.94177167628729
474226,474.226,18.21,291.35999999999996,1019.87,1.219431297618286,-54.94177167628729
474373,474.373,18.22,291.37,1019.88,1.2194014022984605,-55.024546552591325
474519,474.519,18.21,291.35999999999996,1019.86,1.2194193408855885,-54.85899614272905
474664,474.664,18.22,291.37,1019.89,1.2194133586207956,-55.10732077164116
474811,474.811,18.22,291.37,1019.89,1.2194133586207956,-55.10732077164116
474957,474.957,18.23,291.38,1019.84,1.2193117294706142,-54.693443103800725
475104,475.104,18.22,291.37,1019.88,1.2194014022984605,-55.024546552591325
475249,475.249,18.22,291.37,1019.9,1.2194253149431304,-55.19009433346632
475399,475.399,18.22,291.37,1019.89,1.2194133586207956,-55.10732077164116
475544,475.544,18.22,291.37,1019.87,1.2193894459761256,-54.94177167628729
475690,475.69,18.23,291.38,1019.86,1.2193356412946152,-54.85899614272905
475837,475.837,18.23,291.38,1019.89,1.2193715090306172,-55.10732077164116
475982,475.982,18.23,291.38,1019.91,1.2193954208546183,-55.27286723805696
476129,476.129,18.23,291.38,1019.88,1.2193595531186165,-55.024546552591325
476275,476.275,18.23,291.38,1019.9,1.2193834649426178,-55.19009433346632
476431,476.431,18.22,291.37,1019.89,1.2194133586207956,-55.10732077164116
476577,476.577,18.22,291.37,1019.91,1.2194372712654655,-55.27286723805696
476724,476.724,18.21,291.35999999999996,1019.89,1.219455211083681,-55.10732077164116
476870,476.87,18.21,291.35999999999996,1019.86,1.2194193408855885,-54.85899614272905
477015,477.015,18.21,291.35999999999996,1019.89,1.219455211083681,-55.10732077164116
477162,477.162,18.21,291.35999999999996,1019.87,1.219431297618286,-54.94177167628729
477308,477.308,18.21,291.35999999999996,1019.85,1.219407384152891,-54.776219951906754
477455,477.455,18.2,291.34999999999997,1019.82,1.2194133664179514,-54.52788743570794
477640,477.64,18.21,291.35999999999996,1019.85,1.219407384152891,-54.776219951906754
477786,477.786,18.22,291.37,1019.86,1.2193774896537906,-54.85899614272905
477932,477.932,18.22,291.37,1019.87,1.2193894459761256,-54.94177167628729
478078,478.078,18.2,291.34999999999997,1019.9,1.2195090235626567,-55.19009433346632
478225,478.225,18.2,291.34999999999997,1019.89,1.2194970664195686,-55.10732077164116
478370,478.37,18.2,291.34999999999997,1019.86,1.219461194990304,-54.85899614272905
478517,478.517,18.2,291.34999999999997,1019.86,1.219461194990304,-54.85899614272905
478663,478.663,18.2,291.34999999999997,1019.86,1.219461194990304,-54.85899614272905
478819,478.819,18.2,291.34999999999997,1019.87,1.2194731521333921,-54.94177167628729
478965,478.965,18.2,291.34999999999997,1019.9,1.2195090235626567,-55.19009433346632
479112,479.112,18.19,291.34,1019.86,1.219503051968233,-54.85899614272905
479258,479.258,18.19,291.34,1019.89,1.2195389246287542,-55.10732077164116
479403,479.403,18.19,291.34,1019.87,1.2195150095217402,-54.94177167628729
479550,479.55,18.2,291.34999999999997,1019.89,1.2194970664195686,-55.10732077164116
479696,479.696,18.2,291.34999999999997,1019.89,1.2194970664195686,-55.10732077164116
479845,479.845,18.2,291.34999999999997,1019.86,1.219461194990304,-54.85899614272905
479991,479.991,18.2,291.34999999999997,1019.9,1.2195090235626567,-55.19009433346632
480138,480.138,18.19,291.34,1019.85,1.2194910944147261,-54.776219951906754
480283,480.283,18.2,291.34999999999997,1019.86,1.219461194990304,-54.85899614272905
480429,480.429,18.2,291.34999999999997,1019.87,1.2194731521333921,-54.94177167628729
480576,480.576,18.2,291.34999999999997,1019.86,1.219461194990304,-54.85899614272905
480722,480.722,18.2,291.34999999999997,1019.87,1.2194731521333921,-54.94177167628729
480868,480.868,18.19,291.34,1019.87,1.2195150095217402,-54.94177167628729
481024,481.024,18.2,291.34999999999997,1019.85,1.219449237847216,-54.776219951906754
481171,481.171,18.19,291.34,1019.86,1.219503051968233,-54.85899614272905
481316,481.316,18.19,291.34,1019.87,1.2195150095217402,-54.94177167628729
481463,481.463,18.19,291.34,1019.85,1.2194910944147261,-54.776219951906754
481609,481.609,18.18,291.33,1019.86,1.219544911819672,-54.85899614272905
481756,481.756,18.18,291.33,1019.9,1.2195927436754883,-55.19009433346632
481901,481.901,18.18,291.33,1019.88,1.2195688277475802,-55.024546552591325
482047,482.047,18.17,291.32,1019.87,1.2195987329193456,-54.94177167628729
482197,482.197,18.17,291.32,1019.88,1.2196106912937748,-55.024546552591325
482379,482.379,18.17,291.32,1019.86,1.2195867745449163,-54.85899614272905
482526,482.526,18.17,291.32,1019.9,1.2196346080426335,-55.19009433346632
482672,482.672,18.17,291.32,1019.86,1.2195867745449163,-54.85899614272905
482818,482.818,18.17,291.32,1019.87,1.2195987329193456,-54.94177167628729
482964,482.964,18.17,291.32,1019.84,1.2195628577960578,-54.693443103800725
483110,483.11,18.18,291.33,1019.83,1.2195090379278097,-54.61066559840112
483267,483.267,18.18,291.33,1019.83,1.2195090379278097,-54.61066559840112
483413,483.413,18.19,291.34,1019.84,1.219479136861219,-54.693443103800725
483559,483.559,18.19,291.34,1019.87,1.2195150095217402,-54.94177167628729
483705,483.705,18.19,291.34,1019.84,1.219479136861219,-54.693443103800725
483852,483.852,18.2,291.34999999999997,1019.84,1.2194372807041276,-54.693443103800725
483998,483.998,18.21,291.35999999999996,1019.83,1.219383470687496,-54.61066559840112
484145,484.145,18.21,291.35999999999996,1019.83,1.219383470687496,-54.61066559840112
484290,484.29,18.22,291.37,1019.84,1.2193535770091206,-54.693443103800725
484439,484.439,18.22,291.37,1019.81,1.2193177080421158,-54.4451086156818
484585,484.585,18.22,291.37,1019.81,1.2193177080421158,-54.4451086156818
484731,484.731,18.23,291.38,1019.82,1.2192878176466129,-54.52788743570794
484878,484.878,18.22,291.37,1019.82,1.2193296643644507,-54.52788743570794
485024,485.024,18.22,291.37,1019.81,1.2193177080421158,-54.4451086156818
485171,485.171,18.22,291.37,1019.83,1.2193416206867858,-54.61066559840112
485316,485.316,18.22,291.37,1019.84,1.2193535770091206,-54.693443103800725
485462,485.462,18.21,291.35999999999996,1019.81,1.219359557222101,-54.4451086156818
485619,485.619,18.21,291.35999999999996,1019.83,1.219383470687496,-54.61066559840112
485765,485.765,18.21,291.35999999999996,1019.83,1.219383470687496,-54.61066559840112
485911,485.911,18.2,291.34999999999997,1019.83,1.2194253235610395,-54.61066559840112
486057,486.057,18.2,291.34999999999997,1019.81,1.219401409274863,-54.4451086156818
486204,486.204,18.19,291.34,1019.83,1.219467179307712,-54.61066559840112
486350,486.35,18.19,291.34,1019.82,1.219455221754205,-54.52788743570794
486497,486.497,18.19,291.34,1019.81,1.2194432642006978,-54.4451086156818
486645,486.645,18.19,291.34,1019.78,1.2194073915401769,-54.19676821162536
486792,486.792,18.18,291.33,1019.81,1.2194851219999017,-54.4451086156818
486974,486.974,18.18,291.33,1019.79,1.2194612060719936,-54.2795490036602
487120,487.12,18.18,291.33,1019.84,1.2195209958917639,-54.693443103800725
487267,487.267,18.17,291.32,1019.82,1.219538941047199,-54.52788743570794
487413,487.413,18.17,291.32,1019.85,1.219574816170487,-54.776219951906754
487560,487.56,18.17,291.32,1019.83,1.2195508994216284,-54.61066559840112
487706,487.706,18.17,291.32,1019.82,1.219538941047199,-54.52788743570794
487862,487.862,18.17,291.32,1019.83,1.2195508994216284,-54.61066559840112
488008,488.008,18.16,291.31,1019.83,1.2195927637894641,-54.61066559840112
488155,488.155,18.16,291.31,1019.85,1.2196166813593294,-54.776219951906754
488301,488.301,18.16,291.31,1019.82,1.2195808050045316,-54.52788743570794
488446,488.446,18.15,291.29999999999995,1019.82,1.2196226718361487,-54.52788743570794
488593,488.593,18.15,291.29999999999995,1019.83,1.2196346310316128,-54.61066559840112
488739,488.739,18.15,291.29999999999995,1019.81,1.2196107126406843,-54.4451086156818
488888,488.888,18.15,291.29999999999995,1019.83,1.2196346310316128,-54.61066559840112
489034,489.034,18.14,291.28999999999996,1019.82,1.2196645415423464,-54.52788743570794
489181,489.181,18.15,291.29999999999995,1019.84,1.2196465902270772,-54.693443103800725
489327,489.327,18.14,291.28999999999996,1019.8,1.2196406223302985,-54.362329138342396
489473,489.473,18.13,291.28,1019.8,1.219682494090197,-54.362329138342396
489620,489.62,18.13,291.28,1019.78,1.219658574056973,-54.19676821162536
489765,489.765,18.12,291.27,1019.81,1.2197363291524406,-54.4451086156818
489912,489.912,18.12,291.27,1019.82,1.2197482895796685,-54.52788743570794
490068,490.068,18.12,291.27,1019.83,1.2197602500068967,-54.61066559840112
490214,490.214,18.11,291.26,1019.8,1.2197662462356402,-54.362329138342396
490360,490.36,18.11,291.26,1019.82,1.2197901679113852,-54.52788743570794
490507,490.507,18.1,291.25,1019.84,1.2198559716159572,-54.693443103800725
490690,490.69,18.1,291.25,1019.82,1.2198320491188672,-54.52788743570794
490836,490.836,18.09,291.23999999999995,1019.81,1.219861971543165,-54.4451086156818
490982,490.982,18.09,291.23999999999995,1019.84,1.2198978565209022,-54.693443103800725
491128,491.128,18.09,291.23999999999995,1019.84,1.2198978565209022,-54.693443103800725
491277,491.277,18.09,291.23999999999995,1019.82,1.2198739332024107,-54.52788743570794
491423,491.423,18.08,291.22999999999996,1019.82,1.219915820162312,-54.52788743570794
491570,491.57,18.07,291.21999999999997,1019.82,1.219957709998867,-54.52788743570794
491716,491.716,18.07,291.21999999999997,1019.85,1.2199935974410627,-54.776219951906754
491862,491.862,18.07,291.21999999999997,1019.8,1.2199337850374032,-54.362329138342396
492009,492.009,18.06,291.21,1019.8,1.2199756769293382,-54.362329138342396
492155,492.155,18.06,291.21,1019.81,1.2199876398208556,-54.4451086156818
492311,492.311,18.06,291.21,1019.82,1.2199996027123727,-54.52788743570794
492457,492.457,18.05,291.2,1019.82,1.2200414983031251,-54.52788743570794
492604,492.604,18.06,291.21,1019.82,1.2199996027123727,-54.52788743570794
492750,492.75,18.05,291.2,1019.81,1.2200295350007944,-54.4451086156818
492897,492.897,18.06,291.21,1019.84,1.2200235284954073,-54.693443103800725
493042,493.042,18.06,291.21,1019.81,1.2199876398208556,-54.4451086156818
493189,493.189,18.06,291.21,1019.8,1.2199756769293382,-54.362329138342396
493335,493.335,18.07,291.21999999999997,1019.81,1.2199457475181352,-54.4451086156818
493483,493.483,18.08,291.22999999999996,1019.82,1.219915820162312,-54.52788743570794
493630,493.63,18.08,291.22999999999996,1019.84,1.2199397443022613,-54.693443103800725
493776,493.776,18.08,291.22999999999996,1019.85,1.219951706372236,-54.776219951906754
493923,493.923,18.09,291.23999999999995,1019.82,1.2198739332024107,-54.52788743570794
494069,494.069,18.09,291.23999999999995,1019.82,1.2198739332024107,-54.52788743570794
494216,494.216,18.09,291.23999999999995,1019.82,1.2198739332024107,-54.52788743570794
494361,494.361,18.1,291.25,1019.82,1.2198320491188672,-54.52788743570794
494507,494.507,18.09,291.23999999999995,1019.82,1.2198739332024107,-54.52788743570794
494664,494.664,18.1,291.25,1019.83,1.2198440103674122,-54.61066559840112
494811,494.811,18.1,291.25,1019.84,1.2198559716159572,-54.693443103800725
494956,494.956,18.1,291.25,1019.84,1.2198559716159572,-54.693443103800725
495102,495.102,18.1,291.25,1019.84,1.2198559716159572,-54.693443103800725
495249,495.249,18.09,291.23999999999995,1019.82,1.2198739332024107,-54.52788743570794
495395,495.395,18.09,291.23999999999995,1019.85,1.219909818180148,-54.776219951906754
495542,495.542,18.09,291.23999999999995,1019.84,1.2198978565209022,-54.693443103800725
495690,495.69,18.1,291.25,1019.84,1.2198559716159572,-54.693443103800725
495837,495.837,18.1,291.25,1019.85,1.2198679328645021,-54.776219951906754
495983,495.983,18.09,291.23999999999995,1019.85,1.219909818180148,-54.776219951906754
496129,496.129,18.1,291.25,1019.85,1.2198679328645021,-54.776219951906754
496313,496.313,18.09,291.23999999999995,1019.82,1.2198739332024107,-54.52788743570794
496459,496.459,18.1,291.25,1019.86,1.2198798941130473,-54.85899614272905
496606,496.606,18.09,291.23999999999995,1019.84,1.2198978565209022,-54.693443103800725
496751,496.751,18.09,291.23999999999995,1019.83,1.2198858948616564,-54.61066559840112
496908,496.908,18.09,291.23999999999995,1019.85,1.219909818180148,-54.776219951906754
497054,497.054,18.09,291.23999999999995,1019.83,1.2198858948616564,-54.61066559840112
497201,497.201,18.09,291.23999999999995,1019.83,1.2198858948616564,-54.61066559840112
497347,497.347,18.09,291.23999999999995,1019.83,1.2198858948616564,-54.61066559840112
497493,497.493,18.09,291.23999999999995,1019.82,1.2198739332024107,-54.52788743570794
497639,497.639,18.09,291.23999999999995,1019.81,1.219861971543165,-54.4451086156818
497785,497.785,18.09,291.23999999999995,1019.85,1.219909818180148,-54.776219951906754
497932,497.932,18.09,291.23999999999995,1019.84,1.2198978565209022,-54.693443103800725
498081,498.081,18.08,291.22999999999996,1019.82,1.219915820162312,-54.52788743570794
498228,498.228,18.08,291.22999999999996,1019.83,1.2199277822322867,-54.61066559840112
498373,498.373,18.08,291.22999999999996,1019.85,1.219951706372236,-54.776219951906754
498519,498.519,18.08,291.22999999999996,1019.81,1.2199038580923371,-54.4451086156818
498666,498.666,18.09,291.23999999999995,1019.84,1.2198978565209022,-54.693443103800725
498812,498.812,18.09,291.23999999999995,1019.83,1.2198858948616564,-54.61066559840112
498996,498.996,18.09,291.23999999999995,1019.85,1.219909818180148,-54.776219951906754
499151,499.151,18.09,291.23999999999995,1019.86,1.2199217798393938,-54.85899614272905
499298,499.298,18.09,291.23999999999995,1019.86,1.2199217798393938,-54.85899614272905
499444,499.444,18.09,291.23999999999995,1019.84,1.2198978565209022,-54.693443103800725
499591,499.591,18.09,291.23999999999995,1019.84,1.2198978565209022,-54.693443103800725
499737,499.737,18.09,291.23999999999995,1019.85,1.219909818180148,-54.776219951906754
499883,499.883,18.09,291.23999999999995,1019.84,1.2198978565209022,-54.693443103800725
500030,500.03,18.09,291.23999999999995,1019.85,1.219909818180148,-54.776219951906754
500175,500.175,18.09,291.23999999999995,1019.84,1.2198978565209022,-54.693443103800725
500325,500.325,18.09,291.23999999999995,1019.86,1.2199217798393938,-54.85899614272905
500471,500.471,18.1,291.25,1019.84,1.2198559716159572,-54.693443103800725
500618,500.618,18.1,291.25,1019.84,1.2198559716159572,-54.693443103800725
500764,500.764,18.1,291.25,1019.86,1.2198798941130473,-54.85899614272905
500911,500.911,18.09,291.23999999999995,1019.86,1.2199217798393938,-54.85899614272905
501057,501.057,18.09,291.23999999999995,1019.86,1.2199217798393938,-54.85899614272905
501203,501.203,18.09,291.23999999999995,1019.88,1.2199457031578853,-55.024546552591325
501350,501.35,18.09,291.23999999999995,1019.85,1.219909818180148,-54.776219951906754
501505,501.505,18.08,291.22999999999996,1019.84,1.2199397443022613,-54.693443103800725
501652,501.652,18.08,291.22999999999996,1019.86,1.2199636684422108,-54.85899614272905
501798,501.798,18.07,291.21999999999997,1019.83,1.219969672479599,-54.61066559840112
501945,501.945,18.07,291.21999999999997,1019.84,1.2199816349603307,-54.693443103800725
502091,502.091,18.07,291.21999999999997,1019.84,1.2199816349603307,-54.693443103800725
502238,502.238,18.08,291.22999999999996,1019.84,1.2199397443022613,-54.693443103800725
502384,502.384,18.08,291.22999999999996,1019.83,1.2199277822322867,-54.61066559840112
502533,502.533,18.08,291.22999999999996,1019.84,1.2199397443022613,-54.693443103800725
502679,502.679,18.09,291.23999999999995,1019.83,1.2198858948616564,-54.61066559840112
502825,502.825,18.08,291.22999999999996,1019.83,1.2199277822322867,-54.61066559840112
502972,502.972,18.09,291.23999999999995,1019.85,1.219909818180148,-54.776219951906754
503118,503.118,18.09,291.23999999999995,1019.86,1.2199217798393938,-54.85899614272905
503265,503.265,18.09,291.23999999999995,1019.85,1.219909818180148,-54.776219951906754
503411,503.411,18.09,291.23999999999995,1019.85,1.219909818180148,-54.776219951906754
503558,503.558,18.09,291.23999999999995,1019.83,1.2198858948616564,-54.61066559840112
503714,503.714,18.09,291.23999999999995,1019.84,1.2198978565209022,-54.693443103800725
503861,503.861,18.1,291.25,1019.83,1.2198440103674122,-54.61066559840112
504007,504.007,18.1,291.25,1019.83,1.2198440103674122,-54.61066559840112
504154,504.154,18.09,291.23999999999995,1019.83,1.2198858948616564,-54.61066559840112
504300,504.3,18.09,291.23999999999995,1019.85,1.219909818180148,-54.776219951906754
504445,504.445,18.09,291.23999999999995,1019.84,1.2198978565209022,-54.693443103800725
504592,504.592,18.09,291.23999999999995,1019.83,1.2198858948616564,-54.61066559840112
504741,504.741,18.08,291.22999999999996,1019.82,1.219915820162312,-54.52788743570794
504888,504.888,18.08,291.22999999999996,1019.83,1.2199277822322867,-54.61066559840112
505034,505.034,18.08,291.22999999999996,1019.85,1.219951706372236,-54.776219951906754
505181,505.181,18.08,291.22999999999996,1019.81,1.2199038580923371,-54.4451086156818
505327,505.327,18.08,291.22999999999996,1019.82,1.219915820162312,-54.52788743570794
505473,505.473,18.08,291.22999999999996,1019.81,1.2199038580923371,-54.4451086156818
505656,505.656,18.07,291.21999999999997,1019.82,1.219957709998867,-54.52788743570794
505802,505.802,18.07,291.21999999999997,1019.8,1.2199337850374032,-54.362329138342396
505959,505.959,18.07,291.21999999999997,1019.78,1.2199098600759395,-54.19676821162536
506105,506.105,18.06,291.21,1019.85,1.2200354913869245,-54.776219951906754
506252,506.252,18.05,291.2,1019.82,1.2200414983031251,-54.52788743570794
506398,506.398,18.04,291.19,1019.8,1.2200594693450757,-54.362329138342396
506545,506.545,18.04,291.19,1019.8,1.2200594693450757,-54.362329138342396
506691,506.691,18.04,291.19,1019.83,1.2200953604845934,-54.61066559840112
506837,506.837,18.04,291.19,1019.81,1.2200714330582483,-54.4451086156818
506984,506.984,18.05,291.2,1019.83,1.220053461605456,-54.61066559840112
507170,507.17,18.05,291.2,1019.86,1.2200893515124485,-54.85899614272905
507317,507.317,18.05,291.2,1019.85,1.2200773882101177,-54.776219951906754
507463,507.463,18.05,291.2,1019.82,1.2200414983031251,-54.52788743570794
507610,507.61,18.04,291.19,1019.81,1.2200714330582483,-54.4451086156818
507756,507.756,18.03,291.17999999999995,1019.82,1.2201252981175565,-54.52788743570794
507902,507.902,18.03,291.17999999999995,1019.82,1.2201252981175565,-54.52788743570794
508049,508.049,18.02,291.16999999999996,1019.82,1.2201672023418282,-54.52788743570794
508205,508.205,18.02,291.16999999999996,1019.82,1.2201672023418282,-54.52788743570794
508352,508.352,18.01,291.15999999999997,1019.85,1.2202450042821347,-54.776219951906754
508498,508.498,18.01,291.15999999999997,1019.86,1.220256969228002,-54.85899614272905
508645,508.645,18.01,291.15999999999997,1019.85,1.2202450042821347,-54.776219951906754
508791,508.791,18.0,291.15,1019.87,1.2203108462100765,-54.94177167628729
508937,508.937,17.99,291.14,1019.84,1.220316863822036,-54.693443103800725
509083,509.083,18.0,291.15,1019.85,1.2202869154964324,-54.776219951906754
509229,509.229,18.0,291.15,1019.86,1.2202988808532544,-54.85899614272905
509379,509.379,18.0,291.15,1019.87,1.2203108462100765,-54.94177167628729
509525,509.525,18.0,291.15,1019.84,1.2202749501396104,-54.693443103800725
509672,509.672,17.99,291.14,1019.83,1.220304898054231,-54.61066559840112
509818,509.818,17.99,291.14,1019.82,1.220292932286426,-54.52788743570794
509965,509.965,17.99,291.14,1019.84,1.220316863822036,-54.693443103800725
510111,510.111,17.99,291.14,1019.84,1.220316863822036,-54.693443103800725
510258,510.258,17.99,291.14,1019.84,1.220316863822036,-54.693443103800725
510404,510.404,17.99,291.14,1019.83,1.220304898054231,-54.61066559840112
510561,510.561,17.99,291.14,1019.81,1.2202809665186212,-54.4451086156818
510707,510.707,17.99,291.14,1019.83,1.220304898054231,-54.61066559840112
510854,510.854,17.99,291.14,1019.84,1.220316863822036,-54.693443103800725
511000,511.0,17.98,291.13,1019.84,1.2203587803838407,-54.693443103800725
511146,511.146,17.98,291.13,1019.84,1.2203587803838407,-54.693443103800725
511293,511.293,17.98,291.13,1019.83,1.2203468142050244,-54.61066559840112
511439,511.439,17.98,291.13,1019.81,1.2203228818473923,-54.4451086156818
511589,511.589,17.98,291.13,1019.83,1.2203468142050244,-54.61066559840112
511735,511.735,17.98,291.13,1019.86,1.2203827127414728,-54.85899614272905
511882,511.882,17.98,291.13,1019.83,1.2203468142050244,-54.61066559840112
512028,512.028,17.98,291.13,1019.84,1.2203587803838407,-54.693443103800725
512175,512.175,17.97,291.12,1019.84,1.2204006998253214,-54.693443103800725
512321,512.321,17.97,291.12,1019.83,1.2203887332354657,-54.61066559840112
512467,512.467,17.97,291.12,1019.83,1.2203887332354657,-54.61066559840112
512614,512.614,17.98,291.13,1019.8,1.220310915668576,-54.362329138342396
512769,512.769,17.98,291.13,1019.83,1.2203468142050244,-54.61066559840112
512916,512.916,17.98,291.13,1019.85,1.2203707465626568,-54.776219951906754
513062,513.062,17.98,291.13,1019.85,1.2203707465626568,-54.776219951906754
513209,513.209,17.99,291.14,1019.85,1.220328829589841,-54.776219951906754
513355,513.355,17.99,291.14,1019.83,1.220304898054231,-54.61066559840112
513502,513.502,17.98,291.13,1019.83,1.2203468142050244,-54.61066559840112
513648,513.648,17.98,291.13,1019.85,1.2203707465626568,-54.776219951906754
513794,513.794,17.98,291.13,1019.81,1.2203228818473923,-54.4451086156818
513944,513.944,17.98,291.13,1019.82,1.2203348480262084,-54.52788743570794
514090,514.09,17.98,291.13,1019.83,1.2203468142050244,-54.61066559840112
514237,514.237,17.98,291.13,1019.85,1.2203707465626568,-54.776219951906754
514383,514.383,17.98,291.13,1019.87,1.220394678920289,-54.94177167628729
514530,514.53,17.99,291.14,1019.86,1.220340795357646,-54.85899614272905
514676,514.676,17.99,291.14,1019.85,1.220328829589841,-54.776219951906754
514823,514.823,17.99,291.14,1019.83,1.220304898054231,-54.61066559840112
515016,515.016,17.99,291.14,1019.82,1.220292932286426,-54.52788743570794
515163,515.163,17.99,291.14,1019.85,1.220328829589841,-54.776219951906754
515309,515.309,17.99,291.14,1019.83,1.220304898054231,-54.61066559840112
515492,515.492,17.99,291.14,1019.81,1.2202809665186212,-54.4451086156818
515639,515.639,17.99,291.14,1019.81,1.2202809665186212,-54.4451086156818
515785,515.785,17.99,291.14,1019.85,1.220328829589841,-54.776219951906754
515932,515.932,18.0,291.15,1019.86,1.2202988808532544,-54.85899614272905
516078,516.078,18.0,291.15,1019.86,1.2202988808532544,-54.85899614272905
516226,516.226,18.0,291.15,1019.86,1.2202988808532544,-54.85899614272905
516373,516.373,18.0,291.15,1019.83,1.2202629847827882,-54.61066559840112
516519,516.519,18.0,291.15,1019.82,1.2202510194259661,-54.52788743570794
516666,516.666,18.0,291.15,1019.81,1.2202390540691441,-54.4451086156818
516812,516.812,18.01,291.15999999999997,1019.84,1.2202330393362673,-54.693443103800725
516959,516.959,18.0,291.15,1019.83,1.2202629847827882,-54.61066559840112
517105,517.105,18.01,291.15999999999997,1019.84,1.2202330393362673,-54.693443103800725
517252,517.252,18.01,291.15999999999997,1019.84,1.2202330393362673,-54.693443103800725
517408,517.408,18.01,291.15999999999997,1019.83,1.2202210743903998,-54.61066559840112
517555,517.555,18.01,291.15999999999997,1019.82,1.2202091094445326,-54.52788743570794
517701,517.701,18.01,291.15999999999997,1019.82,1.2202091094445326,-54.52788743570794
517847,517.847,18.01,291.15999999999997,1019.84,1.2202330393362673,-54.693443103800725
517994,517.994,18.01,291.15999999999997,1019.84,1.2202330393362673,-54.693443103800725
518140,518.14,18.01,291.15999999999997,1019.8,1.2201851795527978,-54.362329138342396
518287,518.287,18.02,291.16999999999996,1019.84,1.22019113141171,-54.693443103800725
518436,518.436,18.02,291.16999999999996,1019.83,1.220179166876769,-54.61066559840112
518583,518.583,18.02,291.16999999999996,1019.82,1.2201672023418282,-54.52788743570794
518729,518.729,18.01,291.15999999999997,1019.84,1.2202330393362673,-54.693443103800725
518876,518.876,18.02,291.16999999999996,1019.84,1.22019113141171,-54.693443103800725
519022,519.022,18.02,291.16999999999996,1019.85,1.2202030959466508,-54.776219951906754
519168,519.168,18.02,291.16999999999996,1019.83,1.220179166876769,-54.61066559840112
519315,519.315,18.02,291.16999999999996,1019.83,1.220179166876769,-54.61066559840112
519461,519.461,18.03,291.17999999999995,1019.85,1.2201611904896845,-54.776219951906754
519618,519.618,18.02,291.16999999999996,1019.82,1.2201672023418282,-54.52788743570794
519764,519.764,18.02,291.16999999999996,1019.84,1.22019113141171,-54.693443103800725
519911,519.911,18.02,291.16999999999996,1019.83,1.220179166876769,-54.61066559840112
520057,520.057,18.01,291.15999999999997,1019.83,1.2202210743903998,-54.61066559840112
520204,520.204,18.01,291.15999999999997,1019.86,1.220256969228002,-54.85899614272905
520350,520.35,18.01,291.15999999999997,1019.84,1.2202330393362673,-54.693443103800725
520498,520.498,18.01,291.15999999999997,1019.86,1.220256969228002,-54.85899614272905
520646,520.646,18.01,291.15999999999997,1019.85,1.2202450042821347,-54.776219951906754
520793,520.793,18.0,291.15,1019.86,1.2202988808532544,-54.85899614272905
520939,520.939,18.01,291.15999999999997,1019.83,1.2202210743903998,-54.61066559840112
521085,521.085,17.99,291.14,1019.83,1.220304898054231,-54.61066559840112
521232,521.232,17.99,291.14,1019.83,1.220304898054231,-54.61066559840112
521378,521.378,17.99,291.14,1019.83,1.220304898054231,-54.61066559840112
521525,521.525,17.99,291.14,1019.82,1.220292932286426,-54.52788743570794
521672,521.672,17.99,291.14,1019.82,1.220292932286426,-54.52788743570794
521828,521.828,17.99,291.14,1019.83,1.220304898054231,-54.61066559840112
521974,521.974,17.99,291.14,1019.82,1.220292932286426,-54.52788743570794
522121,522.121,17.99,291.14,1019.8,1.2202690007508161,-54.362329138342396
522267,522.267,17.99,291.14,1019.86,1.220340795357646,-54.85899614272905
522415,522.415,17.98,291.13,1019.82,1.2203348480262084,-54.52788743570794
522561,522.561,17.99,291.14,1019.81,1.2202809665186212,-54.4451086156818
522707,522.707,17.98,291.13,1019.83,1.2203468142050244,-54.61066559840112
522854,522.854,17.98,291.13,1019.85,1.2203707465626568,-54.776219951906754
523002,523.002,17.97,291.12,1019.82,1.2203767666456102,-54.52788743570794
523150,523.15,17.98,291.13,1019.84,1.2203587803838407,-54.693443103800725
523296,523.296,17.97,291.12,1019.85,1.2204126664151769,-54.776219951906754
523443,523.443,17.97,291.12,1019.81,1.2203648000557548,-54.4451086156818
523589,523.589,17.97,291.12,1019.82,1.2203767666456102,-54.52788743570794
523772,523.772,17.96,291.10999999999996,1019.82,1.2204186881449284,-54.52788743570794
523919,523.919,17.96,291.10999999999996,1019.83,1.2204306551458515,-54.61066559840112
524075,524.075,17.96,291.10999999999996,1019.84,1.2204426221467746,-54.693443103800725
524222,524.222,17.96,291.10999999999996,1019.88,1.2204904901504672,-55.024546552591325
524405,524.405,17.96,291.10999999999996,1019.84,1.2204426221467746,-54.693443103800725
524552,524.552,17.96,291.10999999999996,1019.85,1.2204545891476977,-54.776219951906754
524698,524.698,17.96,291.10999999999996,1019.83,1.2204306551458515,-54.61066559840112
524844,524.844,17.96,291.10999999999996,1019.86,1.220466556148621,-54.85899614272905
524991,524.991,17.96,291.10999999999996,1019.85,1.2204545891476977,-54.776219951906754
525137,525.137,17.96,291.10999999999996,1019.82,1.2204186881449284,-54.52788743570794
525287,525.287,17.96,291.10999999999996,1019.83,1.2204306551458515,-54.61066559840112
525433,525.433,17.95,291.09999999999997,1019.84,1.2204845473484973,-54.693443103800725
525580,525.58,17.95,291.09999999999997,1019.83,1.2204725799364784,-54.61066559840112
525726,525.726,17.95,291.09999999999997,1019.85,1.2204965147605165,-54.776219951906754
525873,525.873,17.95,291.09999999999997,1019.85,1.2204965147605165,-54.776219951906754
526019,526.019,17.95,291.09999999999997,1019.86,1.2205084821725354,-54.85899614272905
526166,526.166,17.94,291.09,1019.85,1.2205384432539292,-54.776219951906754
526313,526.313,17.94,291.09,1019.84,1.220526475430786,-54.693443103800725
526469,526.469,17.94,291.09,1019.83,1.220514507607643,-54.61066559840112
526616,526.616,17.94,291.09,1019.85,1.2205384432539292,-54.776219951906754
526762,526.762,17.94,291.09,1019.85,1.2205384432539292,-54.776219951906754
526909,526.909,17.94,291.09,1019.8,1.2204786041382136,-54.362329138342396
527055,527.055,17.93,291.08,1019.81,1.2205325016910518,-54.4451086156818
527202,527.202,17.94,291.09,1019.83,1.220514507607643,-54.61066559840112
527348,527.348,17.94,291.09,1019.87,1.2205623789002156,-54.94177167628729
527498,527.498,17.94,291.09,1019.81,1.2204905719613568,-54.4451086156818
527644,527.644,17.94,291.09,1019.84,1.220526475430786,-54.693443103800725
527791,527.791,17.94,291.09,1019.86,1.2205504110770724,-54.85899614272905
527937,527.937,17.94,291.09,1019.86,1.2205504110770724,-54.85899614272905
528083,528.083,17.93,291.08,1019.85,1.2205803746282338,-54.776219951906754
528230,528.23,17.93,291.08,1019.84,1.2205684063939384,-54.693443103800725
528376,528.376,17.93,291.08,1019.85,1.2205803746282338,-54.776219951906754
528524,528.524,17.93,291.08,1019.83,1.2205564381596428,-54.61066559840112
528679,528.679,17.92,291.07,1019.85,1.2206223088837265,-54.776219951906754
528827,528.827,17.92,291.07,1019.87,1.2206462461746788,-54.94177167628729
528973,528.973,17.92,291.07,1019.83,1.2205983715927742,-54.61066559840112
529120,529.12,17.92,291.07,1019.83,1.2205983715927742,-54.61066559840112
529266,529.266,17.91,291.06,1019.83,1.2206403079073345,-54.61066559840112
529413,529.413,17.92,291.07,1019.83,1.2205983715927742,-54.61066559840112
529559,529.559,17.91,291.06,1019.88,1.2207001531907595,-55.024546552591325
529705,529.705,17.91,291.06,1019.85,1.2206642460207047,-54.776219951906754
529855,529.855,17.91,291.06,1019.84,1.2206522769640196,-54.693443103800725
530001,530.001,17.91,291.06,1019.84,1.2206522769640196,-54.693443103800725
530148,530.148,17.9,291.04999999999995,1019.85,1.220706186039465,-54.776219951906754
530294,530.294,17.9,291.04999999999995,1019.86,1.2207181555073872,-54.85899614272905
530442,530.442,17.9,291.04999999999995,1019.85,1.220706186039465,-54.776219951906754
530588,530.588,17.89,291.03999999999996,1019.86,1.2207600988194924,-54.85899614272905
530735,530.735,17.89,291.03999999999996,1019.85,1.2207481289403048,-54.776219951906754
530891,530.891,17.89,291.03999999999996,1019.85,1.2207481289403048,-54.776219951906754
531038,531.038,17.89,291.03999999999996,1019.83,1.2207241891819298,-54.61066559840112
531184,531.184,17.89,291.03999999999996,1019.85,1.2207481289403048,-54.776219951906754
531330,531.33,17.89,291.03999999999996,1019.86,1.2207600988194924,-54.85899614272905
531477,531.477,17.89,291.03999999999996,1019.84,1.2207361590611172,-54.693443103800725
531623,531.623,17.89,291.03999999999996,1019.87,1.2207720686986798,-54.94177167628729
531770,531.77,17.88,291.03,1019.87,1.2208140153044833,-54.94177167628729
531917,531.917,17.89,291.03999999999996,1019.84,1.2207361590611172,-54.693443103800725
532103,532.103,17.89,291.03999999999996,1019.88,1.2207840385778674,-55.024546552591325
532249,532.249,17.89,291.03999999999996,1019.85,1.2207481289403048,-54.776219951906754
532395,532.395,17.9,291.04999999999995,1019.88,1.2207420944432315,-55.024546552591325
532542,532.542,17.9,291.04999999999995,1019.87,1.2207301249753093,-54.94177167628729
532689,532.689,17.9,291.04999999999995,1019.87,1.2207301249753093,-54.94177167628729
532836,532.836,17.9,291.04999999999995,1019.86,1.2207181555073872,-54.85899614272905
532982,532.982,17.9,291.04999999999995,1019.87,1.2207301249753093,-54.94177167628729
533129,533.129,17.9,291.04999999999995,1019.89,1.2207540639111536,-55.10732077164116
533285,533.285,17.9,291.04999999999995,1019.87,1.2207301249753093,-54.94177167628729
533432,533.432,17.9,291.04999999999995,1019.86,1.2207181555073872,-54.85899614272905
533578,533.578,17.91,291.06,1019.86,1.2206762150773895,-54.85899614272905
533761,533.761,17.91,291.06,1019.87,1.2206881841340746,-54.94177167628729
533908,533.908,17.91,291.06,1019.88,1.2207001531907595,-55.024546552591325
534055,534.055,17.91,291.06,1019.84,1.2206522769640196,-54.693443103800725
534202,534.202,17.91,291.06,1019.86,1.2206762150773895,-54.85899614272905
534350,534.35,17.91,291.06,1019.84,1.2206522769640196,-54.693443103800725
534498,534.498,17.92,291.07,1019.88,1.2206582148201548,-55.024546552591325
534644,534.644,17.92,291.07,1019.86,1.2206342775292025,-54.85899614272905
534791,534.791,17.92,291.07,1019.83,1.2205983715927742,-54.61066559840112
534937,534.937,17.92,291.07,1019.83,1.2205983715927742,-54.61066559840112
535083,535.083,17.92,291.07,1019.83,1.2205983715927742,-54.61066559840112
535230,535.23,17.92,291.07,1019.86,1.2206342775292025,-54.85899614272905
535376,535.376,17.92,291.07,1019.84,1.2206103402382502,-54.693443103800725
535533,535.533,17.92,291.07,1019.83,1.2205983715927742,-54.61066559840112
535679,535.679,17.92,291.07,1019.86,1.2206342775292025,-54.85899614272905
535827,535.827,17.92,291.07,1019.82,1.220586402947298,-54.52788743570794
535973,535.973,17.92,291.07,1019.85,1.2206223088837265,-54.776219951906754
536120,536.12,17.93,291.08,1019.82,1.2205444699253472,-54.52788743570794
536266,536.266,17.93,291.08,1019.86,1.2205923428625294,-54.85899614272905
536413,536.413,17.93,291.08,1019.84,1.2205684063939384,-54.693443103800725
536562,536.562,17.93,291.08,1019.85,1.2205803746282338,-54.776219951906754
536709,536.709,17.93,291.08,1019.81,1.2205325016910518,-54.4451086156818
536855,536.855,17.93,291.08,1019.86,1.2205923428625294,-54.85899614272905
537001,537.001,17.94,291.09,1019.85,1.2205384432539292,-54.776219951906754
537149,537.149,17.94,291.09,1019.82,1.2205025397844997,-54.52788743570794
537295,537.295,17.94,291.09,1019.81,1.2204905719613568,-54.4451086156818
537442,537.442,17.94,291.09,1019.84,1.220526475430786,-54.693443103800725
537588,537.588,17.94,291.09,1019.83,1.220514507607643,-54.61066559840112
537745,537.745,17.94,291.09,1019.86,1.2205504110770724,-54.85899614272905
537891,537.891,17.94,291.09,1019.87,1.2205623789002156,-54.94177167628729
538039,538.039,17.94,291.09,1019.86,1.2205504110770724,-54.85899614272905
538185,538.185,17.95,291.09999999999997,1019.85,1.2204965147605165,-54.776219951906754
538332,538.332,17.94,291.09,1019.81,1.2204905719613568,-54.4451086156818
538478,538.478,17.94,291.09,1019.84,1.220526475430786,-54.693443103800725
538624,538.624,17.95,291.09999999999997,1019.83,1.2204725799364784,-54.61066559840112
538772,538.772,17.96,291.10999999999996,1019.82,1.2204186881449284,-54.52788743570794
538920,538.92,17.95,291.09999999999997,1019.82,1.2204606125244593,-54.52788743570794
539067,539.067,17.96,291.10999999999996,1019.82,1.2204186881449284,-54.52788743570794
539214,539.214,17.96,291.10999999999996,1019.83,1.2204306551458515,-54.61066559840112
539361,539.361,17.96,291.10999999999996,1019.83,1.2204306551458515,-54.61066559840112
539507,539.507,17.95,291.09999999999997,1019.82,1.2204606125244593,-54.52788743570794
539654,539.654,17.95,291.09999999999997,1019.82,1.2204606125244593,-54.52788743570794
539800,539.8,17.95,291.09999999999997,1019.82,1.2204606125244593,-54.52788743570794
539957,539.957,17.95,291.09999999999997,1019.82,1.2204606125244593,-54.52788743570794
540103,540.103,17.95,291.09999999999997,1019.84,1.2204845473484973,-54.693443103800725
540286,540.286,17.95,291.09999999999997,1019.84,1.2204845473484973,-54.693443103800725
540434,540.434,17.95,291.09999999999997,1019.83,1.2204725799364784,-54.61066559840112
540580,540.58,17.95,291.09999999999997,1019.84,1.2204845473484973,-54.693443103800725
540727,540.727,17.96,291.10999999999996,1019.83,1.2204306551458515,-54.61066559840112
540873,540.873,17.95,291.09999999999997,1019.86,1.2205084821725354,-54.85899614272905
541020,541.02,17.96,291.10999999999996,1019.85,1.2204545891476977,-54.776219951906754
541169,541.169,17.96,291.10999999999996,1019.84,1.2204426221467746,-54.693443103800725
541316,541.316,17.96,291.10999999999996,1019.84,1.2204426221467746,-54.693443103800725
541462,541.462,17.97,291.12,1019.81,1.2203648000557548,-54.4451086156818
541609,541.609,17.97,291.12,1019.81,1.2203648000557548,-54.4451086156818
541756,541.756,17.97,291.12,1019.84,1.2204006998253214,-54.693443103800725
541902,541.902,17.97,291.12,1019.81,1.2203648000557548,-54.4451086156818
542049,542.049,17.98,291.13,1019.82,1.2203348480262084,-54.52788743570794
542196,542.196,17.98,291.13,1019.83,1.2203468142050244,-54.61066559840112
542352,542.352,17.98,291.13,1019.84,1.2203587803838407,-54.693443103800725
542499,542.499,17.98,291.13,1019.85,1.2203707465626568,-54.776219951906754
542646,542.646,17.99,291.14,1019.82,1.220292932286426,-54.52788743570794
542792,542.792,17.99,291.14,1019.82,1.220292932286426,-54.52788743570794
542939,542.939,18.0,291.15,1019.85,1.2202869154964324,-54.776219951906754
543122,543.122,18.0,291.15,1019.79,1.2202151233555,-54.2795490036602
543269,543.269,18.0,291.15,1019.81,1.2202390540691441,-54.4451086156818
543418,543.418,18.0,291.15,1019.82,1.2202510194259661,-54.52788743570794
543564,543.564,18.0,291.15,1019.83,1.2202629847827882,-54.61066559840112
543712,543.712,18.0,291.15,1019.81,1.2202390540691441,-54.4451086156818
543858,543.858,18.0,291.15,1019.83,1.2202629847827882,-54.61066559840112
544005,544.005,18.0,291.15,1019.82,1.2202510194259661,-54.52788743570794
544151,544.151,18.0,291.15,1019.84,1.2202749501396104,-54.693443103800725
544297,544.297,18.0,291.15,1019.82,1.2202510194259661,-54.52788743570794
544445,544.445,18.0,291.15,1019.8,1.220227088712322,-54.362329138342396
544601,544.601,18.0,291.15,1019.8,1.220227088712322,-54.362329138342396
544748,544.748,18.01,291.15999999999997,1019.85,1.2202450042821347,-54.776219951906754
544894,544.894,18.0,291.15,1019.81,1.2202390540691441,-54.4451086156818
545041,545.041,18.0,291.15,1019.84,1.2202749501396104,-54.693443103800725
545187,545.187,18.0,291.15,1019.8,1.220227088712322,-54.362329138342396
545334,545.334,18.01,291.15999999999997,1019.84,1.2202330393362673,-54.693443103800725
545481,545.481,18.01,291.15999999999997,1019.85,1.2202450042821347,-54.776219951906754
545628,545.628,18.01,291.15999999999997,1019.87,1.2202689341738693,-54.94177167628729
545777,545.777,18.01,291.15999999999997,1019.84,1.2202330393362673,-54.693443103800725
545924,545.924,18.01,291.15999999999997,1019.83,1.2202210743903998,-54.61066559840112
546070,546.07,18.01,291.15999999999997,1019.84,1.2202330393362673,-54.693443103800725
546216,546.216,18.01,291.15999999999997,1019.83,1.2202210743903998,-54.61066559840112
546364,546.364,18.01,291.15999999999997,1019.84,1.2202330393362673,-54.693443103800725
546510,546.51,18.01,291.15999999999997,1019.82,1.2202091094445326,-54.52788743570794
546657,546.657,18.0,291.15,1019.8,1.220227088712322,-54.362329138342396
546813,546.813,18.01,291.15999999999997,1019.83,1.2202210743903998,-54.61066559840112
546960,546.96,18.0,291.15,1019.85,1.2202869154964324,-54.776219951906754
547106,547.106,18.0,291.15,1019.78,1.220203157998678,-54.19676821162536
547254,547.254,18.0,291.15,1019.82,1.2202510194259661,-54.52788743570794
547400,547.4,18.0,291.15,1019.83,1.2202629847827882,-54.61066559840112
547547,547.547,18.0,291.15,1019.84,1.2202749501396104,-54.693443103800725
547693,547.693,18.0,291.15,1019.84,1.2202749501396104,-54.693443103800725
547840,547.84,17.99,291.14,1019.83,1.220304898054231,-54.61066559840112
547989,547.989,17.99,291.14,1019.82,1.220292932286426,-54.52788743570794
548136,548.136,17.99,291.14,1019.86,1.220340795357646,-54.85899614272905
548283,548.283,17.99,291.14,1019.82,1.220292932286426,-54.52788743570794
548429,548.429,17.99,291.14,1019.84,1.220316863822036,-54.693443103800725
548614,548.614,17.99,291.14,1019.86,1.220340795357646,-54.85899614272905
548760,548.76,18.0,291.15,1019.81,1.2202390540691441,-54.4451086156818
548906,548.906,18.0,291.15,1019.82,1.2202510194259661,-54.52788743570794
549054,549.054,18.0,291.15,1019.82,1.2202510194259661,-54.52788743570794
549203,549.203,18.0,291.15,1019.8,1.220227088712322,-54.362329138342396
549350,549.35,18.0,291.15,1019.85,1.2202869154964324,-54.776219951906754
549496,549.496,18.0,291.15,1019.84,1.2202749501396104,-54.693443103800725
549643,549.643,18.0,291.15,1019.84,1.2202749501396104,-54.693443103800725
549790,549.79,17.99,291.14,1019.84,1.220316863822036,-54.693443103800725
549937,549.937,17.99,291.14,1019.83,1.220304898054231,-54.61066559840112
550083,550.083,17.99,291.14,1019.82,1.220292932286426,-54.52788743570794
550233,550.233,18.0,291.15,1019.82,1.2202510194259661,-54.52788743570794
550379,550.379,18.0,291.15,1019.81,1.2202390540691441,-54.4451086156818
550525,550.525,18.0,291.15,1019.81,1.2202390540691441,-54.4451086156818
550673,550.673,18.0,291.15,1019.8,1.220227088712322,-54.362329138342396
550819,550.819,18.0,291.15,1019.84,1.2202749501396104,-54.693443103800725
550966,550.966,18.0,291.15,1019.83,1.2202629847827882,-54.61066559840112
551112,551.112,18.0,291.15,1019.81,1.2202390540691441,-54.4451086156818
551260,551.26,18.0,291.15,1019.82,1.2202510194259661,-54.52788743570794
551416,551.416,18.0,291.15,1019.8,1.220227088712322,-54.362329138342396
551563,551.563,18.01,291.15999999999997,1019.83,1.2202210743903998,-54.61066559840112
551709,551.709,18.01,291.15999999999997,1019.85,1.2202450042821347,-54.776219951906754
551856,551.856,18.01,291.15999999999997,1019.82,1.2202091094445326,-54.52788743570794
552003,552.003,18.01,291.15999999999997,1019.83,1.2202210743903998,-54.61066559840112
552149,552.149,18.01,291.15999999999997,1019.82,1.2202091094445326,-54.52788743570794
552296,552.296,18.01,291.15999999999997,1019.81,1.2201971444986652,-54.4451086156818
552482,552.482,18.01,291.15999999999997,1019.84,1.2202330393362673,-54.693443103800725
552630,552.63,18.01,291.15999999999997,1019.81,1.2201971444986652,-54.4451086156818
552776,552.776,18.01,291.15999999999997,1019.83,1.2202210743903998,-54.61066559840112
552923,552.923,18.02,291.16999999999996,1019.81,1.2201552378068872,-54.4451086156818
553070,553.07,18.01,291.15999999999997,1019.81,1.2201971444986652,-54.4451086156818
553216,553.216,18.01,291.15999999999997,1019.81,1.2201971444986652,-54.4451086156818
553363,553.363,18.01,291.15999999999997,1019.82,1.2202091094445326,-54.52788743570794
553509,553.509,18.01,291.15999999999997,1019.8,1.2201851795527978,-54.362329138342396
553666,553.666,18.01,291.15999999999997,1019.81,1.2201971444986652,-54.4451086156818
553813,553.813,18.01,291.15999999999997,1019.83,1.2202210743903998,-54.61066559840112
553960,553.96,18.01,291.15999999999997,1019.83,1.2202210743903998,-54.61066559840112
554106,554.106,18.02,291.16999999999996,1019.83,1.220179166876769,-54.61066559840112
554253,554.253,18.02,291.16999999999996,1019.82,1.2201672023418282,-54.52788743570794
554400,554.4,18.02,291.16999999999996,1019.82,1.2201672023418282,-54.52788743570794
554547,554.547,18.02,291.16999999999996,1019.82,1.2201672023418282,-54.52788743570794
554693,554.693,18.03,291.17999999999995,1019.82,1.2201252981175565,-54.52788743570794
554843,554.843,18.03,291.17999999999995,1019.85,1.2201611904896845,-54.776219951906754
554989,554.989,18.03,291.17999999999995,1019.84,1.220149226365642,-54.693443103800725
555136,555.136,18.03,291.17999999999995,1019.84,1.220149226365642,-54.693443103800725
555283,555.283,18.03,291.17999999999995,1019.82,1.2201252981175565,-54.52788743570794
555429,555.429,18.03,291.17999999999995,1019.81,1.220113333993514,-54.4451086156818
555577,555.577,18.03,291.17999999999995,1019.84,1.220149226365642,-54.693443103800725
555723,555.723,18.03,291.17999999999995,1019.85,1.2201611904896845,-54.776219951906754
555880,555.88,18.03,291.17999999999995,1019.85,1.2201611904896845,-54.776219951906754
556026,556.026,18.02,291.16999999999996,1019.84,1.22019113141171,-54.693443103800725
556173,556.173,18.03,291.17999999999995,1019.81,1.220113333993514,-54.4451086156818
556320,556.32,18.02,291.16999999999996,1019.84,1.22019113141171,-54.693443103800725
556467,556.467,18.03,291.17999999999995,1019.81,1.220113333993514,-54.4451086156818
556613,556.613,18.03,291.17999999999995,1019.83,1.2201372622415994,-54.61066559840112
556761,556.761,18.03,291.17999999999995,1019.83,1.2201372622415994,-54.61066559840112
556907,556.907,18.03,291.17999999999995,1019.82,1.2201252981175565,-54.52788743570794
557093,557.093,18.02,291.16999999999996,1019.8,1.2201432732719464,-54.362329138342396
557240,557.24,18.02,291.16999999999996,1019.83,1.220179166876769,-54.61066559840112
557386,557.386,18.02,291.16999999999996,1019.84,1.22019113141171,-54.693443103800725
557533,557.533,18.02,291.16999999999996,1019.84,1.22019113141171,-54.693443103800725
557680,557.68,18.02,291.16999999999996,1019.84,1.22019113141171,-54.693443103800725
557826,557.826,18.02,291.16999999999996,1019.83,1.220179166876769,-54.61066559840112
557973,557.973,18.02,291.16999999999996,1019.82,1.2201672023418282,-54.52788743570794
558120,558.12,18.02,291.16999999999996,1019.84,1.22019113141171,-54.693443103800725
558277,558.277,18.02,291.16999999999996,1019.8,1.2201432732719464,-54.362329138342396
558423,558.423,18.02,291.16999999999996,1019.79,1.2201313087370054,-54.2795490036602
558570,558.57,18.02,291.16999999999996,1019.83,1.220179166876769,-54.61066559840112
558716,558.716,18.02,291.16999999999996,1019.83,1.220179166876769,-54.61066559840112
558864,558.864,18.02,291.16999999999996,1019.79,1.2201313087370054,-54.2795490036602
559010,559.01,18.02,291.16999999999996,1019.79,1.2201313087370054,-54.2795490036602
559157,559.157,18.01,291.15999999999997,1019.82,1.2202091094445326,-54.52788743570794
559306,559.306,18.02,291.16999999999996,1019.82,1.2201672023418282,-54.52788743570794
559453,559.453,18.02,291.16999999999996,1019.8,1.2201432732719464,-54.362329138342396
559600,559.6,18.02,291.16999999999996,1019.8,1.2201432732719464,-54.362329138342396
559746,559.746,18.03,291.17999999999995,1019.8,1.2201013698694714,-54.362329138342396
559893,559.893,18.02,291.16999999999996,1019.83,1.220179166876769,-54.61066559840112
560040,560.04,18.02,291.16999999999996,1019.8,1.2201432732719464,-54.362329138342396
560187,560.187,18.03,291.17999999999995,1019.83,1.2201372622415994,-54.61066559840112
560333,560.333,18.03,291.17999999999995,1019.81,1.220113333993514,-54.4451086156818
560490,560.49,18.03,291.17999999999995,1019.81,1.220113333993514,-54.4451086156818
560637,560.637,18.04,291.19,1019.81,1.2200714330582483,-54.4451086156818
560784,560.784,18.03,291.17999999999995,1019.83,1.2201372622415994,-54.61066559840112
560930,560.93,18.04,291.19,1019.81,1.2200714330582483,-54.4451086156818
561078,561.078,18.04,291.19,1019.82,1.2200833967714209,-54.52788743570794
561224,561.224,18.04,291.19,1019.85,1.2201192879109388,-54.776219951906754
561371,561.371,18.05,291.2,1019.84,1.2200654249077867,-54.693443103800725
561518,561.518,18.05,291.2,1019.82,1.2200414983031251,-54.52788743570794
561666,561.666,18.05,291.2,1019.83,1.220053461605456,-54.61066559840112
561851,561.851,18.05,291.2,1019.81,1.2200295350007944,-54.4451086156818
561997,561.997,18.05,291.2,1019.83,1.220053461605456,-54.61066559840112
562144,562.144,18.05,291.2,1019.83,1.220053461605456,-54.61066559840112
562291,562.291,18.06,291.21,1019.83,1.2200115656038901,-54.61066559840112
562438,562.438,18.06,291.21,1019.83,1.2200115656038901,-54.61066559840112
562584,562.584,18.05,291.2,1019.83,1.220053461605456,-54.61066559840112
562741,562.741,18.06,291.21,1019.84,1.2200235284954073,-54.693443103800725
562888,562.888,18.06,291.21,1019.83,1.2200115656038901,-54.61066559840112
563035,563.035,18.06,291.21,1019.84,1.2200235284954073,-54.693443103800725
563181,563.181,18.06,291.21,1019.81,1.2199876398208556,-54.4451086156818
563328,563.328,18.06,291.21,1019.82,1.2199996027123727,-54.52788743570794
563475,563.475,18.06,291.21,1019.83,1.2200115656038901,-54.61066559840112
563621,563.621,18.06,291.21,1019.82,1.2199996027123727,-54.52788743570794
563769,563.769,18.07,291.21999999999997,1019.84,1.2199816349603307,-54.693443103800725
563917,563.917,18.07,291.21999999999997,1019.84,1.2199816349603307,-54.693443103800725
564065,564.065,18.07,291.21999999999997,1019.85,1.2199935974410627,-54.776219951906754
564211,564.211,18.07,291.21999999999997,1019.84,1.2199816349603307,-54.693443103800725
564358,564.358,18.07,291.21999999999997,1019.84,1.2199816349603307,-54.693443103800725
564505,564.505,18.08,291.22999999999996,1019.81,1.2199038580923371,-54.4451086156818
564651,564.651,18.07,291.21999999999997,1019.82,1.219957709998867,-54.52788743570794
564798,564.798,18.07,291.21999999999997,1019.82,1.219957709998867,-54.52788743570794
564955,564.955,18.08,291.22999999999996,1019.86,1.2199636684422108,-54.85899614272905
565102,565.102,18.08,291.22999999999996,1019.86,1.2199636684422108,-54.85899614272905
565285,565.285,18.08,291.22999999999996,1019.81,1.2199038580923371,-54.4451086156818
565432,565.432,18.08,291.22999999999996,1019.82,1.219915820162312,-54.52788743570794
565579,565.579,18.08,291.22999999999996,1019.82,1.219915820162312,-54.52788743570794
565726,565.726,18.09,291.23999999999995,1019.83,1.2198858948616564,-54.61066559840112
565872,565.872,18.09,291.23999999999995,1019.86,1.2199217798393938,-54.85899614272905
566020,566.02,18.09,291.23999999999995,1019.8,1.2198500098839191,-54.362329138342396
566169,566.169,18.08,291.22999999999996,1019.84,1.2199397443022613,-54.693443103800725
566315,566.315,18.08,291.22999999999996,1019.8,1.2198918960223624,-54.362329138342396
566462,566.462,18.09,291.23999999999995,1019.82,1.2198739332024107,-54.52788743570794
566609,566.609,18.09,291.23999999999995,1019.82,1.2198739332024107,-54.52788743570794
566756,566.756,18.09,291.23999999999995,1019.84,1.2198978565209022,-54.693443103800725
566902,566.902,18.09,291.23999999999995,1019.82,1.2198739332024107,-54.52788743570794
567050,567.05,18.09,291.23999999999995,1019.81,1.219861971543165,-54.4451086156818
567196,567.196,18.09,291.23999999999995,1019.85,1.219909818180148,-54.776219951906754
567353,567.353,18.09,291.23999999999995,1019.85,1.219909818180148,-54.776219951906754
567499,567.499,18.09,291.23999999999995,1019.84,1.2198978565209022,-54.693443103800725
567647,567.647,18.09,291.23999999999995,1019.86,1.2199217798393938,-54.85899614272905
567793,567.793,18.09,291.23999999999995,1019.84,1.2198978565209022,-54.693443103800725
567940,567.94,18.09,291.23999999999995,1019.86,1.2199217798393938,-54.85899614272905
568087,568.087,18.09,291.23999999999995,1019.82,1.2198739332024107,-54.52788743570794
568233,568.233,18.09,291.23999999999995,1019.83,1.2198858948616564,-54.61066559840112
568383,568.383,18.09,291.23999999999995,1019.86,1.2199217798393938,-54.85899614272905
568529,568.529,18.09,291.23999999999995,1019.84,1.2198978565209022,-54.693443103800725
568677,568.677,18.09,291.23999999999995,1019.85,1.219909818180148,-54.776219951906754
568823,568.823,18.09,291.23999999999995,1019.81,1.219861971543165,-54.4451086156818
568970,568.97,18.1,291.25,1019.8,1.219808126621777,-54.362329138342396
569117,569.117,18.1,291.25,1019.81,1.219820087870322,-54.4451086156818
569264,569.264,18.1,291.25,1019.81,1.219820087870322,-54.4451086156818
569411,569.411,18.1,291.25,1019.8,1.219808126621777,-54.362329138342396
569568,569.568,18.1,291.25,1019.82,1.2198320491188672,-54.52788743570794
569714,569.714,18.1,291.25,1019.8,1.219808126621777,-54.362329138342396
569861,569.861,18.1,291.25,1019.83,1.2198440103674122,-54.61066559840112
570008,570.008,18.11,291.26,1019.81,1.2197782070735126,-54.4451086156818
570154,570.154,18.11,291.26,1019.83,1.2198021287492575,-54.61066559840112
570302,570.302,18.11,291.26,1019.84,1.2198140895871301,-54.693443103800725
570448,570.448,18.11,291.26,1019.83,1.2198021287492575,-54.61066559840112
570596,570.596,18.11,291.26,1019.81,1.2197782070735126,-54.4451086156818
570744,570.744,18.11,291.26,1019.83,1.2198021287492575,-54.61066559840112
570892,570.892,18.11,291.26,1019.84,1.2198140895871301,-54.693443103800725
571038,571.038,18.11,291.26,1019.83,1.2198021287492575,-54.61066559840112
571221,571.221,18.11,291.26,1019.8,1.2197662462356402,-54.362329138342396
571369,571.369,18.11,291.26,1019.79,1.2197542853977676,-54.2795490036602
571515,571.515,18.12,291.27,1019.84,1.2197722104341249,-54.693443103800725
571663,571.663,18.12,291.27,1019.82,1.2197482895796685,-54.52788743570794
571819,571.819,18.12,291.27,1019.82,1.2197482895796685,-54.52788743570794
571966,571.966,18.12,291.27,1019.83,1.2197602500068967,-54.61066559840112
572112,572.112,18.12,291.27,1019.82,1.2197482895796685,-54.52788743570794
572260,572.26,18.12,291.27,1019.81,1.2197363291524406,-54.4451086156818
572406,572.406,18.12,291.27,1019.84,1.2197722104341249,-54.693443103800725
572554,572.554,18.12,291.27,1019.81,1.2197363291524406,-54.4451086156818
572700,572.7,18.12,291.27,1019.81,1.2197363291524406,-54.4451086156818
572848,572.848,18.13,291.28,1019.83,1.219718374140033,-54.61066559840112
572996,572.996,18.13,291.28,1019.83,1.219718374140033,-54.61066559840112
573143,573.143,18.13,291.28,1019.83,1.219718374140033,-54.61066559840112
573290,573.29,18.13,291.28,1019.83,1.219718374140033,-54.61066559840112
573437,573.437,18.13,291.28,1019.83,1.219718374140033,-54.61066559840112
573622,573.622,18.13,291.28,1019.82,1.219706414123421,-54.52788743570794
573768,573.768,18.13,291.28,1019.83,1.219718374140033,-54.61066559840112
573916,573.916,18.14,291.28999999999996,1019.83,1.2196765011483706,-54.61066559840112
574062,574.062,18.14,291.28999999999996,1019.83,1.2196765011483706,-54.61066559840112
574219,574.219,18.14,291.28999999999996,1019.84,1.2196884607543945,-54.693443103800725
574365,574.365,18.14,291.28999999999996,1019.85,1.2197004203604185,-54.776219951906754
574513,574.513,18.14,291.28999999999996,1019.83,1.2196765011483706,-54.61066559840112
574659,574.659,18.14,291.28999999999996,1019.84,1.2196884607543945,-54.693443103800725
574806,574.806,18.14,291.28999999999996,1019.82,1.2196645415423464,-54.52788743570794
574953,574.953,18.15,291.29999999999995,1019.83,1.2196346310316128,-54.61066559840112
575100,575.1,18.14,291.28999999999996,1019.8,1.2196406223302985,-54.362329138342396
575249,575.249,18.15,291.29999999999995,1019.83,1.2196346310316128,-54.61066559840112
575396,575.396,18.14,291.28999999999996,1019.77,1.2196047435122264,-54.113986762228045
575543,575.543,18.14,291.28999999999996,1019.82,1.2196645415423464,-54.52788743570794
575690,575.69,18.15,291.29999999999995,1019.82,1.2196226718361487,-54.52788743570794
575837,575.837,18.15,291.29999999999995,1019.83,1.2196346310316128,-54.61066559840112
575984,575.984,18.16,291.31,1019.84,1.219604722574397,-54.693443103800725
576130,576.13,18.15,291.29999999999995,1019.81,1.2196107126406843,-54.4451086156818
576277,576.277,18.15,291.29999999999995,1019.85,1.2196585494225414,-54.776219951906754
576434,576.434,18.15,291.29999999999995,1019.83,1.2196346310316128,-54.61066559840112
576581,576.581,18.15,291.29999999999995,1019.84,1.2196465902270772,-54.693443103800725
576727,576.727,18.16,291.31,1019.81,1.2195688462195988,-54.4451086156818
576875,576.875,18.16,291.31,1019.82,1.2195808050045316,-54.52788743570794
577021,577.021,18.16,291.31,1019.81,1.2195688462195988,-54.4451086156818
577169,577.169,18.16,291.31,1019.85,1.2196166813593294,-54.776219951906754
577315,577.315,18.16,291.31,1019.82,1.2195808050045316,-54.52788743570794
577462,577.462,18.16,291.31,1019.82,1.2195808050045316,-54.52788743570794
577611,577.611,18.16,291.31,1019.83,1.2195927637894641,-54.61066559840112
577759,577.759,18.16,291.31,1019.84,1.219604722574397,-54.693443103800725
577905,577.905,18.16,291.31,1019.81,1.2195688462195988,-54.4451086156818
578053,578.053,18.17,291.32,1019.86,1.2195867745449163,-54.85899614272905
578199,578.199,18.17,291.32,1019.84,1.2195628577960578,-54.693443103800725
578346,578.346,18.17,291.32,1019.82,1.219538941047199,-54.52788743570794
578493,578.493,18.17,291.32,1019.82,1.219538941047199,-54.52788743570794
578650,578.65,18.17,291.32,1019.81,1.21952698267277,-54.4451086156818
578797,578.797,18.17,291.32,1019.82,1.219538941047199,-54.52788743570794
578943,578.943,18.17,291.32,1019.81,1.21952698267277,-54.4451086156818
579091,579.091,18.17,291.32,1019.83,1.2195508994216284,-54.61066559840112
579237,579.237,18.17,291.32,1019.8,1.2195150242983406,-54.362329138342396
579384,579.384,18.17,291.32,1019.81,1.21952698267277,-54.4451086156818
579531,579.531,18.18,291.33,1019.81,1.2194851219999017,-54.4451086156818
579678,579.678,18.17,291.32,1019.78,1.219491107549482,-54.19676821162536
579827,579.827,18.18,291.33,1019.83,1.2195090379278097,-54.61066559840112
579975,579.975,18.18,291.33,1019.8,1.2194731640359475,-54.362329138342396
580121,580.121,18.18,291.33,1019.81,1.2194851219999017,-54.4451086156818
580268,580.268,18.18,291.33,1019.81,1.2194851219999017,-54.4451086156818
580415,580.415,18.18,291.33,1019.82,1.2194970799638558,-54.52788743570794
580598,580.598,18.18,291.33,1019.8,1.2194731640359475,-54.362329138342396
580746,580.746,18.18,291.33,1019.82,1.2194970799638558,-54.52788743570794
580902,580.902,18.19,291.34,1019.84,1.219479136861219,-54.693443103800725
581049,581.049,18.18,291.33,1019.8,1.2194731640359475,-54.362329138342396
581196,581.196,18.19,291.34,1019.81,1.2194432642006978,-54.4451086156818
581343,581.343,18.19,291.34,1019.82,1.219455221754205,-54.52788743570794
581490,581.49,18.19,291.34,1019.8,1.219431306647191,-54.362329138342396
581637,581.637,18.18,291.33,1019.8,1.2194731640359475,-54.362329138342396
581784,581.784,18.19,291.34,1019.84,1.219479136861219,-54.693443103800725
581967,581.967,18.19,291.34,1019.8,1.219431306647191,-54.362329138342396
582117,582.117,18.19,291.34,1019.82,1.219455221754205,-54.52788743570794
582263,582.263,18.19,291.34,1019.78,1.2194073915401769,-54.19676821162536
582411,582.411,18.19,291.34,1019.81,1.2194432642006978,-54.4451086156818
582557,582.557,18.18,291.33,1019.82,1.2194970799638558,-54.52788743570794
582705,582.705,18.18,291.33,1019.8,1.2194731640359475,-54.362329138342396
582851,582.851,18.18,291.33,1019.8,1.2194731640359475,-54.362329138342396
582997,582.997,18.18,291.33,1019.8,1.2194731640359475,-54.362329138342396
583145,583.145,18.19,291.34,1019.81,1.2194432642006978,-54.4451086156818
583302,583.302,18.18,291.33,1019.81,1.2194851219999017,-54.4451086156818
583449,583.449,18.18,291.33,1019.8,1.2194731640359475,-54.362329138342396
583595,583.595,18.18,291.33,1019.85,1.219532953855718,-54.776219951906754
583743,583.743,18.18,291.33,1019.81,1.2194851219999017,-54.4451086156818
583889,583.889,18.17,291.32,1019.81,1.21952698267277,-54.4451086156818
584037,584.037,18.18,291.33,1019.83,1.2195090379278097,-54.61066559840112
584183,584.183,18.17,291.32,1019.82,1.219538941047199,-54.52788743570794
584333,584.333,18.17,291.32,1019.82,1.219538941047199,-54.52788743570794
584479,584.479,18.17,291.32,1019.82,1.219538941047199,-54.52788743570794
584627,584.627,18.17,291.32,1019.83,1.2195508994216284,-54.61066559840112
584773,584.773,18.17,291.32,1019.84,1.2195628577960578,-54.693443103800725
584921,584.921,18.17,291.32,1019.8,1.2195150242983406,-54.362329138342396
585067,585.067,18.17,291.32,1019.84,1.2195628577960578,-54.693443103800725
585214,585.214,18.17,291.32,1019.8,1.2195150242983406,-54.362329138342396
585361,585.361,18.17,291.32,1019.81,1.21952698267277,-54.4451086156818
585517,585.517,18.17,291.32,1019.82,1.219538941047199,-54.52788743570794
585665,585.665,18.17,291.32,1019.84,1.2195628577960578,-54.693443103800725
585811,585.811,18.17,291.32,1019.86,1.2195867745449163,-54.85899614272905
585959,585.959,18.17,291.32,1019.85,1.219574816170487,-54.776219951906754
586105,586.105,18.17,291.32,1019.82,1.219538941047199,-54.52788743570794
586253,586.253,18.16,291.31,1019.84,1.219604722574397,-54.693443103800725
586399,586.399,18.17,291.32,1019.84,1.2195628577960578,-54.693443103800725
586547,586.547,18.17,291.32,1019.83,1.2195508994216284,-54.61066559840112
586696,586.696,18.17,291.32,1019.83,1.2195508994216284,-54.61066559840112
586843,586.843,18.17,291.32,1019.83,1.2195508994216284,-54.61066559840112
586990,586.99,18.17,291.32,1019.81,1.21952698267277,-54.4451086156818
587136,587.136,18.17,291.32,1019.82,1.219538941047199,-54.52788743570794
587284,587.284,18.17,291.32,1019.84,1.2195628577960578,-54.693443103800725
587430,587.43,18.17,291.32,1019.84,1.2195628577960578,-54.693443103800725
587578,587.578,18.17,291.32,1019.83,1.2195508994216284,-54.61066559840112
587771,587.771,18.18,291.33,1019.88,1.2195688277475802,-55.024546552591325
587919,587.919,18.18,291.33,1019.85,1.219532953855718,-54.776219951906754
588065,588.065,18.18,291.33,1019.84,1.2195209958917639,-54.693443103800725
588213,588.213,18.18,291.33,1019.81,1.2194851219999017,-54.4451086156818
588359,588.359,18.18,291.33,1019.82,1.2194970799638558,-54.52788743570794
588507,588.507,18.18,291.33,1019.83,1.2195090379278097,-54.61066559840112
588654,588.654,18.18,291.33,1019.81,1.2194851219999017,-54.4451086156818
588800,588.8,18.18,291.33,1019.81,1.2194851219999017,-54.4451086156818
588950,588.95,18.18,291.33,1019.8,1.2194731640359475,-54.362329138342396
589096,589.096,18.19,291.34,1019.83,1.219467179307712,-54.61066559840112
589244,589.244,18.18,291.33,1019.82,1.2194970799638558,-54.52788743570794
589390,589.39,18.18,291.33,1019.82,1.2194970799638558,-54.52788743570794
589538,589.538,18.19,291.34,1019.82,1.219455221754205,-54.52788743570794
589684,589.684,18.18,291.33,1019.83,1.2195090379278097,-54.61066559840112
589832,589.832,18.19,291.34,1019.81,1.2194432642006978,-54.4451086156818
590015,590.015,18.18,291.33,1019.81,1.2194851219999017,-54.4451086156818
590209,590.209,18.19,291.34,1019.83,1.219467179307712,-54.61066559840112
590356,590.356,18.19,291.34,1019.81,1.2194432642006978,-54.4451086156818
590503,590.503,18.19,291.34,1019.83,1.219467179307712,-54.61066559840112
590650,590.65,18.19,291.34,1019.81,1.2194432642006978,-54.4451086156818
590797,590.797,18.19,291.34,1019.79,1.2194193490936838,-54.2795490036602
590944,590.944,18.19,291.34,1019.83,1.219467179307712,-54.61066559840112
591091,591.091,18.19,291.34,1019.8,1.219431306647191,-54.362329138342396
591241,591.241,18.19,291.34,1019.8,1.219431306647191,-54.362329138342396
591388,591.388,18.2,291.34999999999997,1019.83,1.2194253235610395,-54.61066559840112
591535,591.535,18.19,291.34,1019.84,1.219479136861219,-54.693443103800725
591682,591.682,18.19,291.34,1019.82,1.219455221754205,-54.52788743570794
591828,591.828,18.19,291.34,1019.83,1.219467179307712,-54.61066559840112
591976,591.976,18.2,291.34999999999997,1019.8,1.219389452131775,-54.362329138342396
592122,592.122,18.19,291.34,1019.82,1.219455221754205,-54.52788743570794
592270,592.27,18.2,291.34999999999997,1019.83,1.2194253235610395,-54.61066559840112
592426,592.426,18.2,291.34999999999997,1019.8,1.219389452131775,-54.362329138342396
592573,592.573,18.2,291.34999999999997,1019.81,1.219401409274863,-54.4451086156818
592720,592.72,18.21,291.35999999999996,1019.81,1.219359557222101,-54.4451086156818
592867,592.867,18.21,291.35999999999996,1019.8,1.2193476004894035,-54.362329138342396
593014,593.014,18.2,291.34999999999997,1019.81,1.219401409274863,-54.4451086156818
593162,593.162,18.21,291.35999999999996,1019.78,1.2193236870240085,-54.19676821162536
593308,593.308,18.21,291.35999999999996,1019.81,1.219359557222101,-54.4451086156818
593456,593.456,18.21,291.35999999999996,1019.8,1.2193476004894035,-54.362329138342396
593605,593.605,18.21,291.35999999999996,1019.81,1.219359557222101,-54.4451086156818
593751,593.751,18.21,291.35999999999996,1019.84,1.2193954274201935,-54.693443103800725
593899,593.899,18.2,291.34999999999997,1019.82,1.2194133664179514,-54.52788743570794
594045,594.045,18.21,291.35999999999996,1019.8,1.2193476004894035,-54.362329138342396
594193,594.193,18.21,291.35999999999996,1019.8,1.2193476004894035,-54.362329138342396
594339,594.339,18.21,291.35999999999996,1019.83,1.219383470687496,-54.61066559840112
594487,594.487,18.21,291.35999999999996,1019.8,1.2193476004894035,-54.362329138342396
594643,594.643,18.21,291.35999999999996,1019.86,1.2194193408855885,-54.85899614272905
594790,594.79,18.21,291.35999999999996,1019.81,1.219359557222101,-54.4451086156818
594937,594.937,18.21,291.35999999999996,1019.8,1.2193476004894035,-54.362329138342396
595085,595.085,18.22,291.37,1019.82,1.2193296643644507,-54.52788743570794
595231,595.231,18.21,291.35999999999996,1019.82,1.2193715139547985,-54.52788743570794
595379,595.379,18.21,291.35999999999996,1019.8,1.2193476004894035,-54.362329138342396
595525,595.525,18.21,291.35999999999996,1019.82,1.2193715139547985,-54.52788743570794
595673,595.673,18.22,291.37,1019.83,1.2193416206867858,-54.61066559840112
595822,595.822,18.21,291.35999999999996,1019.81,1.219359557222101,-54.4451086156818
595968,595.968,18.22,291.37,1019.84,1.2193535770091206,-54.693443103800725
596116,596.116,18.22,291.37,1019.84,1.2193535770091206,-54.693443103800725
596262,596.262,18.22,291.37,1019.84,1.2193535770091206,-54.693443103800725
596410,596.41,18.22,291.37,1019.8,1.2193057517197807,-54.362329138342396
596556,596.556,18.22,291.37,1019.82,1.2193296643644507,-54.52788743570794
596704,596.704,18.22,291.37,1019.83,1.2193416206867858,-54.61066559840112
596860,596.86,18.22,291.37,1019.83,1.2193416206867858,-54.61066559840112
597008,597.008,18.22,291.37,1019.82,1.2193296643644507,-54.52788743570794
597154,597.154,18.22,291.37,1019.81,1.2193177080421158,-54.4451086156818
597302,597.302,18.22,291.37,1019.82,1.2193296643644507,-54.52788743570794
597449,597.449,18.22,291.37,1019.8,1.2193057517197807,-54.362329138342396
597596,597.596,18.22,291.37,1019.85,1.2193655333314557,-54.776219951906754
597743,597.743,18.22,291.37,1019.84,1.2193535770091206,-54.693443103800725
597889,597.889,18.22,291.37,1019.8,1.2193057517197807,-54.362329138342396
598039,598.039,18.22,291.37,1019.81,1.2193177080421158,-54.4451086156818
598186,598.186,18.22,291.37,1019.83,1.2193416206867858,-54.61066559840112
598333,598.333,18.22,291.37,1019.84,1.2193535770091206,-54.693443103800725
598517,598.517,18.23,291.38,1019.85,1.2193236853826146,-54.776219951906754
598665,598.665,18.22,291.37,1019.82,1.2193296643644507,-54.52788743570794
598811,598.811,18.22,291.37,1019.83,1.2193416206867858,-54.61066559840112
598959,598.959,18.23,291.38,1019.83,1.2192997735586135,-54.61066559840112
599106,599.106,18.23,291.38,1019.83,1.2192997735586135,-54.61066559840112
599263,599.263,18.22,291.37,1019.81,1.2193177080421158,-54.4451086156818
599446,599.446,18.23,291.38,1019.82,1.2192878176466129,-54.52788743570794
599593,599.593,18.23,291.38,1019.84,1.2193117294706142,-54.693443103800725
599741,599.741,18.23,291.38,1019.83,1.2192997735586135,-54.61066559840112
599887,599.887,18.23,291.38,1019.83,1.2192997735586135,-54.61066559840112
600035,600.035,18.23,291.38,1019.84,1.2193117294706142,-54.693443103800725
600181,600.181,18.23,291.38,1019.86,1.2193356412946152,-54.85899614272905
600331,600.331,18.23,291.38,1019.85,1.2193236853826146,-54.776219951906754
600478,600.478,18.23,291.38,1019.82,1.2192878176466129,-54.52788743570794
600625,600.625,18.24,291.39,1019.83,1.2192579293026828,-54.61066559840112
600772,600.772,18.24,291.39,1019.88,1.2193177068111551,-55.024546552591325
600919,600.919,18.24,291.39,1019.84,1.2192698848043773,-54.693443103800725
601066,601.066,18.23,291.38,1019.84,1.2193117294706142,-54.693443103800725
601213,601.213,18.24,291.39,1019.85,1.2192818403060717,-54.776219951906754
601360,601.36,18.24,291.39,1019.84,1.2192698848043773,-54.693443103800725
601517,601.517,18.24,291.39,1019.86,1.219293795807766,-54.85899614272905
601664,601.664,18.25,291.4,1019.86,1.219251953192948,-54.85899614272905
601811,601.811,18.24,291.39,1019.85,1.2192818403060717,-54.776219951906754
601958,601.958,18.24,291.39,1019.84,1.2192698848043773,-54.693443103800725
602105,602.105,18.25,291.4,1019.85,1.2192399981015316,-54.776219951906754
602253,602.253,18.24,291.39,1019.83,1.2192579293026828,-54.61066559840112
602399,602.399,18.24,291.39,1019.84,1.2192698848043773,-54.693443103800725
602547,602.547,18.24,291.39,1019.86,1.219293795807766,-54.85899614272905
602696,602.696,18.25,291.4,1019.83,1.2192160879186988,-54.61066559840112
602844,602.844,18.25,291.4,1019.84,1.2192280430101152,-54.693443103800725
602990,602.99,18.24,291.39,1019.84,1.2192698848043773,-54.693443103800725
603137,603.137,18.24,291.39,1019.85,1.2192818403060717,-54.776219951906754
603284,603.284,18.24,291.39,1019.84,1.2192698848043773,-54.693443103800725
603431,603.431,18.24,291.39,1019.81,1.219234018299294,-54.4451086156818
603578,603.578,18.24,291.39,1019.81,1.219234018299294,-54.4451086156818
603772,603.772,18.24,291.39,1019.84,1.2192698848043773,-54.693443103800725
603920,603.92,18.24,291.39,1019.82,1.2192459738009884,-54.52788743570794
604066,604.066,18.25,291.4,1019.84,1.2192280430101152,-54.693443103800725
604214,604.214,18.24,291.39,1019.81,1.219234018299294,-54.4451086156818
604361,604.361,18.25,291.4,1019.85,1.2192399981015316,-54.776219951906754
604508,604.508,18.25,291.4,1019.84,1.2192280430101152,-54.693443103800725
604655,604.655,18.25,291.4,1019.83,1.2192160879186988,-54.61066559840112
604801,604.801,18.25,291.4,1019.82,1.2192041328272825,-54.52788743570794
604951,604.951,18.25,291.4,1019.84,1.2192280430101152,-54.693443103800725
605098,605.098,18.25,291.4,1019.83,1.2192160879186988,-54.61066559840112
605246,605.246,18.25,291.4,1019.82,1.2192041328272825,-54.52788743570794
605392,605.392,18.25,291.4,1019.82,1.2192041328272825,-54.52788743570794
605540,605.54,18.25,291.4,1019.82,1.2192041328272825,-54.52788743570794
605686,605.686,18.25,291.4,1019.82,1.2192041328272825,-54.52788743570794
605834,605.834,18.25,291.4,1019.86,1.219251953192948,-54.85899614272905
605981,605.981,18.25,291.4,1019.82,1.2192041328272825,-54.52788743570794
606138,606.138,18.26,291.40999999999997,1019.8,1.2191383853628652,-54.362329138342396
606285,606.285,18.26,291.40999999999997,1019.82,1.2191622947251983,-54.52788743570794
606432,606.432,18.26,291.40999999999997,1019.82,1.2191622947251983,-54.52788743570794
606579,606.579,18.26,291.40999999999997,1019.82,1.2191622947251983,-54.52788743570794
606727,606.727,18.26,291.40999999999997,1019.82,1.2191622947251983,-54.52788743570794
606910,606.91,18.26,291.40999999999997,1019.84,1.2191862040875314,-54.693443103800725
607057,607.057,18.26,291.40999999999997,1019.84,1.2191862040875314,-54.693443103800725
607207,607.207,18.26,291.40999999999997,1019.81,1.2191503400440318,-54.4451086156818
607353,607.353,18.26,291.40999999999997,1019.83,1.2191742494063649,-54.61066559840112
607501,607.501,18.26,291.40999999999997,1019.82,1.2191622947251983,-54.52788743570794
607647,607.647,18.26,291.40999999999997,1019.82,1.2191622947251983,-54.52788743570794
607795,607.795,18.26,291.40999999999997,1019.81,1.2191503400440318,-54.4451086156818
607942,607.942,18.26,291.40999999999997,1019.82,1.2191622947251983,-54.52788743570794
608089,608.089,18.26,291.40999999999997,1019.85,1.219198158768698,-54.776219951906754
608236,608.236,18.26,291.40999999999997,1019.84,1.2191862040875314,-54.693443103800725
608393,608.393,18.27,291.41999999999996,1019.85,1.2191563223072759,-54.776219951906754
608540,608.54,18.26,291.40999999999997,1019.83,1.2191742494063649,-54.61066559840112
608687,608.687,18.26,291.40999999999997,1019.82,1.2191622947251983,-54.52788743570794
608871,608.871,18.26,291.40999999999997,1019.82,1.2191622947251983,-54.52788743570794
609018,609.018,18.26,291.40999999999997,1019.82,1.2191622947251983,-54.52788743570794
609165,609.165,18.26,291.40999999999997,1019.82,1.2191622947251983,-54.52788743570794
609312,609.312,18.26,291.40999999999997,1019.84,1.2191862040875314,-54.693443103800725
609459,609.459,18.26,291.40999999999997,1019.83,1.2191742494063649,-54.61066559840112
609609,609.609,18.26,291.40999999999997,1019.81,1.2191503400440318,-54.4451086156818
609756,609.756,18.26,291.40999999999997,1019.84,1.2191862040875314,-54.693443103800725
609903,609.903,18.26,291.40999999999997,1019.84,1.2191862040875314,-54.693443103800725
610050,610.05,18.26,291.40999999999997,1019.83,1.2191742494063649,-54.61066559840112
610197,610.197,18.26,291.40999999999997,1019.81,1.2191503400440318,-54.4451086156818
610344,610.344,18.26,291.40999999999997,1019.82,1.2191622947251983,-54.52788743570794
610491,610.491,18.26,291.40999999999997,1019.83,1.2191742494063649,-54.61066559840112
610649,610.649,18.27,291.41999999999996,1019.82,1.2191204594944414,-54.52788743570794
610795,610.795,18.26,291.40999999999997,1019.82,1.2191622947251983,-54.52788743570794
610942,610.942,18.26,291.40999999999997,1019.83,1.2191742494063649,-54.61066559840112
611090,611.09,18.26,291.40999999999997,1019.81,1.2191503400440318,-54.4451086156818
611236,611.236,18.27,291.41999999999996,1019.81,1.2191085052234965,-54.4451086156818
611384,611.384,18.27,291.41999999999996,1019.81,1.2191085052234965,-54.4451086156818
611531,611.531,18.26,291.40999999999997,1019.81,1.2191503400440318,-54.4451086156818
611678,611.678,18.26,291.40999999999997,1019.81,1.2191503400440318,-54.4451086156818
611828,611.828,18.27,291.41999999999996,1019.84,1.219144368036331,-54.693443103800725
611975,611.975,18.27,291.41999999999996,1019.85,1.2191563223072759,-54.776219951906754
612122,612.122,18.26,291.40999999999997,1019.84,1.2191862040875314,-54.693443103800725
612268,612.268,18.27,291.41999999999996,1019.84,1.219144368036331,-54.693443103800725
612416,612.416,18.27,291.41999999999996,1019.83,1.2191324137653863,-54.61066559840112
612563,612.563,18.27,291.41999999999996,1019.81,1.2191085052234965,-54.4451086156818
612710,612.71,18.26,291.40999999999997,1019.79,1.2191264306816987,-54.2795490036602
612868,612.868,18.26,291.40999999999997,1019.81,1.2191503400440318,-54.4451086156818
613014,613.014,18.26,291.40999999999997,1019.8,1.2191383853628652,-54.362329138342396
613161,613.161,18.27,291.41999999999996,1019.84,1.219144368036331,-54.693443103800725
613309,613.309,18.26,291.40999999999997,1019.8,1.2191383853628652,-54.362329138342396
613455,613.455,18.26,291.40999999999997,1019.82,1.2191622947251983,-54.52788743570794
613603,613.603,18.26,291.40999999999997,1019.84,1.2191862040875314,-54.693443103800725
613750,613.75,18.26,291.40999999999997,1019.82,1.2191622947251983,-54.52788743570794
613897,613.897,18.26,291.40999999999997,1019.84,1.2191862040875314,-54.693443103800725
614046,614.046,18.26,291.40999999999997,1019.82,1.2191622947251983,-54.52788743570794
614194,614.194,18.26,291.40999999999997,1019.84,1.2191862040875314,-54.693443103800725
614341,614.341,18.26,291.40999999999997,1019.81,1.2191503400440318,-54.4451086156818
614487,614.487,18.26,291.40999999999997,1019.81,1.2191503400440318,-54.4451086156818
614635,614.635,18.26,291.40999999999997,1019.84,1.2191862040875314,-54.693443103800725
614782,614.782,18.26,291.40999999999997,1019.83,1.2191742494063649,-54.61066559840112
614929,614.929,18.26,291.40999999999997,1019.82,1.2191622947251983,-54.52788743570794
615076,615.076,18.26,291.40999999999997,1019.84,1.2191862040875314,-54.693443103800725
615270,615.27,18.26,291.40999999999997,1019.85,1.219198158768698,-54.776219951906754
615417,615.417,18.26,291.40999999999997,1019.82,1.2191622947251983,-54.52788743570794
615564,615.564,18.26,291.40999999999997,1019.84,1.2191862040875314,-54.693443103800725
615711,615.711,18.26,291.40999999999997,1019.83,1.2191742494063649,-54.61066559840112
615859,615.859,18.27,291.41999999999996,1019.82,1.2191204594944414,-54.52788743570794
616006,616.006,18.27,291.41999999999996,1019.83,1.2191324137653863,-54.61066559840112
616153,616.153,18.27,291.41999999999996,1019.84,1.219144368036331,-54.693443103800725
616302,616.302,18.27,291.41999999999996,1019.82,1.2191204594944414,-54.52788743570794
616449,616.449,18.27,291.41999999999996,1019.83,1.2191324137653863,-54.61066559840112
616597,616.597,18.27,291.41999999999996,1019.84,1.219144368036331,-54.693443103800725
616743,616.743,18.27,291.41999999999996,1019.82,1.2191204594944414,-54.52788743570794
616891,616.891,18.27,291.41999999999996,1019.82,1.2191204594944414,-54.52788743570794
617038,617.038,18.27,291.41999999999996,1019.83,1.2191324137653863,-54.61066559840112
617185,617.185,18.27,291.41999999999996,1019.81,1.2191085052234965,-54.4451086156818
617332,617.332,18.27,291.41999999999996,1019.83,1.2191324137653863,-54.61066559840112
617489,617.489,18.27,291.41999999999996,1019.82,1.2191204594944414,-54.52788743570794
617636,617.636,18.27,291.41999999999996,1019.86,1.2191682765782206,-54.85899614272905
617784,617.784,18.27,291.41999999999996,1019.83,1.2191324137653863,-54.61066559840112
617930,617.93,18.27,291.41999999999996,1019.82,1.2191204594944414,-54.52788743570794
618078,618.078,18.27,291.41999999999996,1019.83,1.2191324137653863,-54.61066559840112
618262,618.262,18.28,291.42999999999995,1019.82,1.2190786271347154,-54.52788743570794
618408,618.408,18.28,291.42999999999995,1019.86,1.2191264425777204,-54.85899614272905
618556,618.556,18.28,291.42999999999995,1019.83,1.2190905809954666,-54.61066559840112
618705,618.705,18.28,291.42999999999995,1019.82,1.2190786271347154,-54.52788743570794
618853,618.853,18.28,291.42999999999995,1019.84,1.219102534856218,-54.693443103800725
619000,619.0,18.28,291.42999999999995,1019.79,1.2190427655524616,-54.2795490036602
619147,619.147,18.28,291.42999999999995,1019.83,1.2190905809954666,-54.61066559840112
619294,619.294,18.28,291.42999999999995,1019.82,1.2190786271347154,-54.52788743570794
619442,619.442,18.28,291.42999999999995,1019.84,1.219102534856218,-54.693443103800725
619588,619.588,18.28,291.42999999999995,1019.8,1.2190547194132129,-54.362329138342396
619746,619.746,18.28,291.42999999999995,1019.8,1.2190547194132129,-54.362329138342396
619892,619.892,18.28,291.42999999999995,1019.81,1.2190666732739641,-54.4451086156818
620040,620.04,18.28,291.42999999999995,1019.79,1.2190427655524616,-54.2795490036602
620187,620.187,18.28,291.42999999999995,1019.81,1.2190666732739641,-54.4451086156818
620333,620.333,18.28,291.42999999999995,1019.84,1.219102534856218,-54.693443103800725
620481,620.481,18.28,291.42999999999995,1019.81,1.2190666732739641,-54.4451086156818
620628,620.628,18.27,291.41999999999996,1019.83,1.2191324137653863,-54.61066559840112
620776,620.776,18.28,291.42999999999995,1019.84,1.219102534856218,-54.693443103800725
620925,620.925,18.27,291.41999999999996,1019.81,1.2191085052234965,-54.4451086156818
621072,621.072,18.26,291.40999999999997,1019.81,1.2191503400440318,-54.4451086156818
621219,621.219,18.27,291.41999999999996,1019.81,1.2191085052234965,-54.4451086156818
621367,621.367,18.27,291.41999999999996,1019.82,1.2191204594944414,-54.52788743570794
621514,621.514,18.27,291.41999999999996,1019.8,1.2190965509525518,-54.362329138342396
621661,621.661,18.26,291.40999999999997,1019.8,1.2191383853628652,-54.362329138342396
621808,621.808,18.27,291.41999999999996,1019.8,1.2190965509525518,-54.362329138342396
621956,621.956,18.27,291.41999999999996,1019.79,1.2190845966816068,-54.2795490036602
622112,622.112,18.27,291.41999999999996,1019.8,1.2190965509525518,-54.362329138342396
622260,622.26,18.27,291.41999999999996,1019.81,1.2191085052234965,-54.4451086156818
622406,622.406,18.27,291.41999999999996,1019.81,1.2191085052234965,-54.4451086156818
622554,622.554,18.27,291.41999999999996,1019.81,1.2191085052234965,-54.4451086156818
622701,622.701,18.26,291.40999999999997,1019.82,1.2191622947251983,-54.52788743570794
622847,622.847,18.26,291.40999999999997,1019.81,1.2191503400440318,-54.4451086156818
622995,622.995,18.26,291.40999999999997,1019.82,1.2191622947251983,-54.52788743570794
623144,623.144,18.26,291.40999999999997,1019.81,1.2191503400440318,-54.4451086156818
623292,623.292,18.26,291.40999999999997,1019.8,1.2191383853628652,-54.362329138342396
623476,623.476,18.26,291.40999999999997,1019.81,1.2191503400440318,-54.4451086156818
623624,623.624,18.25,291.4,1019.83,1.2192160879186988,-54.61066559840112
623771,623.771,18.25,291.4,1019.81,1.2191921777358659,-54.4451086156818
623917,623.917,18.25,291.4,1019.83,1.2192160879186988,-54.61066559840112
624065,624.065,18.25,291.4,1019.84,1.2192280430101152,-54.693443103800725
624212,624.212,18.25,291.4,1019.82,1.2192041328272825,-54.52788743570794
624369,624.369,18.25,291.4,1019.82,1.2192041328272825,-54.52788743570794
624517,624.517,18.24,291.39,1019.82,1.2192459738009884,-54.52788743570794
624664,624.664,18.24,291.39,1019.79,1.2192101072959052,-54.2795490036602
624810,624.81,18.24,291.39,1019.82,1.2192459738009884,-54.52788743570794
624958,624.958,18.24,291.39,1019.83,1.2192579293026828,-54.61066559840112
625105,625.105,18.24,291.39,1019.81,1.219234018299294,-54.4451086156818
625253,625.253,18.24,291.39,1019.84,1.2192698848043773,-54.693443103800725
625399,625.399,18.24,291.39,1019.82,1.2192459738009884,-54.52788743570794
625545,625.545,18.23,291.38,1019.82,1.2192878176466129,-54.52788743570794
625692,625.692,18.24,291.39,1019.82,1.2192459738009884,-54.52788743570794
625840,625.84,18.23,291.38,1019.78,1.2192399939986105,-54.19676821162536
625986,625.986,18.23,291.38,1019.83,1.2192997735586135,-54.61066559840112
626133,626.133,18.23,291.38,1019.82,1.2192878176466129,-54.52788743570794
626281,626.281,18.23,291.38,1019.83,1.2192997735586135,-54.61066559840112
626428,626.428,18.23,291.38,1019.83,1.2192997735586135,-54.61066559840112
626585,626.585,18.23,291.38,1019.85,1.2193236853826146,-54.776219951906754
626732,626.732,18.23,291.38,1019.81,1.2192758617346122,-54.4451086156818
626805,626.805,18.23,291.38,1019.91,1.2193954208546183,-55.27286723805696
626812,626.812,18.23,291.38,1019.83,1.2192997735586135,-54.61066559840112
626824,626.824,18.23,291.38,1019.79,1.219251949910611,-54.2795490036602
626835,626.835,18.23,291.38,1019.76,1.2192160821746092,-54.031204655468244
626847,626.847,18.23,291.38,1019.72,1.2191682585266068,-53.700069654420325
626852,626.852,18.23,291.38,1019.7,1.2191443467026055,-53.53449820935234
626860,626.86,18.23,291.38,1019.65,1.2190845671426025,-53.12055809101299
626875,626.875,18.23,291.38,1019.63,1.2190606553186012,-52.954977441167344
626905,626.905,18.23,291.38,1019.54,1.2189530521105956,-52.20983196739847
626914,626.914,18.23,291.38,1019.4,1.2187856693425871,-51.050610902491755
626929,626.929,18.22,291.37,1019.32,1.2187318482477025,-50.38814098056004
626945,626.945,18.22,291.37,1019.2,1.2185883723796829,-49.39435714791844
626958,626.958,18.22,291.37,1019.12,1.218492721801003,-48.73178195093353
626967,626.967,18.22,291.37,1019.01,1.2183612022553185,-47.82067227898975
626976,626.976,18.22,291.37,1018.86,1.218181857420294,-46.57812163508421
626980,626.98,18.22,291.37,1018.8,1.2181101194862842,-46.08105989821906
626989,626.989,18.22,291.37,1018.73,1.2180264252299395,-45.50112457630786
626993,626.993,18.21,291.35999999999996,1018.65,1.2179725762291929,-44.83830183570042
626996,626.996,18.21,291.35999999999996,1018.59,1.217900835833008,-44.34115711592211
626999,626.999,18.21,291.35999999999996,1018.56,1.2178649656349156,-44.09257586302063
627026,627.026,18.21,291.35999999999996,1018.54,1.2178410521695207,-43.926851733846746
627174,627.174,18.21,291.35999999999996,1018.64,1.2179606194964954,-44.75544602917833
627321,627.321,18.21,291.35999999999996,1018.7,1.2180323598926803,-45.25257098831481
627468,627.468,18.2,291.34999999999997,1018.67,1.2180382949628115,-45.004011472709955
627652,627.652,18.2,291.34999999999997,1018.69,1.218062209248988,-45.169718475091926
627802,627.802,18.2,291.34999999999997,1018.71,1.2180861235351643,-45.33542284291524
627949,627.949,18.19,291.34,1018.65,1.218056187993882,-44.83830183570042
628096,628.096,18.19,291.34,1018.67,1.218080103100896,-45.004011472709955
628243,628.243,18.19,291.34,1018.66,1.2180681455473892,-44.92115698354102
628390,628.39,18.19,291.34,1018.66,1.2180681455473892,-44.92115698354102
628538,628.538,18.18,291.33,1018.71,1.218169745964954,-45.33542284291524
628685,628.685,18.17,291.32,1018.79,1.2183072284809828,-45.99821397069887
628842,628.842,18.17,291.32,1018.74,1.2182474366088365,-45.58397445510989
628989,628.989,18.15,291.29999999999995,1018.92,1.2185463442443651,-47.07515966822523
629137,629.137,18.15,291.29999999999995,1018.9,1.2185224258534366,-46.909482957435614
629283,629.283,18.14,291.28999999999996,1019.13,1.2188393287266885,-48.814606153894466
629431,629.431,18.13,291.28,1019.21,1.21897685311009,-49.4771760862408
629578,629.578,18.13,291.28,1019.23,1.219000773143314,-49.64281198881956
629726,629.726,18.13,291.28,1019.29,1.2190725332429857,-50.139703904825375
629873,629.873,18.12,291.27,1019.31,1.2191383077910338,-50.305329279898814
630023,630.023,18.13,291.28,1019.43,1.2192399734755535,-51.29902626910163
630170,630.17,18.13,291.28,1019.46,1.2192758535253896,-51.54743571577757
630316,630.316,18.12,291.27,1019.49,1.21935359548114,-51.79583924282472
630464,630.464,18.1,291.25,1019.52,1.2194732116625164,-52.04423685057776
630611,630.611,18.1,291.25,1019.57,1.2195330179052415,-52.4582197103438
630759,630.759,18.09,291.23999999999995,1019.64,1.2196586233359867,-53.03776809485016
630905,630.905,18.09,291.23999999999995,1019.49,1.2194791984473001,-51.79583924282472
631053,631.053,18.09,291.23999999999995,1019.71,1.2197423549507072,-53.61728426061187
631210,631.21,18.09,291.23999999999995,1019.74,1.2197782399284445,-53.865638469762764
631357,631.357,18.08,291.22999999999996,1019.72,1.2197961994625646,-53.700069654420325
631504,631.504,18.07,291.21999999999997,1019.7,1.2198141602300845,-53.53449820935234
631652,631.652,18.07,291.21999999999997,1019.69,1.2198021977493525,-53.45171150064174
631799,631.799,18.07,291.21999999999997,1019.74,1.219862010153012,-53.865638469762764
631983,631.983,18.06,291.21,1019.73,1.2198919366887175,-53.78285439079739
632130,632.13,18.05,291.2,1019.73,1.2199338285821475,-53.78285439079739
632279,632.279,18.04,291.19,1019.77,1.2200235782055577,-54.113986762228045
632427,632.427,18.04,291.19,1019.76,1.2200116144923852,-54.031204655468244
632574,632.574,18.04,291.19,1019.79,1.220047505631903,-54.2795490036602
632721,632.721,18.03,291.17999999999995,1019.75,1.220041549249258,-53.94842189130659
632868,632.868,18.03,291.17999999999995,1019.74,1.2200295851252154,-53.865638469762764
633016,633.016,18.01,291.15999999999997,1019.74,1.2201133898775938,-53.865638469762764
633163,633.163,18.0,291.15,1019.77,1.220191192641856,-54.113986762228045
633311,633.311,18.0,291.15,1019.77,1.220191192641856,-54.113986762228045
633467,633.467,17.99,291.14,1019.79,1.220257034983011,-54.2795490036602
633615,633.615,17.99,291.14,1019.76,1.2202211376795962,-54.031204655468244
633762,633.762,17.99,291.14,1019.78,1.2202450692152063,-54.19676821162536
633909,633.909,17.99,291.14,1019.82,1.220292932286426,-54.52788743570794
634056,634.056,17.99,291.14,1019.77,1.2202331034474012,-54.113986762228045
634204,634.204,17.99,291.14,1019.78,1.2202450692152063,-54.19676821162536
634351,634.351,17.99,291.14,1019.81,1.2202809665186212,-54.4451086156818
634498,634.498,17.98,291.13,1019.79,1.22029894948976,-54.2795490036602
634648,634.648,17.98,291.13,1019.77,1.2202750171321277,-54.113986762228045
634795,634.795,17.97,291.12,1019.78,1.2203289002861881,-54.19676821162536
634942,634.942,17.98,291.13,1019.76,1.2202630509533117,-54.031204655468244
635089,635.089,17.97,291.12,1019.79,1.2203408668760438,-54.2795490036602
635237,635.237,17.96,291.10999999999996,1019.75,1.2203349191384663,-53.94842189130659
635384,635.384,17.96,291.10999999999996,1019.78,1.2203708201412358,-54.19676821162536
635532,635.532,17.96,291.10999999999996,1019.79,1.2203827871421589,-54.2795490036602
635688,635.688,17.96,291.10999999999996,1019.78,1.2203708201412358,-54.19676821162536
635836,635.836,17.96,291.10999999999996,1019.78,1.2203708201412358,-54.19676821162536
635983,635.983,17.95,291.09999999999997,1019.78,1.2204127428763831,-54.19676821162536
636130,636.13,17.95,291.09999999999997,1019.79,1.2204247102884023,-54.2795490036602
636277,636.277,17.95,291.09999999999997,1019.8,1.2204366777004212,-54.362329138342396
636425,636.425,17.95,291.09999999999997,1019.78,1.2204127428763831,-54.19676821162536
636572,636.572,17.95,291.09999999999997,1019.77,1.2204007754643642,-54.113986762228045
636720,636.72,17.96,291.10999999999996,1019.78,1.2203708201412358,-54.19676821162536
636869,636.869,17.95,291.09999999999997,1019.78,1.2204127428763831,-54.19676821162536
637052,637.052,17.95,291.09999999999997,1019.78,1.2204127428763831,-54.19676821162536
637200,637.2,17.96,291.10999999999996,1019.78,1.2203708201412358,-54.19676821162536
637347,637.347,17.95,291.09999999999997,1019.78,1.2204127428763831,-54.19676821162536
637495,637.495,17.95,291.09999999999997,1019.78,1.2204127428763831,-54.19676821162536
637642,637.642,17.95,291.09999999999997,1019.75,1.2203768406403261,-53.94842189130659
637790,637.79,17.95,291.09999999999997,1019.76,1.220388808052345,-54.031204655468244
637936,637.936,17.95,291.09999999999997,1019.78,1.2204127428763831,-54.19676821162536
638094,638.094,17.95,291.09999999999997,1019.76,1.220388808052345,-54.031204655468244
638241,638.241,17.95,291.09999999999997,1019.76,1.220388808052345,-54.031204655468244
638389,638.389,17.94,291.09,1019.75,1.2204187650224978,-53.94842189130659
638535,638.535,17.94,291.09,1019.75,1.2204187650224978,-53.94842189130659
638683,638.683,17.94,291.09,1019.75,1.2204187650224978,-53.94842189130659
638830,638.83,17.94,291.09,1019.75,1.2204187650224978,-53.94842189130659
638977,638.977,17.94,291.09,1019.75,1.2204187650224978,-53.94842189130659
639127,639.127,17.94,291.09,1019.75,1.2204187650224978,-53.94842189130659
639274,639.274,17.94,291.09,1019.77,1.2204427006687841,-54.113986762228045
639422,639.422,17.93,291.08,1019.78,1.2204965969881651,-54.19676821162536
639569,639.569,17.93,291.08,1019.77,1.2204846287538698,-54.113986762228045
639716,639.716,17.93,291.08,1019.78,1.2204965969881651,-54.19676821162536
639863,639.863,17.93,291.08,1019.76,1.2204726605195741,-54.031204655468244
640011,640.011,17.93,291.08,1019.75,1.2204606922852785,-53.94842189130659
640158,640.158,17.91,291.06,1019.75,1.2205445554538545,-53.94842189130659
640352,640.352,17.91,291.06,1019.77,1.2205684935672245,-54.113986762228045
640499,640.499,17.91,291.06,1019.75,1.2205445554538545,-53.94842189130659
640647,640.647,17.92,291.07,1019.78,1.2205385283653936,-54.19676821162536
640794,640.794,17.92,291.07,1019.81,1.2205744343018219,-54.4451086156818
640941,640.941,17.93,291.08,1019.79,1.2205085652224608,-54.2795490036602
641088,641.088,17.92,291.07,1019.79,1.2205504970108696,-54.2795490036602
641235,641.235,17.93,291.08,1019.79,1.2205085652224608,-54.2795490036602
641386,641.386,17.93,291.08,1019.79,1.2205085652224608,-54.2795490036602
641532,641.532,17.93,291.08,1019.78,1.2204965969881651,-54.19676821162536
641680,641.68,17.93,291.08,1019.79,1.2205085652224608,-54.2795490036602
641827,641.827,17.93,291.08,1019.74,1.2204487240509831,-53.865638469762764
641975,641.975,17.93,291.08,1019.74,1.2204487240509831,-53.865638469762764
642122,642.122,17.94,291.09,1019.77,1.2204427006687841,-54.113986762228045
642270,642.27,17.94,291.09,1019.79,1.2204666363150705,-54.2795490036602
642416,642.416,17.94,291.09,1019.77,1.2204427006687841,-54.113986762228045
642574,642.574,17.93,291.08,1019.76,1.2204726605195741,-54.031204655468244
642721,642.721,17.94,291.09,1019.79,1.2204666363150705,-54.2795490036602
642869,642.869,17.94,291.09,1019.76,1.220430732845641,-54.031204655468244
643016,643.016,17.94,291.09,1019.77,1.2204427006687841,-54.113986762228045
643163,643.163,17.94,291.09,1019.76,1.220430732845641,-54.031204655468244
643310,643.31,17.94,291.09,1019.76,1.220430732845641,-54.031204655468244
643457,643.457,17.95,291.09999999999997,1019.77,1.2204007754643642,-54.113986762228045
643605,643.605,17.95,291.09999999999997,1019.75,1.2203768406403261,-53.94842189130659
643754,643.754,17.95,291.09999999999997,1019.76,1.220388808052345,-54.031204655468244
643902,643.902,17.95,291.09999999999997,1019.77,1.2204007754643642,-54.113986762228045
644049,644.049,17.95,291.09999999999997,1019.77,1.2204007754643642,-54.113986762228045
644197,644.197,17.95,291.09999999999997,1019.77,1.2204007754643642,-54.113986762228045
644344,644.344,17.95,291.09999999999997,1019.79,1.2204247102884023,-54.2795490036602
644492,644.492,17.95,291.09999999999997,1019.78,1.2204127428763831,-54.19676821162536
644638,644.638,17.95,291.09999999999997,1019.76,1.220388808052345,-54.031204655468244
644796,644.796,17.96,291.10999999999996,1019.79,1.2203827871421589,-54.2795490036602
644943,644.943,17.95,291.09999999999997,1019.78,1.2204127428763831,-54.19676821162536
645091,645.091,17.96,291.10999999999996,1019.78,1.2203708201412358,-54.19676821162536
645238,645.238,17.95,291.09999999999997,1019.77,1.2204007754643642,-54.113986762228045
645385,645.385,17.96,291.10999999999996,1019.79,1.2203827871421589,-54.2795490036602
645532,645.532,17.96,291.10999999999996,1019.77,1.2203588531403124,-54.113986762228045
645680,645.68,17.96,291.10999999999996,1019.78,1.2203708201412358,-54.19676821162536
645827,645.827,17.97,291.12,1019.79,1.2203408668760438,-54.2795490036602
645977,645.977,17.97,291.12,1019.76,1.2203049671064772,-54.031204655468244
646124,646.124,17.97,291.12,1019.76,1.2203049671064772,-54.031204655468244
646271,646.271,17.97,291.12,1019.78,1.2203289002861881,-54.19676821162536
646457,646.457,17.97,291.12,1019.78,1.2203289002861881,-54.19676821162536
646603,646.603,17.97,291.12,1019.78,1.2203289002861881,-54.19676821162536
646751,646.751,17.97,291.12,1019.76,1.2203049671064772,-54.031204655468244
646898,646.898,17.98,291.13,1019.76,1.2202630509533117,-54.031204655468244
647046,647.046,17.97,291.12,1019.74,1.220281033926766,-53.865638469762764
647203,647.203,17.98,291.13,1019.77,1.2202750171321277,-54.113986762228045
647350,647.35,17.97,291.12,1019.72,1.220257100747055,-53.700069654420325
647497,647.497,17.98,291.13,1019.73,1.2202271524168633,-53.78285439079739
647645,647.645,17.98,291.13,1019.74,1.2202391185956794,-53.865638469762764
647792,647.792,17.99,291.14,1019.75,1.2202091719117913,-53.94842189130659
647940,647.94,17.99,291.14,1019.77,1.2202331034474012,-54.113986762228045
648087,648.087,18.0,291.15,1019.78,1.220203157998678,-54.19676821162536
648236,648.236,18.0,291.15,1019.74,1.2201552965713898,-53.865638469762764
648384,648.384,18.01,291.15999999999997,1019.77,1.2201492847151958,-54.113986762228045
648568,648.568,18.01,291.15999999999997,1019.75,1.2201253548234612,-53.94842189130659
648716,648.716,18.01,291.15999999999997,1019.74,1.2201133898775938,-53.865638469762764
648863,648.863,18.01,291.15999999999997,1019.77,1.2201492847151958,-54.113986762228045
649010,649.01,18.01,291.15999999999997,1019.75,1.2201253548234612,-53.94842189130659
649157,649.157,18.01,291.15999999999997,1019.74,1.2201133898775938,-53.865638469762764
649305,649.305,18.01,291.15999999999997,1019.74,1.2201133898775938,-53.865638469762764
649462,649.462,18.02,291.16999999999996,1019.77,1.2201073796671236,-54.113986762228045
649610,649.61,18.02,291.16999999999996,1019.77,1.2201073796671236,-54.113986762228045
649756,649.756,18.03,291.17999999999995,1019.78,1.220077441621386,-54.19676821162536
649904,649.904,18.02,291.16999999999996,1019.76,1.2200954151321828,-54.031204655468244
650051,650.051,18.02,291.16999999999996,1019.73,1.2200595215273602,-53.78285439079739
650198,650.198,18.03,291.17999999999995,1019.75,1.220041549249258,-53.94842189130659
650346,650.346,18.03,291.17999999999995,1019.76,1.2200535133733006,-54.031204655468244
650493,650.493,18.03,291.17999999999995,1019.78,1.220077441621386,-54.19676821162536
650643,650.643,18.03,291.17999999999995,1019.77,1.2200654774973434,-54.113986762228045
650790,650.79,18.03,291.17999999999995,1019.75,1.220041549249258,-53.94842189130659
650938,650.938,18.03,291.17999999999995,1019.77,1.2200654774973434,-54.113986762228045
651085,651.085,18.04,291.19,1019.75,1.2199996507792126,-53.94842189130659
651233,651.233,18.04,291.19,1019.76,1.2200116144923852,-54.031204655468244
651380,651.38,18.04,291.19,1019.78,1.2200355419187303,-54.19676821162536
651528,651.528,18.04,291.19,1019.76,1.2200116144923852,-54.031204655468244
651684,651.684,18.04,291.19,1019.78,1.2200355419187303,-54.19676821162536
651832,651.832,18.04,291.19,1019.75,1.2199996507792126,-53.94842189130659
651979,651.979,18.03,291.17999999999995,1019.75,1.220041549249258,-53.94842189130659
652127,652.127,18.03,291.17999999999995,1019.8,1.2201013698694714,-54.362329138342396
652274,652.274,18.03,291.17999999999995,1019.78,1.220077441621386,-54.19676821162536
652422,652.422,18.03,291.17999999999995,1019.76,1.2200535133733006,-54.031204655468244
652569,652.569,18.01,291.15999999999997,1019.77,1.2201492847151958,-54.113986762228045
652716,652.716,18.01,291.15999999999997,1019.8,1.2201851795527978,-54.362329138342396
652866,652.866,18.01,291.15999999999997,1019.79,1.2201732146069306,-54.2795490036602
653013,653.013,18.0,291.15,1019.8,1.220227088712322,-54.362329138342396
653161,653.161,17.99,291.14,1019.76,1.2202211376795962,-54.031204655468244
653308,653.308,17.99,291.14,1019.76,1.2202211376795962,-54.031204655468244
653456,653.456,17.99,291.14,1019.78,1.2202450692152063,-54.19676821162536
653603,653.603,17.99,291.14,1019.8,1.2202690007508161,-54.362329138342396
653750,653.75,17.99,291.14,1019.76,1.2202211376795962,-54.031204655468244
653897,653.897,17.99,291.14,1019.77,1.2202331034474012,-54.113986762228045
654055,654.055,17.98,291.13,1019.79,1.22029894948976,-54.2795490036602
654202,654.202,17.99,291.14,1019.75,1.2202091719117913,-53.94842189130659
654350,654.35,17.99,291.14,1019.77,1.2202331034474012,-54.113986762228045
654497,654.497,17.99,291.14,1019.78,1.2202450692152063,-54.19676821162536
654645,654.645,17.99,291.14,1019.79,1.220257034983011,-54.2795490036602
654792,654.792,17.99,291.14,1019.77,1.2202331034474012,-54.113986762228045
654939,654.939,17.99,291.14,1019.77,1.2202331034474012,-54.113986762228045
655089,655.089,18.0,291.15,1019.79,1.2202151233555,-54.2795490036602
655237,655.237,18.01,291.15999999999997,1019.81,1.2201971444986652,-54.4451086156818
655384,655.384,18.01,291.15999999999997,1019.78,1.2201612496610632,-54.19676821162536
655531,655.531,18.01,291.15999999999997,1019.78,1.2201612496610632,-54.19676821162536
655679,655.679,18.0,291.15,1019.76,1.220179227285034,-54.031204655468244
655862,655.862,18.0,291.15,1019.77,1.220191192641856,-54.113986762228045
656010,656.01,18.0,291.15,1019.77,1.220191192641856,-54.113986762228045
656157,656.157,18.0,291.15,1019.77,1.220191192641856,-54.113986762228045
656315,656.315,18.0,291.15,1019.74,1.2201552965713898,-53.865638469762764
656462,656.462,18.01,291.15999999999997,1019.78,1.2201612496610632,-54.19676821162536
656610,656.61,18.01,291.15999999999997,1019.79,1.2201732146069306,-54.2795490036602
656757,656.757,18.01,291.15999999999997,1019.75,1.2201253548234612,-53.94842189130659
656940,656.94,18.01,291.15999999999997,1019.79,1.2201732146069306,-54.2795490036602
657088,657.088,18.01,291.15999999999997,1019.77,1.2201492847151958,-54.113986762228045
657235,657.235,18.01,291.15999999999997,1019.78,1.2201612496610632,-54.19676821162536
657386,657.386,18.01,291.15999999999997,1019.78,1.2201612496610632,-54.19676821162536
657533,657.533,18.01,291.15999999999997,1019.75,1.2201253548234612,-53.94842189130659
657681,657.681,18.01,291.15999999999997,1019.78,1.2201612496610632,-54.19676821162536
657828,657.828,18.01,291.15999999999997,1019.75,1.2201253548234612,-53.94842189130659
657975,657.975,18.01,291.15999999999997,1019.77,1.2201492847151958,-54.113986762228045
658122,658.122,18.01,291.15999999999997,1019.76,1.2201373197693284,-54.031204655468244
658270,658.27,18.01,291.15999999999997,1019.75,1.2201253548234612,-53.94842189130659
658417,658.417,18.01,291.15999999999997,1019.81,1.2201971444986652,-54.4451086156818
658575,658.575,18.02,291.16999999999996,1019.78,1.2201193442020646,-54.19676821162536
658722,658.722,18.02,291.16999999999996,1019.82,1.2201672023418282,-54.52788743570794
658870,658.87,18.02,291.16999999999996,1019.77,1.2201073796671236,-54.113986762228045
659017,659.017,18.03,291.17999999999995,1019.79,1.2200894057454286,-54.2795490036602
659165,659.165,18.03,291.17999999999995,1019.8,1.2201013698694714,-54.362329138342396
659311,659.311,18.05,291.2,1019.78,1.2199936450938018,-54.19676821162536
659458,659.458,18.09,291.23999999999995,1019.79,1.2198380482246733,-54.2795490036602
659606,659.606,18.12,291.27,1019.78,1.219700447870756,-54.19676821162536
659756,659.756,18.15,291.29999999999995,1019.79,1.2195867942497558,-54.2795490036602
659904,659.904,18.16,291.31,1019.8,1.219556887434666,-54.362329138342396
660051,660.051,18.16,291.31,1019.79,1.2195449286497335,-54.2795490036602
660199,660.199,18.18,291.33,1019.76,1.2194253321801314,-54.031204655468244
660346,660.346,18.19,291.34,1019.77,1.2193954339866697,-54.113986762228045
660494,660.494,18.2,291.34999999999997,1019.78,1.2193655378455985,-54.19676821162536
660641,660.641,18.22,291.37,1019.8,1.2193057517197807,-54.362329138342396
660798,660.798,18.25,291.4,1019.77,1.2191443573702003,-54.113986762228045
660945,660.945,18.27,291.41999999999996,1019.78,1.2190726424106622,-54.19676821162536
661093,661.093,18.27,291.41999999999996,1019.78,1.2190726424106622,-54.19676821162536
661240,661.24,18.28,291.42999999999995,1019.79,1.2190427655524616,-54.2795490036602
661388,661.388,18.29,291.44,1019.75,1.218953123491624,-53.94842189130659
661535,661.535,18.31,291.46,1019.78,1.2189053367574114,-54.19676821162536
661683,661.683,18.32,291.46999999999997,1019.8,1.218887421959696,-54.362329138342396
661830,661.83,18.32,291.46999999999997,1019.77,1.2188515652989205,-54.113986762228045
661980,661.98,18.32,291.46999999999997,1019.77,1.2188515652989205,-54.113986762228045
662127,662.127,18.31,291.46,1019.76,1.2188814314967324,-54.031204655468244
662274,662.274,18.31,291.46,1019.79,1.218917289387751,-54.2795490036602
662422,662.422,18.31,291.46,1019.79,1.218917289387751,-54.2795490036602
662569,662.569,18.31,291.46,1019.78,1.2189053367574114,-54.19676821162536
662717,662.717,18.31,291.46,1019.78,1.2189053367574114,-54.19676821162536
662864,662.864,18.3,291.45,1019.79,1.218959111905829,-54.2795490036602
663012,663.012,18.3,291.45,1019.79,1.218959111905829,-54.2795490036602
663169,663.169,18.29,291.44,1019.78,1.2189889838433816,-54.19676821162536
663317,663.317,18.28,291.42999999999995,1019.77,1.219018857830959,-54.113986762228045
663464,663.464,18.29,291.44,1019.77,1.2189770303927956,-54.113986762228045
663612,663.612,18.3,291.45,1019.76,1.218923252784483,-54.031204655468244
663759,663.759,18.31,291.46,1019.75,1.218869478866393,-53.94842189130659
663907,663.907,18.32,291.46999999999997,1019.77,1.2188515652989205,-54.113986762228045
664054,664.054,18.32,291.46999999999997,1019.77,1.2188515652989205,-54.113986762228045
664204,664.204,18.32,291.46999999999997,1019.76,1.218839613078662,-54.031204655468244
664351,664.351,18.32,291.46999999999997,1019.73,1.2188037564178866,-53.78285439079739
664499,664.499,18.32,291.46999999999997,1019.75,1.2188276608584037,-53.94842189130659
664646,664.646,18.34,291.48999999999995,1019.79,1.218791839050924,-54.2795490036602
664794,664.794,18.35,291.5,1019.76,1.2187141750395802,-54.031204655468244
664941,664.941,18.36,291.51,1019.76,1.2186723680972784,-54.031204655468244
665088,665.088,18.4,291.54999999999995,1019.72,1.218457373244667,-53.700069654420325
665310,665.31,18.44,291.59,1019.77,1.218349963090903,-54.113986762228045
665466,665.466,18.46,291.60999999999996,1019.74,1.218230563412641,-53.865638469762764
665614,665.614,18.5,291.65,1019.77,1.2180993167758492,-54.113986762228045
665761,665.761,18.52,291.66999999999996,1019.78,1.218027734944681,-54.19676821162536
665909,665.909,18.55,291.7,1019.76,1.2178785808160357,-54.031204655468244
666056,666.056,18.61,291.76,1019.76,1.217628125939257,-54.031204655468244
666204,666.204,18.65,291.79999999999995,1019.76,1.2174612132420757,-54.031204655468244
666351,666.351,18.68,291.83,1019.76,1.2173360587466595,-54.031204655468244
666498,666.498,18.71,291.85999999999996,1019.73,1.217175121233199,-53.78285439079739
666649,666.649,18.75,291.9,1019.73,1.217008327794181,-53.78285439079739
666796,666.796,18.78,291.92999999999995,1019.72,1.2168713293237512,-53.700069654420325
666944,666.944,18.8,291.95,1019.76,1.2168356979758097,-54.031204655468244
667091,667.091,18.82,291.96999999999997,1019.73,1.2167165492452015,-53.78285439079739
667239,667.239,18.83,291.97999999999996,1019.73,1.2166748780160335,-53.78285439079739
667386,667.386,18.85,292.0,1019.73,1.2165915441202788,-53.78285439079739
667534,667.534,18.87,292.02,1019.72,1.216496291930288,-53.700069654420325
667690,667.69,18.89,292.03999999999996,1019.7,1.2163891238946898,-53.53449820935234
667838,667.838,18.91,292.06,1019.73,1.2163416109125569,-53.78285439079739
667985,667.985,18.94,292.09,1019.74,1.216228609664008,-53.865638469762764
668133,668.133,18.95,292.09999999999997,1019.72,1.2161631193751548,-53.700069654420325
668280,668.28,18.94,292.09,1019.74,1.216228609664008,-53.865638469762764
668428,668.428,18.92,292.07,1019.77,1.2163476760286107,-54.113986762228045
668575,668.575,18.89,292.03999999999996,1019.76,1.2164606972470813,-54.031204655468244
668723,668.723,18.87,292.02,1019.74,1.2165201513484012,-53.865638469762764
668873,668.873,18.85,292.0,1019.73,1.2165915441202788,-53.78285439079739
669021,669.021,18.82,291.96999999999997,1019.79,1.2167881397573515,-54.2795490036602
669168,669.168,18.81,291.96,1019.8,1.2168417484538723,-54.362329138342396
669316,669.316,18.8,291.95,1019.78,1.2168595631146262,-54.19676821162536
669463,669.463,18.8,291.95,1019.74,1.2168118328369932,-53.865638469762764
669610,669.61,18.79,291.94,1019.77,1.2168893119739548,-54.113986762228045
669758,669.758,18.79,291.94,1019.76,1.2168773789958127,-54.031204655468244
669905,669.905,18.77,291.91999999999996,1019.77,1.2169726833984529,-54.113986762228045
670063,670.063,18.75,291.9,1019.81,1.2171038047010325,-54.4451086156818
670210,670.21,18.74,291.89,1019.78,1.2171096969793933,-54.19676821162536
670358,670.358,18.73,291.88,1019.75,1.217115589661501,-53.94842189130659
670505,670.505,18.71,291.85999999999996,1019.79,1.217246738727314,-54.2795490036602
670653,670.653,18.7,291.84999999999997,1019.79,1.2172884466847829,-54.2795490036602
670800,670.8,18.68,291.83,1019.76,1.2173360587466595,-54.031204655468244
670948,670.948,18.68,291.83,1019.81,1.217395746126962,-54.4451086156818
671097,671.097,18.67,291.82,1019.81,1.2174374634782787,-54.4451086156818
671245,671.245,18.66,291.81,1019.8,1.2174672453945805,-54.362329138342396
671392,671.392,18.65,291.79999999999995,1019.79,1.217497029352138,-54.2795490036602
671540,671.54,18.65,291.79999999999995,1019.77,1.2174731519454298,-54.113986762228045
671687,671.687,18.65,291.79999999999995,1019.77,1.2174731519454298,-54.113986762228045
671835,671.835,18.65,291.79999999999995,1019.79,1.217497029352138,-54.2795490036602
671982,671.982,18.65,291.79999999999995,1019.81,1.2175209067588464,-54.4451086156818
672129,672.129,18.65,291.79999999999995,1019.8,1.2175089680554922,-54.362329138342396
672287,672.287,18.64,291.78999999999996,1019.77,1.2175148762386523,-54.113986762228045
672435,672.435,18.63,291.78,1019.78,1.2175685429135483,-54.19676821162536
672582,672.582,18.64,291.78999999999996,1019.79,1.2175387544636687,-54.2795490036602
672730,672.73,18.64,291.78999999999996,1019.8,1.2175506935761766,-54.362329138342396
672877,672.877,18.63,291.78,1019.79,1.2175804824352385,-54.2795490036602
673024,673.024,18.62,291.77,1019.76,1.2175863934744409,-54.031204655468244
673172,673.172,18.61,291.76,1019.79,1.2176639469596717,-54.2795490036602
673322,673.322,18.61,291.76,1019.79,1.2176639469596717,-54.2795490036602
673506,673.506,18.6,291.75,1019.81,1.2177295650119324,-54.4451086156818
673654,673.654,18.6,291.75,1019.8,1.217717624262528,-54.362329138342396
673802,673.802,18.59,291.73999999999995,1019.8,1.21775936408649,-54.362329138342396
673949,673.949,18.59,291.73999999999995,1019.78,1.2177354817690929,-54.19676821162536
674097,674.097,18.6,291.75,1019.8,1.217717624262528,-54.362329138342396
674244,674.244,18.61,291.76,1019.82,1.2176997679800865,-54.52788743570794
674391,674.391,18.61,291.76,1019.8,1.2176758872998101,-54.362329138342396
674549,674.549,18.59,291.73999999999995,1019.8,1.21775936408649,-54.362329138342396
674733,674.733,18.58,291.72999999999996,1019.84,1.2178488730440735,-54.693443103800725
674881,674.881,18.57,291.71999999999997,1019.82,1.2178667362740645,-54.52788743570794
675028,675.028,18.56,291.71,1019.83,1.2179204278890297,-54.61066559840112
675176,675.176,18.55,291.7,1019.82,1.2179502375929725,-54.52788743570794
675323,675.323,18.54,291.69,1019.8,1.2179681061352552,-54.362329138342396
675471,675.471,18.53,291.67999999999995,1019.82,1.2180337503629666,-54.52788743570794
675618,675.618,18.52,291.66999999999996,1019.81,1.218063567018313,-54.4451086156818
675769,675.769,18.51,291.65999999999997,1019.81,1.2181053301523395,-54.4451086156818
675916,675.916,18.49,291.64,1019.8,1.218176919759267,-54.362329138342396
676064,676.064,18.47,291.62,1019.78,1.2182365731133498,-54.19676821162536
676211,676.211,18.45,291.59999999999997,1019.78,1.2183201284338652,-54.19676821162536
676359,676.359,18.43,291.58,1019.8,1.21842759063925,-54.362329138342396
676506,676.506,18.43,291.58,1019.79,1.218415642928026,-54.2795490036602
676653,676.653,18.42,291.57,1019.77,1.2184335347864197,-54.113986762228045
676811,676.811,18.42,291.57,1019.79,1.218457431028411,-54.2795490036602
676959,676.959,18.41,291.56,1019.78,1.2184872734645187,-54.19676821162536
677106,677.106,18.41,291.56,1019.79,1.2184992219953141,-54.2795490036602
677254,677.254,18.4,291.54999999999995,1019.8,1.218552964769654,-54.362329138342396
677401,677.401,18.39,291.53999999999996,1019.79,1.218582812529855,-54.2795490036602
677548,677.548,18.38,291.53,1019.81,1.2186485116188088,-54.4451086156818
677696,677.696,18.37,291.52,1019.84,1.2187261653853854,-54.693443103800725
677843,677.843,18.36,291.51,1019.82,1.2187440715785738,-54.52788743570794
677994,677.994,18.36,291.51,1019.8,1.218720170418142,-54.362329138342396
678141,678.141,18.35,291.5,1019.82,1.2187858809806864,-54.52788743570794
678289,678.289,18.34,291.48999999999995,1019.83,1.2188396446516478,-54.61066559840112
678436,678.436,18.34,291.48999999999995,1019.82,1.218827693251467,-54.52788743570794
678584,678.584,18.34,291.48999999999995,1019.83,1.2188396446516478,-54.61066559840112
678731,678.731,18.34,291.48999999999995,1019.83,1.2188396446516478,-54.61066559840112
678879,678.879,18.34,291.48999999999995,1019.83,1.2188396446516478,-54.61066559840112
679026,679.026,18.34,291.48999999999995,1019.8,1.218803790451105,-54.362329138342396
679184,679.184,18.33,291.47999999999996,1019.82,1.2188695083912107,-54.52788743570794
679331,679.331,18.33,291.47999999999996,1019.81,1.2188575565810051,-54.4451086156818
679479,679.479,18.32,291.46999999999997,1019.84,1.21893523084073,-54.693443103800725
679626,679.626,18.32,291.46999999999997,1019.84,1.21893523084073,-54.693443103800725
679775,679.775,18.31,291.46,1019.82,1.2189531472787694,-54.52788743570794
679922,679.922,18.32,291.46999999999997,1019.81,1.2188993741799545,-54.4451086156818
680070,680.07,18.31,291.46,1019.83,1.2189650999091086,-54.61066559840112
680219,680.219,18.31,291.46,1019.82,1.2189531472787694,-54.52788743570794
680367,680.367,18.31,291.46,1019.81,1.2189411946484299,-54.4451086156818
680514,680.514,18.31,291.46,1019.82,1.2189531472787694,-54.52788743570794
680662,680.662,18.31,291.46,1019.82,1.2189531472787694,-54.52788743570794
680810,680.81,18.31,291.46,1019.82,1.2189531472787694,-54.52788743570794
680957,680.957,18.3,291.45,1019.83,1.2190069240676231,-54.61066559840112
681105,681.105,18.29,291.44,1019.84,1.2190607045468966,-54.693443103800725
681252,681.252,18.28,291.42999999999995,1019.82,1.2190786271347154,-54.52788743570794
681410,681.41,18.27,291.41999999999996,1019.85,1.2191563223072759,-54.776219951906754
681557,681.557,18.26,291.40999999999997,1019.86,1.2192101134498645,-54.85899614272905
681705,681.705,18.24,291.39,1019.85,1.2192818403060717,-54.776219951906754
681889,681.889,18.23,291.38,1019.9,1.2193834649426178,-55.19009433346632
682037,682.037,18.23,291.38,1019.89,1.2193715090306172,-55.10732077164116
682184,682.184,18.23,291.38,1019.88,1.2193595531186165,-55.024546552591325
682332,682.332,18.23,291.38,1019.85,1.2193236853826146,-54.776219951906754
682479,682.479,18.22,291.37,1019.86,1.2193774896537906,-54.85899614272905
682630,682.63,18.22,291.37,1019.88,1.2194014022984605,-55.024546552591325
682777,682.777,18.21,291.35999999999996,1019.85,1.219407384152891,-54.776219951906754
682924,682.924,18.21,291.35999999999996,1019.86,1.2194193408855885,-54.85899614272905
683072,683.072,18.21,291.35999999999996,1019.88,1.2194432543509834,-55.024546552591325
683219,683.219,18.21,291.35999999999996,1019.85,1.219407384152891,-54.776219951906754
683367,683.367,18.21,291.35999999999996,1019.87,1.219431297618286,-54.94177167628729
683514,683.514,18.21,291.35999999999996,1019.84,1.2193954274201935,-54.693443103800725
683672,683.672,18.21,291.35999999999996,1019.83,1.219383470687496,-54.61066559840112
683819,683.819,18.21,291.35999999999996,1019.86,1.2194193408855885,-54.85899614272905
683967,683.967,18.21,291.35999999999996,1019.89,1.219455211083681,-55.10732077164116
684151,684.151,18.21,291.35999999999996,1019.85,1.219407384152891,-54.776219951906754
684299,684.299,18.2,291.34999999999997,1019.83,1.2194253235610395,-54.61066559840112
684447,684.447,18.21,291.35999999999996,1019.85,1.219407384152891,-54.776219951906754
684595,684.595,18.2,291.34999999999997,1019.87,1.2194731521333921,-54.94177167628729
684742,684.742,18.21,291.35999999999996,1019.86,1.2194193408855885,-54.85899614272905
684892,684.892,18.21,291.35999999999996,1019.87,1.219431297618286,-54.94177167628729
685039,685.039,18.22,291.37,1019.85,1.2193655333314557,-54.776219951906754
685188,685.188,18.21,291.35999999999996,1019.86,1.2194193408855885,-54.85899614272905
685335,685.335,18.22,291.37,1019.87,1.2193894459761256,-54.94177167628729
685482,685.482,18.22,291.37,1019.88,1.2194014022984605,-55.024546552591325
685630,685.63,18.22,291.37,1019.88,1.2194014022984605,-55.024546552591325
685777,685.777,18.22,291.37,1019.87,1.2193894459761256,-54.94177167628729
685925,685.925,18.22,291.37,1019.86,1.2193774896537906,-54.85899614272905
686082,686.082,18.22,291.37,1019.9,1.2194253149431304,-55.19009433346632
686230,686.23,18.23,291.38,1019.87,1.219347597206616,-54.94177167628729
686377,686.377,18.23,291.38,1019.84,1.2193117294706142,-54.693443103800725
686525,686.525,18.23,291.38,1019.84,1.2193117294706142,-54.693443103800725
686672,686.672,18.23,291.38,1019.87,1.219347597206616,-54.94177167628729
686821,686.821,18.23,291.38,1019.85,1.2193236853826146,-54.776219951906754
686968,686.968,18.23,291.38,1019.85,1.2193236853826146,-54.776219951906754
687118,687.118,18.23,291.38,1019.83,1.2192997735586135,-54.61066559840112
687265,687.265,18.23,291.38,1019.86,1.2193356412946152,-54.85899614272905
687413,687.413,18.23,291.38,1019.83,1.2192997735586135,-54.61066559840112
687561,687.561,18.24,291.39,1019.85,1.2192818403060717,-54.776219951906754
687709,687.709,18.24,291.39,1019.86,1.219293795807766,-54.85899614272905
687856,687.856,18.24,291.39,1019.88,1.2193177068111551,-55.024546552591325
688004,688.004,18.24,291.39,1019.87,1.2193057513094607,-54.94177167628729
688151,688.151,18.25,291.4,1019.86,1.219251953192948,-54.85899614272905
688309,688.309,18.25,291.4,1019.86,1.219251953192948,-54.85899614272905
688456,688.456,18.25,291.4,1019.88,1.2192758633757808,-55.024546552591325
688604,688.604,18.24,291.39,1019.86,1.219293795807766,-54.85899614272905
688751,688.751,18.25,291.4,1019.89,1.2192878184671971,-55.10732077164116
688900,688.9,18.25,291.4,1019.88,1.2192758633757808,-55.024546552591325
689047,689.047,18.25,291.4,1019.86,1.219251953192948,-54.85899614272905
689194,689.194,18.25,291.4,1019.88,1.2192758633757808,-55.024546552591325
689345,689.345,18.25,291.4,1019.87,1.2192639082843644,-54.94177167628729
689492,689.492,18.26,291.40999999999997,1019.88,1.2192340228121976,-55.024546552591325
689640,689.64,18.25,291.4,1019.84,1.2192280430101152,-54.693443103800725
689787,689.787,18.25,291.4,1019.86,1.219251953192948,-54.85899614272905
689935,689.935,18.25,291.4,1019.86,1.219251953192948,-54.85899614272905
690082,690.082,18.25,291.4,1019.87,1.2192639082843644,-54.94177167628729
690267,690.267,18.25,291.4,1019.89,1.2192878184671971,-55.10732077164116
690414,690.414,18.25,291.4,1019.85,1.2192399981015316,-54.776219951906754
690572,690.572,18.25,291.4,1019.85,1.2192399981015316,-54.776219951906754
690719,690.719,18.25,291.4,1019.88,1.2192758633757808,-55.024546552591325
690867,690.867,18.25,291.4,1019.88,1.2192758633757808,-55.024546552591325
691014,691.014,18.25,291.4,1019.84,1.2192280430101152,-54.693443103800725
691163,691.163,18.26,291.40999999999997,1019.84,1.2191862040875314,-54.693443103800725
691310,691.31,18.26,291.40999999999997,1019.87,1.219222068131031,-54.94177167628729
691457,691.457,18.26,291.40999999999997,1019.86,1.2192101134498645,-54.85899614272905
691605,691.605,18.27,291.41999999999996,1019.85,1.2191563223072759,-54.776219951906754
691755,691.755,18.27,291.41999999999996,1019.85,1.2191563223072759,-54.776219951906754
691903,691.903,18.27,291.41999999999996,1019.84,1.219144368036331,-54.693443103800725
692050,692.05,18.27,291.41999999999996,1019.84,1.219144368036331,-54.693443103800725
692198,692.198,18.27,291.41999999999996,1019.85,1.2191563223072759,-54.776219951906754
692345,692.345,18.27,291.41999999999996,1019.85,1.2191563223072759,-54.776219951906754
692494,692.494,18.28,291.42999999999995,1019.88,1.219150350299223,-55.024546552591325
692641,692.641,18.28,291.42999999999995,1019.86,1.2191264425777204,-54.85899614272905
692799,692.799,18.28,291.42999999999995,1019.87,1.2191383964384717,-54.94177167628729
692946,692.946,18.27,291.41999999999996,1019.84,1.219144368036331,-54.693443103800725
693094,693.094,18.28,291.42999999999995,1019.84,1.219102534856218,-54.693443103800725
693241,693.241,18.28,291.42999999999995,1019.86,1.2191264425777204,-54.85899614272905
693389,693.389,18.28,291.42999999999995,1019.88,1.219150350299223,-55.024546552591325
693574,693.574,18.27,291.41999999999996,1019.86,1.2191682765782206,-54.85899614272905
693722,693.722,18.28,291.42999999999995,1019.87,1.2191383964384717,-54.94177167628729
693870,693.87,18.27,291.41999999999996,1019.86,1.2191682765782206,-54.85899614272905
694020,694.02,18.27,291.41999999999996,1019.86,1.2191682765782206,-54.85899614272905
694167,694.167,18.28,291.42999999999995,1019.87,1.2191383964384717,-54.94177167628729
694314,694.314,18.28,291.42999999999995,1019.87,1.2191383964384717,-54.94177167628729
694463,694.463,18.28,291.42999999999995,1019.87,1.2191383964384717,-54.94177167628729
694610,694.61,18.28,291.42999999999995,1019.87,1.2191383964384717,-54.94177167628729
694758,694.758,18.28,291.42999999999995,1019.9,1.2191742580207254,-55.19009433346632
694905,694.905,18.28,291.42999999999995,1019.85,1.2191144887169691,-54.776219951906754
695053,695.053,18.28,291.42999999999995,1019.88,1.219150350299223,-55.024546552591325
695210,695.21,18.28,291.42999999999995,1019.87,1.2191383964384717,-54.94177167628729
695358,695.358,18.28,291.42999999999995,1019.88,1.219150350299223,-55.024546552591325
695505,695.505,18.28,291.42999999999995,1019.87,1.2191383964384717,-54.94177167628729
695654,695.654,18.29,291.44,1019.84,1.2190607045468966,-54.693443103800725
695801,695.801,18.29,291.44,1019.86,1.2190846114480682,-54.85899614272905
695949,695.949,18.28,291.42999999999995,1019.86,1.2191264425777204,-54.85899614272905
696096,696.096,18.29,291.44,1019.86,1.2190846114480682,-54.85899614272905
696247,696.247,18.29,291.44,1019.87,1.219096564898654,-54.94177167628729
696394,696.394,18.29,291.44,1019.87,1.219096564898654,-54.94177167628729
696542,696.542,18.29,291.44,1019.87,1.219096564898654,-54.94177167628729
696689,696.689,18.29,291.44,1019.87,1.219096564898654,-54.94177167628729
696837,696.837,18.29,291.44,1019.89,1.2191204717998259,-55.10732077164116
696985,696.985,18.3,291.45,1019.87,1.2190547362294175,-54.94177167628729
697132,697.132,18.3,291.45,1019.87,1.2190547362294175,-54.94177167628729
697280,697.28,18.3,291.45,1019.87,1.2190547362294175,-54.94177167628729
697438,697.438,18.31,291.46,1019.89,1.2190368156911455,-55.10732077164116
697585,697.585,18.31,291.46,1019.86,1.219000957800127,-54.85899614272905
697733,697.733,18.31,291.46,1019.86,1.219000957800127,-54.85899614272905
697881,697.881,18.31,291.46,1019.89,1.2190368156911455,-55.10732077164116
698028,698.028,18.31,291.46,1019.88,1.219024863060806,-55.024546552591325
698176,698.176,18.3,291.45,1019.9,1.2190905953507634,-55.19009433346632
698323,698.323,18.3,291.45,1019.88,1.219066689269866,-55.024546552591325
698471,698.471,18.3,291.45,1019.91,1.219102548391212,-55.27286723805696
698658,698.658,18.3,291.45,1019.88,1.219066689269866,-55.024546552591325
698807,698.807,18.3,291.45,1019.87,1.2190547362294175,-54.94177167628729
698954,698.954,18.3,291.45,1019.88,1.219066689269866,-55.024546552591325
699102,699.102,18.3,291.45,1019.87,1.2190547362294175,-54.94177167628729
699249,699.249,18.3,291.45,1019.89,1.2190786423103146,-55.10732077164116
699397,699.397,18.29,291.44,1019.88,1.21910851834924,-55.024546552591325
699544,699.544,18.3,291.45,1019.88,1.219066689269866,-55.024546552591325
699702,699.702,18.29,291.44,1019.86,1.2190846114480682,-54.85899614272905
699849,699.849,18.3,291.45,1019.86,1.219042783188969,-54.85899614272905
699998,699.998,18.29,291.44,1019.85,1.2190726579974824,-54.776219951906754
700145,700.145,18.29,291.44,1019.86,1.2190846114480682,-54.85899614272905
700293,700.293,18.29,291.44,1019.87,1.219096564898654,-54.94177167628729
700440,700.44,18.29,291.44,1019.85,1.2190726579974824,-54.776219951906754
700587,700.587,18.29,291.44,1019.85,1.2190726579974824,-54.776219951906754
700736,700.736,18.3,291.45,1019.87,1.2190547362294175,-54.94177167628729
700885,700.885,18.29,291.44,1019.87,1.219096564898654,-54.94177167628729
701034,701.034,18.29,291.44,1019.85,1.2190726579974824,-54.776219951906754
701181,701.181,18.3,291.45,1019.86,1.219042783188969,-54.85899614272905
701329,701.329,18.29,291.44,1019.83,1.2190487510963108,-54.61066559840112
701476,701.476,18.29,291.44,1019.86,1.2190846114480682,-54.85899614272905
701625,701.625,18.29,291.44,1019.87,1.219096564898654,-54.94177167628729
701772,701.772,18.29,291.44,1019.87,1.219096564898654,-54.94177167628729
701920,701.92,18.29,291.44,1019.9,1.2191324252504117,-55.19009433346632
702070,702.07,18.29,291.44,1019.88,1.21910851834924,-55.024546552591325
702218,702.218,18.28,291.42999999999995,1019.87,1.2191383964384717,-54.94177167628729
702366,702.366,18.29,291.44,1019.87,1.219096564898654,-54.94177167628729
702514,702.514,18.29,291.44,1019.9,1.2191324252504117,-55.19009433346632
702661,702.661,18.29,291.44,1019.86,1.2190846114480682,-54.85899614272905
702809,702.809,18.29,291.44,1019.89,1.2191204717998259,-55.10732077164116
702994,702.994,18.29,291.44,1019.87,1.219096564898654,-54.94177167628729
703144,703.144,18.29,291.44,1019.88,1.21910851834924,-55.024546552591325
703292,703.292,18.29,291.44,1019.89,1.2191204717998259,-55.10732077164116
703439,703.439,18.29,291.44,1019.88,1.21910851834924,-55.024546552591325
703587,703.587,18.29,291.44,1019.87,1.219096564898654,-54.94177167628729
703735,703.735,18.29,291.44,1019.89,1.2191204717998259,-55.10732077164116
703883,703.883,18.29,291.44,1019.88,1.21910851834924,-55.024546552591325
704030,704.03,18.29,291.44,1019.89,1.2191204717998259,-55.10732077164116
704178,704.178,18.29,291.44,1019.9,1.2191324252504117,-55.19009433346632
704335,704.335,18.3,291.45,1019.9,1.2190905953507634,-55.19009433346632
704483,704.483,18.29,291.44,1019.86,1.2190846114480682,-54.85899614272905
704630,704.63,18.29,291.44,1019.87,1.219096564898654,-54.94177167628729
704779,704.779,18.3,291.45,1019.87,1.2190547362294175,-54.94177167628729
704926,704.926,18.3,291.45,1019.88,1.219066689269866,-55.024546552591325
705074,705.074,18.29,291.44,1019.92,1.2191563321515833,-55.35563948545246
705221,705.221,18.3,291.45,1019.87,1.2190547362294175,-54.94177167628729
705372,705.372,18.3,291.45,1019.87,1.2190547362294175,-54.94177167628729
705519,705.519,18.3,291.45,1019.87,1.2190547362294175,-54.94177167628729
705666,705.666,18.3,291.45,1019.87,1.2190547362294175,-54.94177167628729
705815,705.815,18.3,291.45,1019.86,1.219042783188969,-54.85899614272905
705962,705.962,18.29,291.44,1019.88,1.21910851834924,-55.024546552591325
706110,706.11,18.29,291.44,1019.88,1.21910851834924,-55.024546552591325
706257,706.257,18.29,291.44,1019.89,1.2191204717998259,-55.10732077164116
706406,706.406,18.28,291.42999999999995,1019.88,1.219150350299223,-55.024546552591325
706564,706.564,18.28,291.42999999999995,1019.87,1.2191383964384717,-54.94177167628729
706711,706.711,18.28,291.42999999999995,1019.87,1.2191383964384717,-54.94177167628729
706858,706.858,18.27,291.41999999999996,1019.89,1.219204139391055,-55.10732077164116
707043,707.043,18.28,291.42999999999995,1019.87,1.2191383964384717,-54.94177167628729
707191,707.191,18.27,291.41999999999996,1019.87,1.2191802308491655,-54.94177167628729
707339,707.339,18.27,291.41999999999996,1019.86,1.2191682765782206,-54.85899614272905
707486,707.486,18.28,291.42999999999995,1019.88,1.219150350299223,-55.024546552591325
707634,707.634,18.28,291.42999999999995,1019.86,1.2191264425777204,-54.85899614272905
707784,707.784,18.28,291.42999999999995,1019.85,1.2191144887169691,-54.776219951906754
707932,707.932,18.28,291.42999999999995,1019.9,1.2191742580207254,-55.19009433346632
708080,708.08,18.27,291.41999999999996,1019.85,1.2191563223072759,-54.776219951906754
708228,708.228,18.27,291.41999999999996,1019.85,1.2191563223072759,-54.776219951906754
708375,708.375,18.27,291.41999999999996,1019.87,1.2191802308491655,-54.94177167628729
708522,708.522,18.27,291.41999999999996,1019.86,1.2191682765782206,-54.85899614272905
708671,708.671,18.27,291.41999999999996,1019.87,1.2191802308491655,-54.94177167628729
708828,708.828,18.26,291.40999999999997,1019.87,1.219222068131031,-54.94177167628729
708976,708.976,18.26,291.40999999999997,1019.85,1.219198158768698,-54.776219951906754
709124,709.124,18.26,291.40999999999997,1019.87,1.219222068131031,-54.94177167628729
709271,709.271,18.26,291.40999999999997,1019.91,1.2192698868556973,-55.27286723805696
709419,709.419,18.26,291.40999999999997,1019.86,1.2192101134498645,-54.85899614272905
709567,709.567,18.26,291.40999999999997,1019.87,1.219222068131031,-54.94177167628729
709714,709.714,18.26,291.40999999999997,1019.88,1.2192340228121976,-55.024546552591325
709862,709.862,18.26,291.40999999999997,1019.88,1.2192340228121976,-55.024546552591325
710012,710.012,18.27,291.41999999999996,1019.88,1.2191921851201102,-55.024546552591325
710160,710.16,18.27,291.41999999999996,1019.85,1.2191563223072759,-54.776219951906754
710308,710.308,18.26,291.40999999999997,1019.84,1.2191862040875314,-54.693443103800725
710456,710.456,18.26,291.40999999999997,1019.84,1.2191862040875314,-54.693443103800725
710603,710.603,18.26,291.40999999999997,1019.85,1.219198158768698,-54.776219951906754
710751,710.751,18.26,291.40999999999997,1019.87,1.219222068131031,-54.94177167628729
710899,710.899,18.27,291.41999999999996,1019.86,1.2191682765782206,-54.85899614272905
711047,711.047,18.27,291.41999999999996,1019.9,1.219216093662,-55.19009433346632
711204,711.204,18.27,291.41999999999996,1019.86,1.2191682765782206,-54.85899614272905
711352,711.352,18.27,291.41999999999996,1019.86,1.2191682765782206,-54.85899614272905
711499,711.499,18.27,291.41999999999996,1019.88,1.2191921851201102,-55.024546552591325
711648,711.648,18.27,291.41999999999996,1019.86,1.2191682765782206,-54.85899614272905
711795,711.795,18.27,291.41999999999996,1019.85,1.2191563223072759,-54.776219951906754
711943,711.943,18.28,291.42999999999995,1019.87,1.2191383964384717,-54.94177167628729
712091,712.091,18.28,291.42999999999995,1019.89,1.2191623041599742,-55.10732077164116
712241,712.241,18.28,291.42999999999995,1019.86,1.2191264425777204,-54.85899614272905
712426,712.426,18.28,291.42999999999995,1019.85,1.2191144887169691,-54.776219951906754
712573,712.573,18.29,291.44,1019.86,1.2190846114480682,-54.85899614272905
712721,712.721,18.28,291.42999999999995,1019.85,1.2191144887169691,-54.776219951906754
712868,712.868,18.29,291.44,1019.86,1.2190846114480682,-54.85899614272905
713017,713.017,18.29,291.44,1019.87,1.219096564898654,-54.94177167628729
713164,713.164,18.29,291.44,1019.88,1.21910851834924,-55.024546552591325
713312,713.312,18.29,291.44,1019.88,1.21910851834924,-55.024546552591325
713469,713.469,18.3,291.45,1019.87,1.2190547362294175,-54.94177167628729
713617,713.617,18.3,291.45,1019.86,1.219042783188969,-54.85899614272905
713765,713.765,18.3,291.45,1019.87,1.2190547362294175,-54.94177167628729
713913,713.913,18.3,291.45,1019.9,1.2190905953507634,-55.19009433346632
714060,714.06,18.3,291.45,1019.87,1.2190547362294175,-54.94177167628729
714209,714.209,18.3,291.45,1019.88,1.219066689269866,-55.024546552591325
714356,714.356,18.31,291.46,1019.88,1.219024863060806,-55.024546552591325
714504,714.504,18.31,291.46,1019.88,1.219024863060806,-55.024546552591325
714654,714.654,18.31,291.46,1019.86,1.219000957800127,-54.85899614272905
714802,714.802,18.31,291.46,1019.9,1.219048768321485,-55.19009433346632
714950,714.95,18.31,291.46,1019.85,1.2189890051697876,-54.776219951906754
715098,715.098,18.32,291.46999999999997,1019.86,1.2189591352812468,-54.85899614272905
715245,715.245,18.32,291.46999999999997,1019.9,1.2190069441622808,-55.19009433346632
715429,715.429,18.32,291.46999999999997,1019.86,1.2189591352812468,-54.85899614272905
715578,715.578,18.32,291.46999999999997,1019.88,1.2189830397217638,-55.024546552591325
715735,715.735,18.32,291.46999999999997,1019.87,1.2189710875015054,-54.94177167628729
715883,715.883,18.32,291.46999999999997,1019.88,1.2189830397217638,-55.024546552591325
716030,716.03,18.32,291.46999999999997,1019.87,1.2189710875015054,-54.94177167628729
716179,716.179,18.32,291.46999999999997,1019.86,1.2189591352812468,-54.85899614272905
716326,716.326,18.32,291.46999999999997,1019.88,1.2189830397217638,-55.024546552591325
716474,716.474,18.32,291.46999999999997,1019.9,1.2190069441622808,-55.19009433346632
716622,716.622,18.32,291.46999999999997,1019.87,1.2189710875015054,-54.94177167628729
716770,716.77,18.32,291.46999999999997,1019.88,1.2189830397217638,-55.024546552591325
716920,716.92,18.33,291.47999999999996,1019.88,1.2189412192524445,-55.024546552591325
717068,717.068,18.33,291.47999999999996,1019.87,1.218929267442239,-54.94177167628729
717215,717.215,18.33,291.47999999999996,1019.89,1.2189531710626502,-55.10732077164116
717364,717.364,18.33,291.47999999999996,1019.89,1.2189531710626502,-55.10732077164116
717511,717.511,18.33,291.47999999999996,1019.86,1.2189173156320332,-54.85899614272905
717659,717.659,18.33,291.47999999999996,1019.89,1.2189531710626502,-55.10732077164116
717806,717.806,18.33,291.47999999999996,1019.86,1.2189173156320332,-54.85899614272905
717964,717.964,18.33,291.47999999999996,1019.88,1.2189412192524445,-55.024546552591325
718112,718.112,18.33,291.47999999999996,1019.88,1.2189412192524445,-55.024546552591325
718260,718.26,18.33,291.47999999999996,1019.89,1.2189531710626502,-55.10732077164116
718407,718.407,18.33,291.47999999999996,1019.87,1.218929267442239,-54.94177167628729
718556,718.556,18.33,291.47999999999996,1019.87,1.218929267442239,-54.94177167628729
718703,718.703,18.34,291.48999999999995,1019.88,1.2188994016525525,-55.024546552591325
718850,718.85,18.34,291.48999999999995,1019.86,1.2188754988521906,-54.85899614272905
718999,718.999,18.34,291.48999999999995,1019.86,1.2188754988521906,-54.85899614272905
719148,719.148,18.34,291.48999999999995,1019.87,1.2188874502523717,-54.94177167628729
719297,719.297,18.34,291.48999999999995,1019.87,1.2188874502523717,-54.94177167628729
719444,719.444,18.34,291.48999999999995,1019.88,1.2188994016525525,-55.024546552591325
719592,719.592,18.34,291.48999999999995,1019.86,1.2188754988521906,-54.85899614272905
719740,719.74,18.35,291.5,1019.87,1.2188456359316082,-54.94177167628729
719888,719.888,18.34,291.48999999999995,1019.88,1.2188994016525525,-55.024546552591325
720036,720.036,18.34,291.48999999999995,1019.86,1.2188754988521906,-54.85899614272905
720184,720.184,18.34,291.48999999999995,1019.88,1.2188994016525525,-55.024546552591325
720341,720.341,18.34,291.48999999999995,1019.9,1.2189233044529144,-55.19009433346632
720489,720.489,18.34,291.48999999999995,1019.9,1.2189233044529144,-55.19009433346632
720637,720.637,18.34,291.48999999999995,1019.88,1.2188994016525525,-55.024546552591325
720785,720.785,18.33,291.47999999999996,1019.86,1.2189173156320332,-54.85899614272905
720932,720.932,18.33,291.47999999999996,1019.89,1.2189531710626502,-55.10732077164116
721081,721.081,18.34,291.48999999999995,1019.88,1.2188994016525525,-55.024546552591325
721228,721.228,18.34,291.48999999999995,1019.85,1.2188635474520098,-54.776219951906754
721379,721.379,18.34,291.48999999999995,1019.86,1.2188754988521906,-54.85899614272905
721526,721.526,18.34,291.48999999999995,1019.86,1.2188754988521906,-54.85899614272905
721674,721.674,18.34,291.48999999999995,1019.88,1.2188994016525525,-55.024546552591325
721859,721.859,18.34,291.48999999999995,1019.87,1.2188874502523717,-54.94177167628729
722006,722.006,18.34,291.48999999999995,1019.9,1.2189233044529144,-55.19009433346632
722154,722.154,18.35,291.5,1019.88,1.2188575869217924,-55.024546552591325
722302,722.302,18.35,291.5,1019.87,1.2188456359316082,-54.94177167628729
722450,722.45,18.35,291.5,1019.9,1.218881488902161,-55.19009433346632
722608,722.608,18.35,291.5,1019.89,1.2188695379119767,-55.10732077164116
722755,722.755,18.35,291.5,1019.91,1.2188934398923454,-55.27286723805696
722903,722.903,18.35,291.5,1019.89,1.2188695379119767,-55.10732077164116
723051,723.051,18.35,291.5,1019.9,1.218881488902161,-55.19009433346632
723198,723.198,18.35,291.5,1019.87,1.2188456359316082,-54.94177167628729
723347,723.347,18.35,291.5,1019.89,1.2188695379119767,-55.10732077164116
723494,723.494,18.35,291.5,1019.86,1.2188336849414239,-54.85899614272905
723642,723.642,18.35,291.5,1019.88,1.2188575869217924,-55.024546552591325
723829,723.829,18.35,291.5,1019.85,1.2188217339512395,-54.776219951906754
723977,723.977,18.35,291.5,1019.87,1.2188456359316082,-54.94177167628729
724125,724.125,18.35,291.5,1019.88,1.2188575869217924,-55.024546552591325
724273,724.273,18.35,291.5,1019.87,1.2188456359316082,-54.94177167628729
724421,724.421,18.36,291.51,1019.88,1.2188157750598692,-55.024546552591325
724569,724.569,18.35,291.5,1019.89,1.2188695379119767,-55.10732077164116
724716,724.716,18.35,291.5,1019.86,1.2188336849414239,-54.85899614272905
724874,724.874,18.35,291.5,1019.86,1.2188336849414239,-54.85899614272905
725022,725.022,18.35,291.5,1019.86,1.2188336849414239,-54.85899614272905
725170,725.17,18.35,291.5,1019.87,1.2188456359316082,-54.94177167628729
725317,725.317,18.36,291.51,1019.89,1.2188277256400852,-55.10732077164116
725466,725.466,18.35,291.5,1019.87,1.2188456359316082,-54.94177167628729
725613,725.613,18.35,291.5,1019.87,1.2188456359316082,-54.94177167628729
725761,725.761,18.35,291.5,1019.87,1.2188456359316082,-54.94177167628729
725909,725.909,18.35,291.5,1019.86,1.2188336849414239,-54.85899614272905
726059,726.059,18.35,291.5,1019.88,1.2188575869217924,-55.024546552591325
726207,726.207,18.35,291.5,1019.87,1.2188456359316082,-54.94177167628729
726354,726.354,18.35,291.5,1019.87,1.2188456359316082,-54.94177167628729
726503,726.503,18.35,291.5,1019.88,1.2188575869217924,-55.024546552591325
726650,726.65,18.35,291.5,1019.89,1.2188695379119767,-55.10732077164116
726798,726.798,18.35,291.5,1019.85,1.2188217339512395,-54.776219951906754
726946,726.946,18.35,291.5,1019.88,1.2188575869217924,-55.024546552591325
727094,727.094,18.35,291.5,1019.86,1.2188336849414239,-54.85899614272905
727261,727.261,18.35,291.5,1019.88,1.2188575869217924,-55.024546552591325
727409,727.409,18.35,291.5,1019.86,1.2188336849414239,-54.85899614272905
727557,727.557,18.35,291.5,1019.85,1.2188217339512395,-54.776219951906754
727704,727.704,18.34,291.48999999999995,1019.85,1.2188635474520098,-54.776219951906754
727852,727.852,18.35,291.5,1019.87,1.2188456359316082,-54.94177167628729
728000,728.0,18.34,291.48999999999995,1019.89,1.2189113530527333,-55.10732077164116
728148,728.148,18.35,291.5,1019.86,1.2188336849414239,-54.85899614272905
728298,728.298,18.35,291.5,1019.88,1.2188575869217924,-55.024546552591325
728446,728.446,18.34,291.48999999999995,1019.86,1.2188754988521906,-54.85899614272905
728594,728.594,18.35,291.5,1019.88,1.2188575869217924,-55.024546552591325
728742,728.742,18.35,291.5,1019.91,1.2188934398923454,-55.27286723805696
728890,728.89,18.35,291.5,1019.88,1.2188575869217924,-55.024546552591325
729037,729.037,18.35,291.5,1019.87,1.2188456359316082,-54.94177167628729
729186,729.186,18.35,291.5,1019.89,1.2188695379119767,-55.10732077164116
729333,729.333,18.35,291.5,1019.86,1.2188336849414239,-54.85899614272905
729528,729.528,18.35,291.5,1019.87,1.2188456359316082,-54.94177167628729
729677,729.677,18.35,291.5,1019.89,1.2188695379119767,-55.10732077164116
729828,729.828,18.36,291.51,1019.89,1.2188277256400852,-55.10732077164116
729977,729.977,18.36,291.51,1019.87,1.2188038244796533,-54.94177167628729
730128,730.128,18.36,291.51,1019.85,1.2187799233192216,-54.776219951906754
730277,730.277,18.36,291.51,1019.88,1.2188157750598692,-55.024546552591325
730427,730.427,18.36,291.51,1019.88,1.2188157750598692,-55.024546552591325
730577,730.577,18.36,291.51,1019.86,1.2187918738994374,-54.85899614272905
730730,730.73,18.36,291.51,1019.86,1.2187918738994374,-54.85899614272905
730879,730.879,18.37,291.52,1019.85,1.2187381155556611,-54.776219951906754
731029,731.029,18.37,291.52,1019.89,1.2187859162367634,-55.10732077164116
731179,731.179,18.37,291.52,1019.88,1.2187739660664878,-55.024546552591325
731366,731.366,18.37,291.52,1019.88,1.2187739660664878,-55.024546552591325
731515,731.515,18.37,291.52,1019.84,1.2187261653853854,-54.693443103800725
731666,731.666,18.37,291.52,1019.87,1.2187620158962122,-54.94177167628729
731899,731.899,18.38,291.53,1019.86,1.2187082604206259,-54.85899614272905
732049,732.049,18.38,291.53,1019.83,1.2186724111395355,-54.61066559840112
732198,732.198,18.38,291.53,1019.82,1.2186604613791723,-54.52788743570794
732349,732.349,18.38,291.53,1019.84,1.218684360899899,-54.693443103800725
732498,732.498,18.38,291.53,1019.87,1.218720210180989,-54.94177167628729
732649,732.649,18.39,291.53999999999996,1019.85,1.2186545086327307,-54.776219951906754
732798,732.798,18.39,291.53999999999996,1019.86,1.21866645798321,-54.85899614272905
732948,732.948,18.39,291.53999999999996,1019.86,1.21866645798321,-54.85899614272905
733100,733.1,18.39,291.53999999999996,1019.88,1.2186903566841687,-55.024546552591325
733251,733.251,18.39,291.53999999999996,1019.85,1.2186545086327307,-54.776219951906754
733401,733.401,18.39,291.53999999999996,1019.87,1.2186784073336894,-54.94177167628729
733551,733.551,18.39,291.53999999999996,1019.84,1.2186425592822514,-54.693443103800725
733701,733.701,18.39,291.53999999999996,1019.85,1.2186545086327307,-54.776219951906754
733850,733.85,18.39,291.53999999999996,1019.85,1.2186545086327307,-54.776219951906754
734001,734.001,18.4,291.54999999999995,1019.86,1.2186246584133942,-54.85899614272905
734160,734.16,18.4,291.54999999999995,1019.88,1.2186485562946408,-55.024546552591325
734310,734.31,18.4,291.54999999999995,1019.86,1.2186246584133942,-54.85899614272905
734460,734.46,18.4,291.54999999999995,1019.87,1.2186366073540174,-54.94177167628729
734610,734.61,18.4,291.54999999999995,1019.87,1.2186366073540174,-54.94177167628729
734760,734.76,18.4,291.54999999999995,1019.87,1.2186366073540174,-54.94177167628729
734910,734.91,18.4,291.54999999999995,1019.87,1.2186366073540174,-54.94177167628729
735060,735.06,18.4,291.54999999999995,1019.87,1.2186366073540174,-54.94177167628729
735210,735.21,18.4,291.54999999999995,1019.86,1.2186246584133942,-54.85899614272905
735362,735.362,18.39,291.53999999999996,1019.86,1.21866645798321,-54.85899614272905
735512,735.512,18.4,291.54999999999995,1019.86,1.2186246584133942,-54.85899614272905
735663,735.663,18.39,291.53999999999996,1019.86,1.21866645798321,-54.85899614272905
735812,735.812,18.4,291.54999999999995,1019.89,1.2186605052352641,-55.10732077164116
735962,735.962,18.4,291.54999999999995,1019.87,1.2186366073540174,-54.94177167628729
736112,736.112,18.4,291.54999999999995,1019.88,1.2186485562946408,-55.024546552591325
736262,736.262,18.41,291.56,1019.88,1.2186067587724738,-55.024546552591325
736412,736.412,18.41,291.56,1019.87,1.2185948102416782,-54.94177167628729
736572,736.572,18.41,291.56,1019.86,1.2185828617108827,-54.85899614272905
736721,736.721,18.41,291.56,1019.86,1.2185828617108827,-54.85899614272905
736872,736.872,18.41,291.56,1019.85,1.2185709131800873,-54.776219951906754
737021,737.021,18.41,291.56,1019.87,1.2185948102416782,-54.94177167628729
737172,737.172,18.42,291.57,1019.86,1.2185410678753816,-54.85899614272905
737321,737.321,18.41,291.56,1019.87,1.2185948102416782,-54.94177167628729
737471,737.471,18.41,291.56,1019.87,1.2185948102416782,-54.94177167628729
737623,737.623,18.41,291.56,1019.84,1.2185589646492918,-54.693443103800725
737774,737.774,18.41,291.56,1019.86,1.2185828617108827,-54.85899614272905
737924,737.924,18.41,291.56,1019.89,1.2186187073032693,-55.10732077164116
738074,738.074,18.41,291.56,1019.87,1.2185948102416782,-54.94177167628729
738224,738.224,18.41,291.56,1019.87,1.2185948102416782,-54.94177167628729
738374,738.374,18.41,291.56,1019.88,1.2186067587724738,-55.024546552591325
738524,738.524,18.4,291.54999999999995,1019.85,1.2186127094727708,-54.776219951906754
738674,738.674,18.4,291.54999999999995,1019.88,1.2186485562946408,-55.024546552591325
738834,738.834,18.4,291.54999999999995,1019.85,1.2186127094727708,-54.776219951906754
738983,738.983,18.41,291.56,1019.84,1.2185589646492918,-54.693443103800725
739134,739.134,18.41,291.56,1019.87,1.2185948102416782,-54.94177167628729
739283,739.283,18.41,291.56,1019.86,1.2185828617108827,-54.85899614272905
739434,739.434,18.41,291.56,1019.85,1.2185709131800873,-54.776219951906754
739583,739.583,18.41,291.56,1019.87,1.2185948102416782,-54.94177167628729
739734,739.734,18.42,291.57,1019.84,1.21851717163339,-54.693443103800725
739883,739.883,18.42,291.57,1019.88,1.2185649641173733,-55.024546552591325
740036,740.036,18.42,291.57,1019.87,1.2185530159963773,-54.94177167628729
740186,740.186,18.42,291.57,1019.87,1.2185530159963773,-54.94177167628729
740373,740.373,18.42,291.57,1019.9,1.2185888603593646,-55.19009433346632
740525,740.525,18.41,291.56,1019.86,1.2185828617108827,-54.85899614272905
740712,740.712,18.41,291.56,1019.88,1.2186067587724738,-55.024546552591325
740864,740.864,18.41,291.56,1019.88,1.2186067587724738,-55.024546552591325
741050,741.05,18.41,291.56,1019.88,1.2186067587724738,-55.024546552591325
741213,741.213,18.41,291.56,1019.86,1.2185828617108827,-54.85899614272905
741362,741.362,18.41,291.56,1019.85,1.2185709131800873,-54.776219951906754
741549,741.549,18.41,291.56,1019.87,1.2185948102416782,-54.94177167628729
741699,741.699,18.41,291.56,1019.88,1.2186067587724738,-55.024546552591325
741850,741.85,18.41,291.56,1019.87,1.2185948102416782,-54.94177167628729
741999,741.999,18.41,291.56,1019.84,1.2185589646492918,-54.693443103800725
742150,742.15,18.41,291.56,1019.84,1.2185589646492918,-54.693443103800725
742299,742.299,18.41,291.56,1019.87,1.2185948102416782,-54.94177167628729
742452,742.452,18.4,291.54999999999995,1019.87,1.2186366073540174,-54.94177167628729
742602,742.602,18.41,291.56,1019.85,1.2185709131800873,-54.776219951906754
742752,742.752,18.41,291.56,1019.87,1.2185948102416782,-54.94177167628729
742902,742.902,18.41,291.56,1019.86,1.2185828617108827,-54.85899614272905
743052,743.052,18.41,291.56,1019.85,1.2185709131800873,-54.776219951906754
743202,743.202,18.41,291.56,1019.86,1.2185828617108827,-54.85899614272905
743352,743.352,18.41,291.56,1019.86,1.2185828617108827,-54.85899614272905
743502,743.502,18.41,291.56,1019.86,1.2185828617108827,-54.85899614272905
743662,743.662,18.41,291.56,1019.87,1.2185948102416782,-54.94177167628729
743812,743.812,18.41,291.56,1019.88,1.2186067587724738,-55.024546552591325
743962,743.962,18.41,291.56,1019.85,1.2185709131800873,-54.776219951906754
744112,744.112,18.41,291.56,1019.86,1.2185828617108827,-54.85899614272905
744262,744.262,18.41,291.56,1019.87,1.2185948102416782,-54.94177167628729
744412,744.412,18.41,291.56,1019.86,1.2185828617108827,-54.85899614272905
744562,744.562,18.4,291.54999999999995,1019.85,1.2186127094727708,-54.776219951906754
744715,744.715,18.41,291.56,1019.89,1.2186187073032693,-55.10732077164116
744864,744.864,18.4,291.54999999999995,1019.85,1.2186127094727708,-54.776219951906754
745015,745.015,18.4,291.54999999999995,1019.86,1.2186246584133942,-54.85899614272905
745164,745.164,18.4,291.54999999999995,1019.87,1.2186366073540174,-54.94177167628729
745314,745.314,18.41,291.56,1019.88,1.2186067587724738,-55.024546552591325
745464,745.464,18.4,291.54999999999995,1019.87,1.2186366073540174,-54.94177167628729
745614,745.614,18.4,291.54999999999995,1019.86,1.2186246584133942,-54.85899614272905
745764,745.764,18.4,291.54999999999995,1019.87,1.2186366073540174,-54.94177167628729
745961,745.961,18.4,291.54999999999995,1019.87,1.2186366073540174,-54.94177167628729
746110,746.11,18.4,291.54999999999995,1019.86,1.2186246584133942,-54.85899614272905
746261,746.261,18.4,291.54999999999995,1019.88,1.2186485562946408,-55.024546552591325
746410,746.41,18.4,291.54999999999995,1019.88,1.2186485562946408,-55.024546552591325
746561,746.561,18.4,291.54999999999995,1019.85,1.2186127094727708,-54.776219951906754
746710,746.71,18.4,291.54999999999995,1019.87,1.2186366073540174,-54.94177167628729
746861,746.861,18.4,291.54999999999995,1019.86,1.2186246584133942,-54.85899614272905
747010,747.01,18.39,291.53999999999996,1019.88,1.2186903566841687,-55.024546552591325
747163,747.163,18.39,291.53999999999996,1019.88,1.2186903566841687,-55.024546552591325
747314,747.314,18.39,291.53999999999996,1019.88,1.2186903566841687,-55.024546552591325
747463,747.463,18.38,291.53,1019.86,1.2187082604206259,-54.85899614272905
747614,747.614,18.38,291.53,1019.88,1.2187321599413525,-55.024546552591325
747763,747.763,18.38,291.53,1019.88,1.2187321599413525,-55.024546552591325
747914,747.914,18.38,291.53,1019.85,1.2186963106602624,-54.776219951906754
748063,748.063,18.38,291.53,1019.86,1.2187082604206259,-54.85899614272905
748223,748.223,18.38,291.53,1019.85,1.2186963106602624,-54.776219951906754
748373,748.373,18.38,291.53,1019.86,1.2187082604206259,-54.85899614272905
748523,748.523,18.38,291.53,1019.85,1.2186963106602624,-54.776219951906754
748673,748.673,18.38,291.53,1019.86,1.2187082604206259,-54.85899614272905
748824,748.824,18.37,291.52,1019.85,1.2187381155556611,-54.776219951906754
748973,748.973,18.38,291.53,1019.86,1.2187082604206259,-54.85899614272905
749124,749.124,18.37,291.52,1019.85,1.2187381155556611,-54.776219951906754
749274,749.274,18.37,291.52,1019.83,1.2187142152151098,-54.61066559840112
749426,749.426,18.37,291.52,1019.82,1.2187022650448343,-54.52788743570794
749611,749.611,18.37,291.52,1019.86,1.2187500657259367,-54.85899614272905
749762,749.762,18.38,291.53,1019.85,1.2186963106602624,-54.776219951906754
749911,749.911,18.38,291.53,1019.86,1.2187082604206259,-54.85899614272905
750062,750.062,18.38,291.53,1019.87,1.218720210180989,-54.94177167628729
750212,750.212,18.38,291.53,1019.87,1.218720210180989,-54.94177167628729
750362,750.362,18.38,291.53,1019.86,1.2187082604206259,-54.85899614272905
750522,750.522,18.38,291.53,1019.87,1.218720210180989,-54.94177167628729
750672,750.672,18.38,291.53,1019.84,1.218684360899899,-54.693443103800725
750822,750.822,18.38,291.53,1019.8,1.2186365618584454,-54.362329138342396
750972,750.972,18.38,291.53,1019.85,1.2186963106602624,-54.776219951906754
751159,751.159,18.39,291.53999999999996,1019.82,1.2186186605812928,-54.52788743570794
751309,751.309,18.39,291.53999999999996,1019.82,1.2186186605812928,-54.52788743570794
751459,751.459,18.39,291.53999999999996,1019.83,1.218630609931772,-54.61066559840112
751609,751.609,18.4,291.54999999999995,1019.81,1.2185649137102774,-54.4451086156818
751762,751.762,18.39,291.53999999999996,1019.83,1.218630609931772,-54.61066559840112
751911,751.911,18.39,291.53999999999996,1019.84,1.2186425592822514,-54.693443103800725
752062,752.062,18.38,291.53,1019.83,1.2186724111395355,-54.61066559840112
752211,752.211,18.37,291.52,1019.88,1.2187739660664878,-55.024546552591325
752362,752.362,18.36,291.51,1019.87,1.2188038244796533,-54.94177167628729
752511,752.511,18.35,291.5,1019.86,1.2188336849414239,-54.85899614272905
752662,752.662,18.34,291.48999999999995,1019.88,1.2188994016525525,-55.024546552591325
752811,752.811,18.33,291.47999999999996,1019.88,1.2189412192524445,-55.024546552591325
752972,752.972,18.33,291.47999999999996,1019.89,1.2189531710626502,-55.10732077164116
753122,753.122,18.33,291.47999999999996,1019.85,1.2189053638218277,-54.776219951906754
753272,753.272,18.34,291.48999999999995,1019.85,1.2188635474520098,-54.776219951906754
753422,753.422,18.34,291.48999999999995,1019.87,1.2188874502523717,-54.94177167628729
753572,753.572,18.34,291.48999999999995,1019.87,1.2188874502523717,-54.94177167628729
753722,753.722,18.34,291.48999999999995,1019.87,1.2188874502523717,-54.94177167628729
753872,753.872,18.34,291.48999999999995,1019.87,1.2188874502523717,-54.94177167628729
754025,754.025,18.34,291.48999999999995,1019.87,1.2188874502523717,-54.94177167628729
754174,754.174,18.34,291.48999999999995,1019.86,1.2188754988521906,-54.85899614272905
754325,754.325,18.34,291.48999999999995,1019.87,1.2188874502523717,-54.94177167628729
754474,754.474,18.34,291.48999999999995,1019.87,1.2188874502523717,-54.94177167628729
754625,754.625,18.34,291.48999999999995,1019.86,1.2188754988521906,-54.85899614272905
754774,754.774,18.34,291.48999999999995,1019.87,1.2188874502523717,-54.94177167628729
754925,754.925,18.35,291.5,1019.86,1.2188336849414239,-54.85899614272905
755076,755.076,18.34,291.48999999999995,1019.85,1.2188635474520098,-54.776219951906754
755235,755.235,18.34,291.48999999999995,1019.84,1.2188515960518287,-54.693443103800725
755385,755.385,18.34,291.48999999999995,1019.87,1.2188874502523717,-54.94177167628729
755535,755.535,18.34,291.48999999999995,1019.87,1.2188874502523717,-54.94177167628729
755685,755.685,18.35,291.5,1019.88,1.2188575869217924,-55.024546552591325
755835,755.835,18.34,291.48999999999995,1019.88,1.2188994016525525,-55.024546552591325
755985,755.985,18.34,291.48999999999995,1019.86,1.2188754988521906,-54.85899614272905
756135,756.135,18.34,291.48999999999995,1019.86,1.2188754988521906,-54.85899614272905
756286,756.286,18.34,291.48999999999995,1019.86,1.2188754988521906,-54.85899614272905
756438,756.438,18.34,291.48999999999995,1019.87,1.2188874502523717,-54.94177167628729
756588,756.588,18.34,291.48999999999995,1019.85,1.2188635474520098,-54.776219951906754
756738,756.738,18.34,291.48999999999995,1019.86,1.2188754988521906,-54.85899614272905
756888,756.888,18.34,291.48999999999995,1019.86,1.2188754988521906,-54.85899614272905
757039,757.039,18.34,291.48999999999995,1019.88,1.2188994016525525,-55.024546552591325
757188,757.188,18.34,291.48999999999995,1019.85,1.2188635474520098,-54.776219951906754
757339,757.339,18.34,291.48999999999995,1019.87,1.2188874502523717,-54.94177167628729
757498,757.498,18.34,291.48999999999995,1019.86,1.2188754988521906,-54.85899614272905
757649,757.649,18.34,291.48999999999995,1019.85,1.2188635474520098,-54.776219951906754
757798,757.798,18.33,291.47999999999996,1019.87,1.218929267442239,-54.94177167628729
757949,757.949,18.33,291.47999999999996,1019.86,1.2189173156320332,-54.85899614272905
758136,758.136,18.33,291.47999999999996,1019.87,1.218929267442239,-54.94177167628729
758286,758.286,18.33,291.47999999999996,1019.87,1.218929267442239,-54.94177167628729
758436,758.436,18.33,291.47999999999996,1019.88,1.2189412192524445,-55.024546552591325
758586,758.586,18.33,291.47999999999996,1019.88,1.2189412192524445,-55.024546552591325
758738,758.738,18.33,291.47999999999996,1019.87,1.218929267442239,-54.94177167628729
758889,758.889,18.32,291.46999999999997,1019.88,1.2189830397217638,-55.024546552591325
759038,759.038,18.33,291.47999999999996,1019.87,1.218929267442239,-54.94177167628729
759189,759.189,18.33,291.47999999999996,1019.87,1.218929267442239,-54.94177167628729
759338,759.338,18.33,291.47999999999996,1019.86,1.2189173156320332,-54.85899614272905
759489,759.489,18.32,291.46999999999997,1019.86,1.2189591352812468,-54.85899614272905
759639,759.639,18.32,291.46999999999997,1019.86,1.2189591352812468,-54.85899614272905
759789,759.789,18.32,291.46999999999997,1019.86,1.2189591352812468,-54.85899614272905
759949,759.949,18.32,291.46999999999997,1019.88,1.2189830397217638,-55.024546552591325
760099,760.099,18.32,291.46999999999997,1019.85,1.2189471830609884,-54.776219951906754
760250,760.25,18.32,291.46999999999997,1019.9,1.2190069441622808,-55.19009433346632
760399,760.399,18.32,291.46999999999997,1019.87,1.2189710875015054,-54.94177167628729
760550,760.55,18.32,291.46999999999997,1019.88,1.2189830397217638,-55.024546552591325
760736,760.736,18.32,291.46999999999997,1019.87,1.2189710875015054,-54.94177167628729
760887,760.887,18.32,291.46999999999997,1019.86,1.2189591352812468,-54.85899614272905
761039,761.039,18.32,291.46999999999997,1019.88,1.2189830397217638,-55.024546552591325
761189,761.189,18.32,291.46999999999997,1019.87,1.2189710875015054,-54.94177167628729
761339,761.339,18.32,291.46999999999997,1019.87,1.2189710875015054,-54.94177167628729
761490,761.49,18.32,291.46999999999997,1019.88,1.2189830397217638,-55.024546552591325
761639,761.639,18.32,291.46999999999997,1019.85,1.2189471830609884,-54.776219951906754
761790,761.79,18.32,291.46999999999997,1019.9,1.2190069441622808,-55.19009433346632
761939,761.939,18.32,291.46999999999997,1019.88,1.2189830397217638,-55.024546552591325
762090,762.09,18.32,291.46999999999997,1019.88,1.2189830397217638,-55.024546552591325
762250,762.25,18.31,291.46,1019.83,1.2189650999091086,-54.61066559840112
762400,762.4,18.31,291.46,1019.86,1.219000957800127,-54.85899614272905
762550,762.55,18.31,291.46,1019.85,1.2189890051697876,-54.776219951906754
762700,762.7,18.31,291.46,1019.85,1.2189890051697876,-54.776219951906754
762851,762.851,18.31,291.46,1019.86,1.219000957800127,-54.85899614272905
763000,763.0,18.31,291.46,1019.87,1.2190129104304666,-54.94177167628729
763151,763.151,18.3,291.45,1019.87,1.2190547362294175,-54.94177167628729
763300,763.3,18.31,291.46,1019.88,1.219024863060806,-55.024546552591325
763453,763.453,18.31,291.46,1019.88,1.219024863060806,-55.024546552591325
763603,763.603,18.3,291.45,1019.88,1.219066689269866,-55.024546552591325
763754,763.754,18.31,291.46,1019.88,1.219024863060806,-55.024546552591325
763903,763.903,18.3,291.45,1019.84,1.2190188771080719,-54.693443103800725
764054,764.054,18.3,291.45,1019.84,1.2190188771080719,-54.693443103800725
764203,764.203,18.3,291.45,1019.85,1.2190308301485204,-54.776219951906754
764354,764.354,18.3,291.45,1019.86,1.219042783188969,-54.85899614272905
764514,764.514,18.3,291.45,1019.85,1.2190308301485204,-54.776219951906754
764664,764.664,18.3,291.45,1019.87,1.2190547362294175,-54.94177167628729
764814,764.814,18.3,291.45,1019.86,1.219042783188969,-54.85899614272905
764964,764.964,18.29,291.44,1019.87,1.219096564898654,-54.94177167628729
765115,765.115,18.3,291.45,1019.87,1.2190547362294175,-54.94177167628729
765264,765.264,18.3,291.45,1019.89,1.2190786423103146,-55.10732077164116
765415,765.415,18.29,291.44,1019.89,1.2191204717998259,-55.10732077164116
765564,765.564,18.3,291.45,1019.87,1.2190547362294175,-54.94177167628729
765717,765.717,18.3,291.45,1019.86,1.219042783188969,-54.85899614272905
765867,765.867,18.3,291.45,1019.86,1.219042783188969,-54.85899614272905
766018,766.018,18.3,291.45,1019.87,1.2190547362294175,-54.94177167628729
766167,766.167,18.3,291.45,1019.89,1.2190786423103146,-55.10732077164116
766318,766.318,18.29,291.44,1019.85,1.2190726579974824,-54.776219951906754
766469,766.469,18.29,291.44,1019.89,1.2191204717998259,-55.10732077164116
766655,766.655,18.29,291.44,1019.89,1.2191204717998259,-55.10732077164116
766815,766.815,18.29,291.44,1019.88,1.21910851834924,-55.024546552591325
766965,766.965,18.29,291.44,1019.88,1.21910851834924,-55.024546552591325
767116,767.116,18.29,291.44,1019.86,1.2190846114480682,-54.85899614272905
767265,767.265,18.29,291.44,1019.88,1.21910851834924,-55.024546552591325
767416,767.416,18.29,291.44,1019.87,1.219096564898654,-54.94177167628729
767565,767.565,18.29,291.44,1019.87,1.219096564898654,-54.94177167628729
767716,767.716,18.29,291.44,1019.86,1.2190846114480682,-54.85899614272905
767866,767.866,18.29,291.44,1019.88,1.21910851834924,-55.024546552591325
768019,768.019,18.29,291.44,1019.87,1.219096564898654,-54.94177167628729
768168,768.168,18.28,291.42999999999995,1019.83,1.2190905809954666,-54.61066559840112
768319,768.319,18.29,291.44,1019.85,1.2190726579974824,-54.776219951906754
768469,768.469,18.28,291.42999999999995,1019.84,1.219102534856218,-54.693443103800725
768619,768.619,18.28,291.42999999999995,1019.86,1.2191264425777204,-54.85899614272905
768769,768.769,18.29,291.44,1019.85,1.2190726579974824,-54.776219951906754
768920,768.92,18.29,291.44,1019.85,1.2190726579974824,-54.776219951906754
769069,769.069,18.29,291.44,1019.83,1.2190487510963108,-54.61066559840112
769229,769.229,18.29,291.44,1019.88,1.21910851834924,-55.024546552591325
769380,769.38,18.28,291.42999999999995,1019.85,1.2191144887169691,-54.776219951906754
769530,769.53,18.29,291.44,1019.86,1.2190846114480682,-54.85899614272905
769680,769.68,18.29,291.44,1019.87,1.219096564898654,-54.94177167628729
769830,769.83,18.29,291.44,1019.87,1.219096564898654,-54.94177167628729
769981,769.981,18.29,291.44,1019.88,1.21910851834924,-55.024546552591325
770130,770.13,18.28,291.42999999999995,1019.84,1.219102534856218,-54.693443103800725
770321,770.321,18.29,291.44,1019.87,1.219096564898654,-54.94177167628729
770471,770.471,18.29,291.44,1019.84,1.2190607045468966,-54.693443103800725
770621,770.621,18.29,291.44,1019.86,1.2190846114480682,-54.85899614272905
770771,770.771,18.29,291.44,1019.85,1.2190726579974824,-54.776219951906754
770921,770.921,18.29,291.44,1019.88,1.21910851834924,-55.024546552591325
771071,771.071,18.29,291.44,1019.9,1.2191324252504117,-55.19009433346632
771222,771.222,18.29,291.44,1019.87,1.219096564898654,-54.94177167628729
771371,771.371,18.29,291.44,1019.87,1.219096564898654,-54.94177167628729
771532,771.532,18.29,291.44,1019.86,1.2190846114480682,-54.85899614272905
771682,771.682,18.29,291.44,1019.87,1.219096564898654,-54.94177167628729
771832,771.832,18.29,291.44,1019.84,1.2190607045468966,-54.693443103800725
771983,771.983,18.28,291.42999999999995,1019.84,1.219102534856218,-54.693443103800725
772132,772.132,18.28,291.42999999999995,1019.87,1.2191383964384717,-54.94177167628729
772283,772.283,18.29,291.44,1019.86,1.2190846114480682,-54.85899614272905
772433,772.433,18.29,291.44,1019.85,1.2190726579974824,-54.776219951906754
772583,772.583,18.29,291.44,1019.85,1.2190726579974824,-54.776219951906754
772736,772.736,18.28,291.42999999999995,1019.87,1.2191383964384717,-54.94177167628729
772886,772.886,18.28,291.42999999999995,1019.85,1.2191144887169691,-54.776219951906754
773036,773.036,18.28,291.42999999999995,1019.87,1.2191383964384717,-54.94177167628729
773187,773.187,18.28,291.42999999999995,1019.84,1.219102534856218,-54.693443103800725
773337,773.337,18.28,291.42999999999995,1019.86,1.2191264425777204,-54.85899614272905
773487,773.487,18.28,291.42999999999995,1019.88,1.219150350299223,-55.024546552591325
773637,773.637,18.28,291.42999999999995,1019.88,1.219150350299223,-55.024546552591325
773797,773.797,18.28,291.42999999999995,1019.87,1.2191383964384717,-54.94177167628729
773947,773.947,18.28,291.42999999999995,1019.88,1.219150350299223,-55.024546552591325
774097,774.097,18.28,291.42999999999995,1019.87,1.2191383964384717,-54.94177167628729
774248,774.248,18.28,291.42999999999995,1019.88,1.219150350299223,-55.024546552591325
774397,774.397,18.28,291.42999999999995,1019.88,1.219150350299223,-55.024546552591325
774548,774.548,18.28,291.42999999999995,1019.87,1.2191383964384717,-54.94177167628729
774698,774.698,18.28,291.42999999999995,1019.86,1.2191264425777204,-54.85899614272905
774848,774.848,18.28,291.42999999999995,1019.85,1.2191144887169691,-54.776219951906754
775038,775.038,18.28,291.42999999999995,1019.87,1.2191383964384717,-54.94177167628729
775189,775.189,18.27,291.41999999999996,1019.87,1.2191802308491655,-54.94177167628729
775338,775.338,18.28,291.42999999999995,1019.87,1.2191383964384717,-54.94177167628729
775489,775.489,18.28,291.42999999999995,1019.86,1.2191264425777204,-54.85899614272905
775639,775.639,18.27,291.41999999999996,1019.86,1.2191682765782206,-54.85899614272905
775789,775.789,18.27,291.41999999999996,1019.88,1.2191921851201102,-55.024546552591325
775940,775.94,18.28,291.42999999999995,1019.88,1.219150350299223,-55.024546552591325
776090,776.09,18.27,291.41999999999996,1019.89,1.219204139391055,-55.10732077164116
776250,776.25,18.27,291.41999999999996,1019.86,1.2191682765782206,-54.85899614272905
776400,776.4,18.28,291.42999999999995,1019.88,1.219150350299223,-55.024546552591325
776550,776.55,18.27,291.41999999999996,1019.86,1.2191682765782206,-54.85899614272905
776700,776.7,18.27,291.41999999999996,1019.9,1.219216093662,-55.19009433346632
776851,776.851,18.27,291.41999999999996,1019.89,1.219204139391055,-55.10732077164116
777001,777.001,18.27,291.41999999999996,1019.89,1.219204139391055,-55.10732077164116
777151,777.151,18.27,291.41999999999996,1019.89,1.219204139391055,-55.10732077164116
777303,777.303,18.27,291.41999999999996,1019.9,1.219216093662,-55.19009433346632
777454,777.454,18.27,291.41999999999996,1019.9,1.219216093662,-55.19009433346632
777605,777.605,18.27,291.41999999999996,1019.88,1.2191921851201102,-55.024546552591325
777754,777.754,18.27,291.41999999999996,1019.86,1.2191682765782206,-54.85899614272905
777905,777.905,18.27,291.41999999999996,1019.88,1.2191921851201102,-55.024546552591325
778055,778.055,18.27,291.41999999999996,1019.85,1.2191563223072759,-54.776219951906754
778205,778.205,18.28,291.42999999999995,1019.85,1.2191144887169691,-54.776219951906754
778355,778.355,18.28,291.42999999999995,1019.84,1.219102534856218,-54.693443103800725
778515,778.515,18.28,291.42999999999995,1019.85,1.2191144887169691,-54.776219951906754
778665,778.665,18.27,291.41999999999996,1019.84,1.219144368036331,-54.693443103800725
778816,778.816,18.26,291.40999999999997,1019.83,1.2191742494063649,-54.61066559840112
778965,778.965,18.26,291.40999999999997,1019.83,1.2191742494063649,-54.61066559840112
779116,779.116,18.26,291.40999999999997,1019.82,1.2191622947251983,-54.52788743570794
779266,779.266,18.26,291.40999999999997,1019.83,1.2191742494063649,-54.61066559840112
779416,779.416,18.26,291.40999999999997,1019.84,1.2191862040875314,-54.693443103800725
779567,779.567,18.26,291.40999999999997,1019.84,1.2191862040875314,-54.693443103800725
779715,779.715,18.26,291.40999999999997,1019.84,1.2191862040875314,-54.693443103800725
779901,779.901,18.25,291.4,1019.83,1.2192160879186988,-54.61066559840112
780052,780.052,18.25,291.4,1019.86,1.219251953192948,-54.85899614272905
780202,780.202,18.25,291.4,1019.85,1.2192399981015316,-54.776219951906754
780353,780.353,18.25,291.4,1019.83,1.2192160879186988,-54.61066559840112
780502,780.502,18.25,291.4,1019.84,1.2192280430101152,-54.693443103800725
780653,780.653,18.24,291.39,1019.83,1.2192579293026828,-54.61066559840112
780813,780.813,18.24,291.39,1019.83,1.2192579293026828,-54.61066559840112
780963,780.963,18.24,291.39,1019.81,1.219234018299294,-54.4451086156818
781114,781.114,18.24,291.39,1019.83,1.2192579293026828,-54.61066559840112
781264,781.264,18.24,291.39,1019.82,1.2192459738009884,-54.52788743570794
781414,781.414,18.25,291.4,1019.86,1.219251953192948,-54.85899614272905
781564,781.564,18.26,291.40999999999997,1019.84,1.2191862040875314,-54.693443103800725
781715,781.715,18.26,291.40999999999997,1019.85,1.219198158768698,-54.776219951906754
781864,781.864,18.26,291.40999999999997,1019.85,1.219198158768698,-54.776219951906754
782018,782.018,18.26,291.40999999999997,1019.8,1.2191383853628652,-54.362329138342396
782167,782.167,18.27,291.41999999999996,1019.82,1.2191204594944414,-54.52788743570794
782318,782.318,18.27,291.41999999999996,1019.83,1.2191324137653863,-54.61066559840112
782469,782.469,18.27,291.41999999999996,1019.84,1.219144368036331,-54.693443103800725
782618,782.618,18.27,291.41999999999996,1019.83,1.2191324137653863,-54.61066559840112
782769,782.769,18.27,291.41999999999996,1019.83,1.2191324137653863,-54.61066559840112
782919,782.919,18.27,291.41999999999996,1019.84,1.219144368036331,-54.693443103800725
783079,783.079,18.27,291.41999999999996,1019.8,1.2190965509525518,-54.362329138342396
783229,783.229,18.27,291.41999999999996,1019.81,1.2191085052234965,-54.4451086156818
783380,783.38,18.27,291.41999999999996,1019.82,1.2191204594944414,-54.52788743570794
783529,783.529,18.26,291.40999999999997,1019.81,1.2191503400440318,-54.4451086156818
783717,783.717,18.26,291.40999999999997,1019.81,1.2191503400440318,-54.4451086156818
783867,783.867,18.26,291.40999999999997,1019.8,1.2191383853628652,-54.362329138342396
784017,784.017,18.26,291.40999999999997,1019.8,1.2191383853628652,-54.362329138342396
784167,784.167,18.26,291.40999999999997,1019.82,1.2191622947251983,-54.52788743570794
784320,784.32,18.27,291.41999999999996,1019.83,1.2191324137653863,-54.61066559840112
784470,784.47,18.26,291.40999999999997,1019.84,1.2191862040875314,-54.693443103800725
784621,784.621,18.26,291.40999999999997,1019.83,1.2191742494063649,-54.61066559840112
784770,784.77,18.26,291.40999999999997,1019.83,1.2191742494063649,-54.61066559840112
784921,784.921,18.26,291.40999999999997,1019.82,1.2191622947251983,-54.52788743570794
785072,785.072,18.27,291.41999999999996,1019.84,1.219144368036331,-54.693443103800725
785222,785.222,18.26,291.40999999999997,1019.83,1.2191742494063649,-54.61066559840112
785372,785.372,18.26,291.40999999999997,1019.82,1.2191622947251983,-54.52788743570794
785532,785.532,18.27,291.41999999999996,1019.82,1.2191204594944414,-54.52788743570794
785682,785.682,18.26,291.40999999999997,1019.8,1.2191383853628652,-54.362329138342396
785832,785.832,18.27,291.41999999999996,1019.82,1.2191204594944414,-54.52788743570794
785983,785.983,18.26,291.40999999999997,1019.82,1.2191622947251983,-54.52788743570794
786133,786.133,18.27,291.41999999999996,1019.8,1.2190965509525518,-54.362329138342396
786283,786.283,18.26,291.40999999999997,1019.81,1.2191503400440318,-54.4451086156818
786433,786.433,18.26,291.40999999999997,1019.81,1.2191503400440318,-54.4451086156818
786586,786.586,18.27,291.41999999999996,1019.82,1.2191204594944414,-54.52788743570794
786737,786.737,18.27,291.41999999999996,1019.82,1.2191204594944414,-54.52788743570794
786887,786.887,18.27,291.41999999999996,1019.8,1.2190965509525518,-54.362329138342396
787038,787.038,18.27,291.41999999999996,1019.82,1.2191204594944414,-54.52788743570794
787187,787.187,18.27,291.41999999999996,1019.82,1.2191204594944414,-54.52788743570794
787338,787.338,18.27,291.41999999999996,1019.83,1.2191324137653863,-54.61066559840112
787488,787.488,18.27,291.41999999999996,1019.82,1.2191204594944414,-54.52788743570794
787639,787.639,18.28,291.42999999999995,1019.82,1.2190786271347154,-54.52788743570794
787798,787.798,18.28,291.42999999999995,1019.8,1.2190547194132129,-54.362329138342396
787949,787.949,18.28,291.42999999999995,1019.83,1.2190905809954666,-54.61066559840112
788098,788.098,18.28,291.42999999999995,1019.82,1.2190786271347154,-54.52788743570794
788249,788.249,18.28,291.42999999999995,1019.85,1.2191144887169691,-54.776219951906754
788400,788.4,18.28,291.42999999999995,1019.83,1.2190905809954666,-54.61066559840112
788550,788.55,18.28,291.42999999999995,1019.82,1.2190786271347154,-54.52788743570794
788700,788.7,18.28,291.42999999999995,1019.86,1.2191264425777204,-54.85899614272905
788850,788.85,18.28,291.42999999999995,1019.84,1.219102534856218,-54.693443103800725
789003,789.003,18.28,291.42999999999995,1019.83,1.2190905809954666,-54.61066559840112
789153,789.153,18.28,291.42999999999995,1019.81,1.2190666732739641,-54.4451086156818
789304,789.304,18.28,291.42999999999995,1019.84,1.219102534856218,-54.693443103800725
789490,789.49,18.28,291.42999999999995,1019.84,1.219102534856218,-54.693443103800725
789641,789.641,18.28,291.42999999999995,1019.85,1.2191144887169691,-54.776219951906754
789791,789.791,18.28,291.42999999999995,1019.83,1.2190905809954666,-54.61066559840112
789942,789.942,18.28,291.42999999999995,1019.84,1.219102534856218,-54.693443103800725
790101,790.101,18.27,291.41999999999996,1019.84,1.219144368036331,-54.693443103800725
790252,790.252,18.28,291.42999999999995,1019.84,1.219102534856218,-54.693443103800725
790402,790.402,18.28,291.42999999999995,1019.82,1.2190786271347154,-54.52788743570794
790553,790.553,18.28,291.42999999999995,1019.82,1.2190786271347154,-54.52788743570794
790703,790.703,18.28,291.42999999999995,1019.85,1.2191144887169691,-54.776219951906754
790853,790.853,18.28,291.42999999999995,1019.81,1.2190666732739641,-54.4451086156818
791004,791.004,18.28,291.42999999999995,1019.86,1.2191264425777204,-54.85899614272905
791154,791.154,18.28,291.42999999999995,1019.86,1.2191264425777204,-54.85899614272905
791307,791.307,18.27,291.41999999999996,1019.8,1.2190965509525518,-54.362329138342396
791457,791.457,18.27,291.41999999999996,1019.81,1.2191085052234965,-54.4451086156818
791607,791.607,18.27,291.41999999999996,1019.83,1.2191324137653863,-54.61066559840112
791757,791.757,18.26,291.40999999999997,1019.83,1.2191742494063649,-54.61066559840112
791908,791.908,18.26,291.40999999999997,1019.84,1.2191862040875314,-54.693443103800725
792058,792.058,18.26,291.40999999999997,1019.8,1.2191383853628652,-54.362329138342396
792246,792.246,18.26,291.40999999999997,1019.84,1.2191862040875314,-54.693443103800725
792396,792.396,18.26,291.40999999999997,1019.86,1.2192101134498645,-54.85899614272905
792556,792.556,18.25,291.4,1019.83,1.2192160879186988,-54.61066559840112
792706,792.706,18.24,291.39,1019.82,1.2192459738009884,-54.52788743570794
792857,792.857,18.24,291.39,1019.82,1.2192459738009884,-54.52788743570794
793007,793.007,18.24,291.39,1019.83,1.2192579293026828,-54.61066559840112
793157,793.157,18.24,291.39,1019.83,1.2192579293026828,-54.61066559840112
793308,793.308,18.24,291.39,1019.86,1.219293795807766,-54.85899614272905
793458,793.458,18.24,291.39,1019.84,1.2192698848043773,-54.693443103800725
793611,793.611,18.24,291.39,1019.84,1.2192698848043773,-54.693443103800725
793761,793.761,18.24,291.39,1019.8,1.2192220627975996,-54.362329138342396
793911,793.911,18.23,291.38,1019.84,1.2193117294706142,-54.693443103800725
794061,794.061,18.22,291.37,1019.82,1.2193296643644507,-54.52788743570794
794212,794.212,18.22,291.37,1019.84,1.2193535770091206,-54.693443103800725
794362,794.362,18.22,291.37,1019.85,1.2193655333314557,-54.776219951906754
794513,794.513,18.22,291.37,1019.84,1.2193535770091206,-54.693443103800725
794662,794.662,18.22,291.37,1019.84,1.2193535770091206,-54.693443103800725
794823,794.823,18.22,291.37,1019.84,1.2193535770091206,-54.693443103800725
794974,794.974,18.22,291.37,1019.82,1.2193296643644507,-54.52788743570794
795124,795.124,18.22,291.37,1019.83,1.2193416206867858,-54.61066559840112
795274,795.274,18.22,291.37,1019.8,1.2193057517197807,-54.362329138342396
795424,795.424,18.22,291.37,1019.81,1.2193177080421158,-54.4451086156818
795575,795.575,18.22,291.37,1019.84,1.2193535770091206,-54.693443103800725
795725,795.725,18.22,291.37,1019.8,1.2193057517197807,-54.362329138342396
795878,795.878,18.22,291.37,1019.83,1.2193416206867858,-54.61066559840112
796028,796.028,18.22,291.37,1019.84,1.2193535770091206,-54.693443103800725
796179,796.179,18.22,291.37,1019.84,1.2193535770091206,-54.693443103800725
796328,796.328,18.22,291.37,1019.82,1.2193296643644507,-54.52788743570794
796479,796.479,18.22,291.37,1019.83,1.2193416206867858,-54.61066559840112
796629,796.629,18.22,291.37,1019.81,1.2193177080421158,-54.4451086156818
796780,796.78,18.22,291.37,1019.81,1.2193177080421158,-54.4451086156818
796929,796.929,18.21,291.35999999999996,1019.82,1.2193715139547985,-54.52788743570794
797090,797.09,18.21,291.35999999999996,1019.82,1.2193715139547985,-54.52788743570794
797241,797.241,18.22,291.37,1019.83,1.2193416206867858,-54.61066559840112
797391,797.391,18.22,291.37,1019.82,1.2193296643644507,-54.52788743570794
797541,797.541,18.21,291.35999999999996,1019.8,1.2193476004894035,-54.362329138342396
797691,797.691,18.22,291.37,1019.79,1.2192937953974459,-54.2795490036602
797842,797.842,18.22,291.37,1019.82,1.2193296643644507,-54.52788743570794
797992,797.992,18.21,291.35999999999996,1019.79,1.219335643756706,-54.2795490036602
798143,798.143,18.21,291.35999999999996,1019.82,1.2193715139547985,-54.52788743570794
798295,798.295,18.21,291.35999999999996,1019.78,1.2193236870240085,-54.19676821162536
798446,798.446,18.21,291.35999999999996,1019.82,1.2193715139547985,-54.52788743570794
798597,798.597,18.21,291.35999999999996,1019.78,1.2193236870240085,-54.19676821162536
798746,798.746,18.21,291.35999999999996,1019.83,1.219383470687496,-54.61066559840112
798897,798.897,18.2,291.34999999999997,1019.81,1.219401409274863,-54.4451086156818
799084,799.084,18.2,291.34999999999997,1019.82,1.2194133664179514,-54.52788743570794
799234,799.234,18.2,291.34999999999997,1019.8,1.219389452131775,-54.362329138342396
799394,799.394,18.21,291.35999999999996,1019.81,1.219359557222101,-54.4451086156818
799545,799.545,18.2,291.34999999999997,1019.81,1.219401409274863,-54.4451086156818
799695,799.695,18.21,291.35999999999996,1019.82,1.2193715139547985,-54.52788743570794
799846,799.846,18.2,291.34999999999997,1019.82,1.2194133664179514,-54.52788743570794
799996,799.996,18.2,291.34999999999997,1019.79,1.2193774949886869,-54.2795490036602
800146,800.146,18.2,291.34999999999997,1019.8,1.219389452131775,-54.362329138342396
800296,800.296,18.2,291.34999999999997,1019.81,1.219401409274863,-54.4451086156818
800447,800.447,18.2,291.34999999999997,1019.8,1.219389452131775,-54.362329138342396
800637,800.637,18.2,291.34999999999997,1019.82,1.2194133664179514,-54.52788743570794
800788,800.788,18.2,291.34999999999997,1019.82,1.2194133664179514,-54.52788743570794
800938,800.938,18.2,291.34999999999997,1019.8,1.219389452131775,-54.362329138342396
801089,801.089,18.2,291.34999999999997,1019.78,1.2193655378455985,-54.19676821162536
801239,801.239,18.2,291.34999999999997,1019.79,1.2193774949886869,-54.2795490036602
801389,801.389,18.2,291.34999999999997,1019.8,1.219389452131775,-54.362329138342396
801540,801.54,18.2,291.34999999999997,1019.8,1.219389452131775,-54.362329138342396
801690,801.69,18.2,291.34999999999997,1019.8,1.219389452131775,-54.362329138342396
801851,801.851,18.2,291.34999999999997,1019.81,1.219401409274863,-54.4451086156818
802001,802.001,18.2,291.34999999999997,1019.8,1.219389452131775,-54.362329138342396
802151,802.151,18.19,291.34,1019.8,1.219431306647191,-54.362329138342396
802301,802.301,18.19,291.34,1019.8,1.219431306647191,-54.362329138342396
802452,802.452,18.19,291.34,1019.82,1.219455221754205,-54.52788743570794
802602,802.602,18.19,291.34,1019.78,1.2194073915401769,-54.19676821162536
802753,802.753,18.19,291.34,1019.81,1.2194432642006978,-54.4451086156818
802906,802.906,18.19,291.34,1019.8,1.219431306647191,-54.362329138342396
803056,803.056,18.19,291.34,1019.81,1.2194432642006978,-54.4451086156818
803207,803.207,18.19,291.34,1019.83,1.219467179307712,-54.61066559840112
803357,803.357,18.19,291.34,1019.84,1.219479136861219,-54.693443103800725
803507,803.507,18.19,291.34,1019.83,1.219467179307712,-54.61066559840112
803657,803.657,18.19,291.34,1019.8,1.219431306647191,-54.362329138342396
803808,803.808,18.19,291.34,1019.82,1.219455221754205,-54.52788743570794
803958,803.958,18.19,291.34,1019.82,1.219455221754205,-54.52788743570794
804118,804.118,18.19,291.34,1019.83,1.219467179307712,-54.61066559840112
804268,804.268,18.19,291.34,1019.82,1.219455221754205,-54.52788743570794
804419,804.419,18.19,291.34,1019.8,1.219431306647191,-54.362329138342396
804570,804.57,18.18,291.33,1019.81,1.2194851219999017,-54.4451086156818
804720,804.72,18.19,291.34,1019.81,1.2194432642006978,-54.4451086156818
804871,804.871,18.19,291.34,1019.83,1.219467179307712,-54.61066559840112
805021,805.021,18.19,291.34,1019.83,1.219467179307712,-54.61066559840112
805172,805.172,18.19,291.34,1019.83,1.219467179307712,-54.61066559840112
805324,805.324,18.19,291.34,1019.82,1.219455221754205,-54.52788743570794
805475,805.475,18.19,291.34,1019.83,1.219467179307712,-54.61066559840112
805625,805.625,18.19,291.34,1019.84,1.219479136861219,-54.693443103800725
805775,805.775,18.19,291.34,1019.82,1.219455221754205,-54.52788743570794
805925,805.925,18.19,291.34,1019.83,1.219467179307712,-54.61066559840112
806076,806.076,18.18,291.33,1019.79,1.2194612060719936,-54.2795490036602
806226,806.226,18.19,291.34,1019.83,1.219467179307712,-54.61066559840112
806386,806.386,18.18,291.33,1019.79,1.2194612060719936,-54.2795490036602
806537,806.537,18.18,291.33,1019.84,1.2195209958917639,-54.693443103800725
806687,806.687,18.18,291.33,1019.81,1.2194851219999017,-54.4451086156818
806838,806.838,18.18,291.33,1019.81,1.2194851219999017,-54.4451086156818
806988,806.988,18.18,291.33,1019.8,1.2194731640359475,-54.362329138342396
807139,807.139,18.18,291.33,1019.84,1.2195209958917639,-54.693443103800725
807289,807.289,18.18,291.33,1019.83,1.2195090379278097,-54.61066559840112
807439,807.439,18.18,291.33,1019.82,1.2194970799638558,-54.52788743570794
807592,807.592,18.18,291.33,1019.81,1.2194851219999017,-54.4451086156818
807743,807.743,18.18,291.33,1019.81,1.2194851219999017,-54.4451086156818
807893,807.893,18.17,291.32,1019.8,1.2195150242983406,-54.362329138342396
808043,808.043,18.17,291.32,1019.82,1.219538941047199,-54.52788743570794
808193,808.193,18.17,291.32,1019.8,1.2195150242983406,-54.362329138342396
808344,808.344,18.17,291.32,1019.81,1.21952698267277,-54.4451086156818
808495,808.495,18.17,291.32,1019.82,1.219538941047199,-54.52788743570794
808682,808.682,18.17,291.32,1019.81,1.21952698267277,-54.4451086156818
808842,808.842,18.17,291.32,1019.8,1.2195150242983406,-54.362329138342396
808992,808.992,18.16,291.31,1019.8,1.219556887434666,-54.362329138342396
809180,809.18,18.16,291.31,1019.78,1.2195329698648008,-54.19676821162536
809330,809.33,18.16,291.31,1019.81,1.2195688462195988,-54.4451086156818
809481,809.481,18.16,291.31,1019.83,1.2195927637894641,-54.61066559840112
809631,809.631,18.15,291.29999999999995,1019.81,1.2196107126406843,-54.4451086156818
809782,809.782,18.15,291.29999999999995,1019.82,1.2196226718361487,-54.52788743570794
809934,809.934,18.15,291.29999999999995,1019.81,1.2196107126406843,-54.4451086156818
810085,810.085,18.15,291.29999999999995,1019.78,1.2195748350542917,-54.19676821162536
810235,810.235,18.15,291.29999999999995,1019.82,1.2196226718361487,-54.52788743570794
810386,810.386,18.14,291.28999999999996,1019.84,1.2196884607543945,-54.693443103800725
810536,810.536,18.14,291.28999999999996,1019.8,1.2196406223302985,-54.362329138342396
810686,810.686,18.14,291.28999999999996,1019.85,1.2197004203604185,-54.776219951906754
810836,810.836,18.14,291.28999999999996,1019.79,1.2196286627242743,-54.2795490036602
810987,810.987,18.14,291.28999999999996,1019.83,1.2196765011483706,-54.61066559840112
811148,811.148,18.13,291.28,1019.79,1.219670534073585,-54.2795490036602
811298,811.298,18.14,291.28999999999996,1019.83,1.2196765011483706,-54.61066559840112
811449,811.449,18.14,291.28999999999996,1019.8,1.2196406223302985,-54.362329138342396
811599,811.599,18.14,291.28999999999996,1019.86,1.2197123799664427,-54.85899614272905
811749,811.749,18.14,291.28999999999996,1019.79,1.2196286627242743,-54.2795490036602
811899,811.899,18.14,291.28999999999996,1019.81,1.2196525819363224,-54.4451086156818
812050,812.05,18.13,291.28,1019.8,1.219682494090197,-54.362329138342396
812203,812.203,18.13,291.28,1019.81,1.219694454106809,-54.4451086156818
812354,812.354,18.13,291.28,1019.82,1.219706414123421,-54.52788743570794
812503,812.503,18.13,291.28,1019.78,1.219658574056973,-54.19676821162536
812654,812.654,18.13,291.28,1019.8,1.219682494090197,-54.362329138342396
812805,812.805,18.13,291.28,1019.82,1.219706414123421,-54.52788743570794
812955,812.955,18.13,291.28,1019.84,1.219730334156645,-54.693443103800725
813106,813.106,18.12,291.27,1019.81,1.2197363291524406,-54.4451086156818
813256,813.256,18.13,291.28,1019.83,1.219718374140033,-54.61066559840112
813417,813.417,18.12,291.27,1019.84,1.2197722104341249,-54.693443103800725
813567,813.567,18.12,291.27,1019.84,1.2197722104341249,-54.693443103800725
813717,813.717,18.12,291.27,1019.83,1.2197602500068967,-54.61066559840112
813867,813.867,18.12,291.27,1019.81,1.2197363291524406,-54.4451086156818
814018,814.018,18.12,291.27,1019.83,1.2197602500068967,-54.61066559840112
814169,814.169,18.12,291.27,1019.83,1.2197602500068967,-54.61066559840112
814319,814.319,18.12,291.27,1019.81,1.2197363291524406,-54.4451086156818
814470,814.47,18.12,291.27,1019.8,1.2197243687252124,-54.362329138342396
814623,814.623,18.12,291.27,1019.82,1.2197482895796685,-54.52788743570794
814774,814.774,18.12,291.27,1019.85,1.219784170861353,-54.776219951906754
814923,814.923,18.11,291.26,1019.79,1.2197542853977676,-54.2795490036602
815074,815.074,18.11,291.26,1019.81,1.2197782070735126,-54.4451086156818
815224,815.224,18.11,291.26,1019.83,1.2198021287492575,-54.61066559840112
815375,815.375,18.11,291.26,1019.83,1.2198021287492575,-54.61066559840112
815525,815.525,18.11,291.26,1019.82,1.2197901679113852,-54.52788743570794
815686,815.686,18.11,291.26,1019.83,1.2198021287492575,-54.61066559840112
815837,815.837,18.11,291.26,1019.8,1.2197662462356402,-54.362329138342396
815987,815.987,18.11,291.26,1019.82,1.2197901679113852,-54.52788743570794
816138,816.138,18.11,291.26,1019.85,1.2198260504250027,-54.776219951906754
816287,816.287,18.11,291.26,1019.82,1.2197901679113852,-54.52788743570794
816438,816.438,18.11,291.26,1019.83,1.2198021287492575,-54.61066559840112
816588,816.588,18.11,291.26,1019.83,1.2198021287492575,-54.61066559840112
816739,816.739,18.11,291.26,1019.81,1.2197782070735126,-54.4451086156818
816892,816.892,18.1,291.25,1019.8,1.219808126621777,-54.362329138342396
817043,817.043,18.1,291.25,1019.79,1.219796165373232,-54.2795490036602
817193,817.193,18.1,291.25,1019.8,1.219808126621777,-54.362329138342396
817344,817.344,18.11,291.26,1019.8,1.2197662462356402,-54.362329138342396
817493,817.493,18.11,291.26,1019.81,1.2197782070735126,-54.4451086156818
817681,817.681,18.11,291.26,1019.84,1.2198140895871301,-54.693443103800725
817831,817.831,18.11,291.26,1019.85,1.2198260504250027,-54.776219951906754
817982,817.982,18.1,291.25,1019.82,1.2198320491188672,-54.52788743570794
818143,818.143,18.1,291.25,1019.84,1.2198559716159572,-54.693443103800725
818329,818.329,18.1,291.25,1019.85,1.2198679328645021,-54.776219951906754
818480,818.48,18.09,291.23999999999995,1019.82,1.2198739332024107,-54.52788743570794
818630,818.63,18.09,291.23999999999995,1019.81,1.219861971543165,-54.4451086156818
818781,818.781,18.09,291.23999999999995,1019.82,1.2198739332024107,-54.52788743570794
818931,818.931,18.09,291.23999999999995,1019.83,1.2198858948616564,-54.61066559840112
819082,819.082,18.1,291.25,1019.85,1.2198679328645021,-54.776219951906754
819235,819.235,18.09,291.23999999999995,1019.82,1.2198739332024107,-54.52788743570794
819386,819.386,18.09,291.23999999999995,1019.8,1.2198500098839191,-54.362329138342396
819536,819.536,18.09,291.23999999999995,1019.8,1.2198500098839191,-54.362329138342396
819686,819.686,18.09,291.23999999999995,1019.8,1.2198500098839191,-54.362329138342396
819836,819.836,18.09,291.23999999999995,1019.8,1.2198500098839191,-54.362329138342396
819987,819.987,18.09,291.23999999999995,1019.81,1.219861971543165,-54.4451086156818
820137,820.137,18.09,291.23999999999995,1019.82,1.2198739332024107,-54.52788743570794
820288,820.288,18.09,291.23999999999995,1019.83,1.2198858948616564,-54.61066559840112
820449,820.449,18.09,291.23999999999995,1019.8,1.2198500098839191,-54.362329138342396
820599,820.599,18.09,291.23999999999995,1019.83,1.2198858948616564,-54.61066559840112
820750,820.75,18.09,291.23999999999995,1019.85,1.219909818180148,-54.776219951906754
820900,820.9,18.09,291.23999999999995,1019.85,1.219909818180148,-54.776219951906754
821050,821.05,18.09,291.23999999999995,1019.83,1.2198858948616564,-54.61066559840112
821200,821.2,18.09,291.23999999999995,1019.83,1.2198858948616564,-54.61066559840112
821351,821.351,18.08,291.22999999999996,1019.82,1.219915820162312,-54.52788743570794
821501,821.501,18.09,291.23999999999995,1019.81,1.219861971543165,-54.4451086156818
821655,821.655,18.08,291.22999999999996,1019.81,1.2199038580923371,-54.4451086156818
821805,821.805,18.08,291.22999999999996,1019.79,1.2198799339523878,-54.2795490036602
821956,821.956,18.08,291.22999999999996,1019.81,1.2199038580923371,-54.4451086156818
822107,822.107,18.09,291.23999999999995,1019.77,1.2198141249061818,-54.113986762228045
822257,822.257,18.08,291.22999999999996,1019.83,1.2199277822322867,-54.61066559840112
822408,822.408,18.08,291.22999999999996,1019.81,1.2199038580923371,-54.4451086156818
822558,822.558,18.09,291.23999999999995,1019.8,1.2198500098839191,-54.362329138342396
822718,822.718,18.08,291.22999999999996,1019.8,1.2198918960223624,-54.362329138342396
822868,822.868,18.08,291.22999999999996,1019.82,1.219915820162312,-54.52788743570794
823019,823.019,18.08,291.22999999999996,1019.8,1.2198918960223624,-54.362329138342396
823169,823.169,18.08,291.22999999999996,1019.82,1.219915820162312,-54.52788743570794
823320,823.32,18.08,291.22999999999996,1019.8,1.2198918960223624,-54.362329138342396
823471,823.471,18.08,291.22999999999996,1019.8,1.2198918960223624,-54.362329138342396
823621,823.621,18.08,291.22999999999996,1019.82,1.219915820162312,-54.52788743570794
823772,823.772,18.09,291.23999999999995,1019.83,1.2198858948616564,-54.61066559840112
823924,823.924,18.08,291.22999999999996,1019.81,1.2199038580923371,-54.4451086156818
824075,824.075,18.08,291.22999999999996,1019.8,1.2198918960223624,-54.362329138342396
824225,824.225,18.08,291.22999999999996,1019.8,1.2198918960223624,-54.362329138342396
824376,824.376,18.08,291.22999999999996,1019.86,1.2199636684422108,-54.85899614272905
824526,824.526,18.08,291.22999999999996,1019.83,1.2199277822322867,-54.61066559840112
824677,824.677,18.09,291.23999999999995,1019.82,1.2198739332024107,-54.52788743570794
824827,824.827,18.09,291.23999999999995,1019.83,1.2198858948616564,-54.61066559840112
824978,824.978,18.08,291.22999999999996,1019.81,1.2199038580923371,-54.4451086156818
825139,825.139,18.08,291.22999999999996,1019.8,1.2198918960223624,-54.362329138342396
825289,825.289,18.09,291.23999999999995,1019.79,1.2198380482246733,-54.2795490036602
825440,825.44,18.09,291.23999999999995,1019.81,1.219861971543165,-54.4451086156818
825590,825.59,18.08,291.22999999999996,1019.8,1.2198918960223624,-54.362329138342396
825741,825.741,18.08,291.22999999999996,1019.81,1.2199038580923371,-54.4451086156818
825891,825.891,18.08,291.22999999999996,1019.81,1.2199038580923371,-54.4451086156818
826041,826.041,18.08,291.22999999999996,1019.81,1.2199038580923371,-54.4451086156818
826231,826.231,18.09,291.23999999999995,1019.81,1.219861971543165,-54.4451086156818
826382,826.382,18.08,291.22999999999996,1019.82,1.219915820162312,-54.52788743570794
826532,826.532,18.08,291.22999999999996,1019.79,1.2198799339523878,-54.2795490036602
826683,826.683,18.08,291.22999999999996,1019.82,1.219915820162312,-54.52788743570794
826834,826.834,18.08,291.22999999999996,1019.78,1.219867971882413,-54.19676821162536
826985,826.985,18.08,291.22999999999996,1019.8,1.2198918960223624,-54.362329138342396
827135,827.135,18.08,291.22999999999996,1019.8,1.2198918960223624,-54.362329138342396
827285,827.285,18.07,291.21999999999997,1019.83,1.219969672479599,-54.61066559840112
827446,827.446,18.07,291.21999999999997,1019.81,1.2199457475181352,-54.4451086156818
827596,827.596,18.07,291.21999999999997,1019.81,1.2199457475181352,-54.4451086156818
827747,827.747,18.07,291.21999999999997,1019.82,1.219957709998867,-54.52788743570794
827934,827.934,18.07,291.21999999999997,1019.81,1.2199457475181352,-54.4451086156818
828085,828.085,18.07,291.21999999999997,1019.84,1.2199816349603307,-54.693443103800725
828235,828.235,18.07,291.21999999999997,1019.82,1.219957709998867,-54.52788743570794
828386,828.386,18.07,291.21999999999997,1019.82,1.219957709998867,-54.52788743570794
828538,828.538,18.07,291.21999999999997,1019.83,1.219969672479599,-54.61066559840112
828690,828.69,18.07,291.21999999999997,1019.83,1.219969672479599,-54.61066559840112
828839,828.839,18.07,291.21999999999997,1019.81,1.2199457475181352,-54.4451086156818
828990,828.99,18.07,291.21999999999997,1019.84,1.2199816349603307,-54.693443103800725
829140,829.14,18.07,291.21999999999997,1019.81,1.2199457475181352,-54.4451086156818
829291,829.291,18.07,291.21999999999997,1019.82,1.219957709998867,-54.52788743570794
829441,829.441,18.07,291.21999999999997,1019.83,1.219969672479599,-54.61066559840112
829592,829.592,18.07,291.21999999999997,1019.82,1.219957709998867,-54.52788743570794
829753,829.753,18.07,291.21999999999997,1019.83,1.219969672479599,-54.61066559840112
829903,829.903,18.07,291.21999999999997,1019.83,1.219969672479599,-54.61066559840112
830054,830.054,18.07,291.21999999999997,1019.84,1.2199816349603307,-54.693443103800725
830204,830.204,18.07,291.21999999999997,1019.84,1.2199816349603307,-54.693443103800725
830355,830.355,18.07,291.21999999999997,1019.84,1.2199816349603307,-54.693443103800725
830505,830.505,18.07,291.21999999999997,1019.82,1.219957709998867,-54.52788743570794
830656,830.656,18.07,291.21999999999997,1019.81,1.2199457475181352,-54.4451086156818
830806,830.806,18.07,291.21999999999997,1019.83,1.219969672479599,-54.61066559840112
830960,830.96,18.07,291.21999999999997,1019.81,1.2199457475181352,-54.4451086156818
831111,831.111,18.08,291.22999999999996,1019.83,1.2199277822322867,-54.61066559840112
831261,831.261,18.07,291.21999999999997,1019.79,1.2199218225566715,-54.2795490036602
831412,831.412,18.07,291.21999999999997,1019.82,1.219957709998867,-54.52788743570794
831562,831.562,18.07,291.21999999999997,1019.83,1.219969672479599,-54.61066559840112
831713,831.713,18.08,291.22999999999996,1019.83,1.2199277822322867,-54.61066559840112
831863,831.863,18.07,291.21999999999997,1019.81,1.2199457475181352,-54.4451086156818
832023,832.023,18.07,291.21999999999997,1019.8,1.2199337850374032,-54.362329138342396
832173,832.173,18.08,291.22999999999996,1019.82,1.219915820162312,-54.52788743570794
832324,832.324,18.07,291.21999999999997,1019.8,1.2199337850374032,-54.362329138342396
832475,832.475,18.08,291.22999999999996,1019.82,1.219915820162312,-54.52788743570794
832626,832.626,18.07,291.21999999999997,1019.82,1.219957709998867,-54.52788743570794
832777,832.777,18.07,291.21999999999997,1019.78,1.2199098600759395,-54.19676821162536
832927,832.927,18.08,291.22999999999996,1019.8,1.2198918960223624,-54.362329138342396
833078,833.078,18.08,291.22999999999996,1019.81,1.2199038580923371,-54.4451086156818
833230,833.23,18.07,291.21999999999997,1019.79,1.2199218225566715,-54.2795490036602
833381,833.381,18.08,291.22999999999996,1019.82,1.219915820162312,-54.52788743570794
833531,833.531,18.07,291.21999999999997,1019.83,1.219969672479599,-54.61066559840112
833682,833.682,18.07,291.21999999999997,1019.81,1.2199457475181352,-54.4451086156818
833832,833.832,18.08,291.22999999999996,1019.81,1.2199038580923371,-54.4451086156818
833983,833.983,18.07,291.21999999999997,1019.8,1.2199337850374032,-54.362329138342396
834133,834.133,18.07,291.21999999999997,1019.79,1.2199218225566715,-54.2795490036602
834284,834.284,18.08,291.22999999999996,1019.79,1.2198799339523878,-54.2795490036602
834445,834.445,18.07,291.21999999999997,1019.8,1.2199337850374032,-54.362329138342396
834632,834.632,18.08,291.22999999999996,1019.82,1.219915820162312,-54.52788743570794
834783,834.783,18.08,291.22999999999996,1019.81,1.2199038580923371,-54.4451086156818
834933,834.933,18.08,291.22999999999996,1019.81,1.2199038580923371,-54.4451086156818
835084,835.084,18.08,291.22999999999996,1019.8,1.2198918960223624,-54.362329138342396
835234,835.234,18.08,291.22999999999996,1019.82,1.219915820162312,-54.52788743570794
835385,835.385,18.09,291.23999999999995,1019.81,1.219861971543165,-54.4451086156818
835538,835.538,18.09,291.23999999999995,1019.86,1.2199217798393938,-54.85899614272905
835689,835.689,18.09,291.23999999999995,1019.83,1.2198858948616564,-54.61066559840112
835839,835.839,18.09,291.23999999999995,1019.81,1.219861971543165,-54.4451086156818
835990,835.99,18.1,291.25,1019.8,1.219808126621777,-54.362329138342396
836140,836.14,18.1,291.25,1019.82,1.2198320491188672,-54.52788743570794
836291,836.291,18.1,291.25,1019.81,1.219820087870322,-54.4451086156818
836442,836.442,18.1,291.25,1019.81,1.219820087870322,-54.4451086156818
836592,836.592,18.1,291.25,1019.79,1.219796165373232,-54.2795490036602
836753,836.753,18.1,291.25,1019.82,1.2198320491188672,-54.52788743570794
836903,836.903,18.1,291.25,1019.83,1.2198440103674122,-54.61066559840112
837054,837.054,18.11,291.26,1019.81,1.2197782070735126,-54.4451086156818
837204,837.204,18.11,291.26,1019.8,1.2197662462356402,-54.362329138342396
837355,837.355,18.11,291.26,1019.8,1.2197662462356402,-54.362329138342396
837542,837.542,18.12,291.27,1019.8,1.2197243687252124,-54.362329138342396
837693,837.693,18.12,291.27,1019.82,1.2197482895796685,-54.52788743570794
837843,837.843,18.12,291.27,1019.81,1.2197363291524406,-54.4451086156818
837997,837.997,18.12,291.27,1019.83,1.2197602500068967,-54.61066559840112
838148,838.148,18.13,291.28,1019.85,1.219742294173257,-54.776219951906754
838298,838.298,18.12,291.27,1019.84,1.2197722104341249,-54.693443103800725
838449,838.449,18.13,291.28,1019.83,1.219718374140033,-54.61066559840112
838599,838.599,18.14,291.28999999999996,1019.82,1.2196645415423464,-54.52788743570794
838750,838.75,18.15,291.29999999999995,1019.78,1.2195748350542917,-54.19676821162536
838900,838.9,18.15,291.29999999999995,1019.8,1.2195987534452202,-54.362329138342396
839061,839.061,18.16,291.31,1019.81,1.2195688462195988,-54.4451086156818
839211,839.211,18.16,291.31,1019.83,1.2195927637894641,-54.61066559840112
839362,839.362,18.17,291.32,1019.83,1.2195508994216284,-54.61066559840112
839513,839.513,18.16,291.31,1019.84,1.219604722574397,-54.693443103800725
839663,839.663,18.16,291.31,1019.83,1.2195927637894641,-54.61066559840112
839814,839.814,18.16,291.31,1019.83,1.2195927637894641,-54.61066559840112
839964,839.964,18.17,291.32,1019.81,1.21952698267277,-54.4451086156818
840115,840.115,18.17,291.32,1019.8,1.2195150242983406,-54.362329138342396
840268,840.268,18.17,291.32,1019.82,1.219538941047199,-54.52788743570794
840419,840.419,18.17,291.32,1019.78,1.219491107549482,-54.19676821162536
840569,840.569,18.17,291.32,1019.81,1.21952698267277,-54.4451086156818
840720,840.72,18.16,291.31,1019.81,1.2195688462195988,-54.4451086156818
840870,840.87,18.16,291.31,1019.81,1.2195688462195988,-54.4451086156818
841021,841.021,18.16,291.31,1019.82,1.2195808050045316,-54.52788743570794
841171,841.171,18.16,291.31,1019.81,1.2195688462195988,-54.4451086156818
841322,841.322,18.16,291.31,1019.82,1.2195808050045316,-54.52788743570794
841483,841.483,18.16,291.31,1019.81,1.2195688462195988,-54.4451086156818
841633,841.633,18.16,291.31,1019.79,1.2195449286497335,-54.2795490036602
841785,841.785,18.16,291.31,1019.77,1.219521011079868,-54.113986762228045
841935,841.935,18.15,291.29999999999995,1019.79,1.2195867942497558,-54.2795490036602
842086,842.086,18.16,291.31,1019.8,1.219556887434666,-54.362329138342396
842236,842.236,18.15,291.29999999999995,1019.82,1.2196226718361487,-54.52788743570794
842387,842.387,18.15,291.29999999999995,1019.84,1.2196465902270772,-54.693443103800725
842539,842.539,18.15,291.29999999999995,1019.83,1.2196346310316128,-54.61066559840112
842691,842.691,18.15,291.29999999999995,1019.83,1.2196346310316128,-54.61066559840112
842842,842.842,18.15,291.29999999999995,1019.84,1.2196465902270772,-54.693443103800725
842992,842.992,18.14,291.28999999999996,1019.82,1.2196645415423464,-54.52788743570794
843179,843.179,18.15,291.29999999999995,1019.83,1.2196346310316128,-54.61066559840112
843330,843.33,18.14,291.28999999999996,1019.8,1.2196406223302985,-54.362329138342396
843481,843.481,18.15,291.29999999999995,1019.84,1.2196465902270772,-54.693443103800725
843631,843.631,18.14,291.28999999999996,1019.83,1.2196765011483706,-54.61066559840112
843792,843.792,18.14,291.28999999999996,1019.81,1.2196525819363224,-54.4451086156818
843942,843.942,18.14,291.28999999999996,1019.79,1.2196286627242743,-54.2795490036602
844093,844.093,18.13,291.28,1019.79,1.219670534073585,-54.2795490036602
844243,844.243,18.13,291.28,1019.79,1.219670534073585,-54.2795490036602
844394,844.394,18.13,291.28,1019.79,1.219670534073585,-54.2795490036602
844544,844.544,18.13,291.28,1019.83,1.219718374140033,-54.61066559840112
844695,844.695,18.13,291.28,1019.82,1.219706414123421,-54.52788743570794
844849,844.849,18.13,291.28,1019.8,1.219682494090197,-54.362329138342396
844999,844.999,18.12,291.27,1019.83,1.2197602500068967,-54.61066559840112
845150,845.15,18.13,291.28,1019.82,1.219706414123421,-54.52788743570794
845300,845.3,18.12,291.27,1019.8,1.2197243687252124,-54.362329138342396
845451,845.451,18.12,291.27,1019.82,1.2197482895796685,-54.52788743570794
845601,845.601,18.12,291.27,1019.82,1.2197482895796685,-54.52788743570794
845753,845.753,18.12,291.27,1019.82,1.2197482895796685,-54.52788743570794
845903,845.903,18.12,291.27,1019.83,1.2197602500068967,-54.61066559840112
846063,846.063,18.12,291.27,1019.82,1.2197482895796685,-54.52788743570794
846215,846.215,18.12,291.27,1019.79,1.2197124082979842,-54.2795490036602
846365,846.365,18.12,291.27,1019.8,1.2197243687252124,-54.362329138342396
846516,846.516,18.12,291.27,1019.8,1.2197243687252124,-54.362329138342396
846666,846.666,18.11,291.26,1019.82,1.2197901679113852,-54.52788743570794
846817,846.817,18.11,291.26,1019.8,1.2197662462356402,-54.362329138342396
846967,846.967,18.11,291.26,1019.8,1.2197662462356402,-54.362329138342396
847155,847.155,18.11,291.26,1019.82,1.2197901679113852,-54.52788743570794
847308,847.308,18.11,291.26,1019.82,1.2197901679113852,-54.52788743570794
847459,847.459,18.1,291.25,1019.81,1.219820087870322,-54.4451086156818
847609,847.609,18.1,291.25,1019.81,1.219820087870322,-54.4451086156818
847760,847.76,18.1,291.25,1019.82,1.2198320491188672,-54.52788743570794
847910,847.91,18.1,291.25,1019.82,1.2198320491188672,-54.52788743570794
848061,848.061,18.1,291.25,1019.8,1.219808126621777,-54.362329138342396
848211,848.211,18.09,291.23999999999995,1019.81,1.219861971543165,-54.4451086156818
848372,848.372,18.09,291.23999999999995,1019.83,1.2198858948616564,-54.61066559840112
848523,848.523,18.09,291.23999999999995,1019.82,1.2198739332024107,-54.52788743570794
848673,848.673,18.08,291.22999999999996,1019.8,1.2198918960223624,-54.362329138342396
848824,848.824,18.09,291.23999999999995,1019.79,1.2198380482246733,-54.2795490036602
848975,848.975,18.09,291.23999999999995,1019.81,1.219861971543165,-54.4451086156818
849126,849.126,18.09,291.23999999999995,1019.83,1.2198858948616564,-54.61066559840112
849276,849.276,18.08,291.22999999999996,1019.79,1.2198799339523878,-54.2795490036602
849427,849.427,18.08,291.22999999999996,1019.8,1.2198918960223624,-54.362329138342396
849580,849.58,18.08,291.22999999999996,1019.81,1.2199038580923371,-54.4451086156818
849731,849.731,18.08,291.22999999999996,1019.8,1.2198918960223624,-54.362329138342396
849882,849.882,18.08,291.22999999999996,1019.83,1.2199277822322867,-54.61066559840112
850032,850.032,18.08,291.22999999999996,1019.81,1.2199038580923371,-54.4451086156818
850183,850.183,18.07,291.21999999999997,1019.8,1.2199337850374032,-54.362329138342396
850333,850.333,18.07,291.21999999999997,1019.81,1.2199457475181352,-54.4451086156818
850484,850.484,18.07,291.21999999999997,1019.81,1.2199457475181352,-54.4451086156818
850635,850.635,18.07,291.21999999999997,1019.81,1.2199457475181352,-54.4451086156818
850795,850.795,18.07,291.21999999999997,1019.81,1.2199457475181352,-54.4451086156818
850946,850.946,18.07,291.21999999999997,1019.82,1.219957709998867,-54.52788743570794
851097,851.097,18.07,291.21999999999997,1019.83,1.219969672479599,-54.61066559840112
851248,851.248,18.07,291.21999999999997,1019.79,1.2199218225566715,-54.2795490036602
851398,851.398,18.06,291.21,1019.79,1.219963714037821,-54.2795490036602
851549,851.549,18.06,291.21,1019.81,1.2199876398208556,-54.4451086156818
851736,851.736,18.06,291.21,1019.81,1.2199876398208556,-54.4451086156818
851890,851.89,18.06,291.21,1019.82,1.2199996027123727,-54.52788743570794
852040,852.04,18.06,291.21,1019.79,1.219963714037821,-54.2795490036602
852191,852.191,18.06,291.21,1019.81,1.2199876398208556,-54.4451086156818
852341,852.341,18.06,291.21,1019.8,1.2199756769293382,-54.362329138342396
852492,852.492,18.05,291.2,1019.81,1.2200295350007944,-54.4451086156818
852642,852.642,18.06,291.21,1019.8,1.2199756769293382,-54.362329138342396
852794,852.794,18.05,291.2,1019.77,1.219981681791471,-54.113986762228045
852944,852.944,18.06,291.21,1019.82,1.2199996027123727,-54.52788743570794
853104,853.104,18.05,291.2,1019.82,1.2200414983031251,-54.52788743570794
853256,853.256,18.06,291.21,1019.82,1.2199996027123727,-54.52788743570794
853406,853.406,18.06,291.21,1019.8,1.2199756769293382,-54.362329138342396
853557,853.557,18.05,291.2,1019.78,1.2199936450938018,-54.19676821162536
853707,853.707,18.05,291.2,1019.8,1.2200175716984634,-54.362329138342396
853858,853.858,18.05,291.2,1019.82,1.2200414983031251,-54.52788743570794
854008,854.008,18.05,291.2,1019.84,1.2200654249077867,-54.693443103800725
854159,854.159,18.05,291.2,1019.83,1.220053461605456,-54.61066559840112
854312,854.312,18.05,291.2,1019.83,1.220053461605456,-54.61066559840112
854463,854.463,18.05,291.2,1019.81,1.2200295350007944,-54.4451086156818
854613,854.613,18.05,291.2,1019.8,1.2200175716984634,-54.362329138342396
854765,854.765,18.05,291.2,1019.8,1.2200175716984634,-54.362329138342396
854916,854.916,18.05,291.2,1019.79,1.2200056083961326,-54.2795490036602
855066,855.066,18.05,291.2,1019.78,1.2199936450938018,-54.19676821162536
855217,855.217,18.05,291.2,1019.79,1.2200056083961326,-54.2795490036602
855377,855.377,18.04,291.19,1019.81,1.2200714330582483,-54.4451086156818
855528,855.528,18.04,291.19,1019.8,1.2200594693450757,-54.362329138342396
855678,855.678,18.04,291.19,1019.82,1.2200833967714209,-54.52788743570794
855829,855.829,18.04,291.19,1019.8,1.2200594693450757,-54.362329138342396
855980,855.98,18.04,291.19,1019.8,1.2200594693450757,-54.362329138342396
856131,856.131,18.04,291.19,1019.82,1.2200833967714209,-54.52788743570794
856282,856.282,18.04,291.19,1019.81,1.2200714330582483,-54.4451086156818
856432,856.432,18.03,291.17999999999995,1019.81,1.220113333993514,-54.4451086156818
856586,856.586,18.03,291.17999999999995,1019.83,1.2201372622415994,-54.61066559840112
856773,856.773,18.03,291.17999999999995,1019.86,1.220173154613727,-54.85899614272905
856924,856.924,18.03,291.17999999999995,1019.84,1.220149226365642,-54.693443103800725
857074,857.074,18.03,291.17999999999995,1019.82,1.2201252981175565,-54.52788743570794
857225,857.225,18.02,291.16999999999996,1019.82,1.2201672023418282,-54.52788743570794
857376,857.376,18.02,291.16999999999996,1019.82,1.2201672023418282,-54.52788743570794
857527,857.527,18.03,291.17999999999995,1019.81,1.220113333993514,-54.4451086156818
857677,857.677,18.02,291.16999999999996,1019.82,1.2201672023418282,-54.52788743570794
857831,857.831,18.02,291.16999999999996,1019.83,1.220179166876769,-54.61066559840112
857981,857.981,18.01,291.15999999999997,1019.82,1.2202091094445326,-54.52788743570794
858132,858.132,18.01,291.15999999999997,1019.81,1.2201971444986652,-54.4451086156818
858282,858.282,18.02,291.16999999999996,1019.84,1.22019113141171,-54.693443103800725
858434,858.434,18.01,291.15999999999997,1019.8,1.2201851795527978,-54.362329138342396
858585,858.585,18.01,291.15999999999997,1019.83,1.2202210743903998,-54.61066559840112
858735,858.735,18.01,291.15999999999997,1019.82,1.2202091094445326,-54.52788743570794
858889,858.889,18.01,291.15999999999997,1019.83,1.2202210743903998,-54.61066559840112
859039,859.039,18.01,291.15999999999997,1019.8,1.2201851795527978,-54.362329138342396
859190,859.19,18.01,291.15999999999997,1019.8,1.2201851795527978,-54.362329138342396
859340,859.34,18.01,291.15999999999997,1019.83,1.2202210743903998,-54.61066559840112
859491,859.491,18.01,291.15999999999997,1019.82,1.2202091094445326,-54.52788743570794
859642,859.642,18.01,291.15999999999997,1019.83,1.2202210743903998,-54.61066559840112
859793,859.793,18.01,291.15999999999997,1019.81,1.2201971444986652,-54.4451086156818
859943,859.943,18.01,291.15999999999997,1019.79,1.2201732146069306,-54.2795490036602
860104,860.104,18.01,291.15999999999997,1019.78,1.2201612496610632,-54.19676821162536
860292,860.292,18.01,291.15999999999997,1019.81,1.2201971444986652,-54.4451086156818
860442,860.442,18.01,291.15999999999997,1019.8,1.2201851795527978,-54.362329138342396
860593,860.593,18.01,291.15999999999997,1019.84,1.2202330393362673,-54.693443103800725
860743,860.743,18.01,291.15999999999997,1019.82,1.2202091094445326,-54.52788743570794
860895,860.895,18.01,291.15999999999997,1019.81,1.2201971444986652,-54.4451086156818
861045,861.045,18.01,291.15999999999997,1019.8,1.2201851795527978,-54.362329138342396
861198,861.198,18.0,291.15,1019.8,1.220227088712322,-54.362329138342396
861349,861.349,18.0,291.15,1019.79,1.2202151233555,-54.2795490036602
861500,861.5,18.0,291.15,1019.79,1.2202151233555,-54.2795490036602
861650,861.65,18.01,291.15999999999997,1019.8,1.2201851795527978,-54.362329138342396
861801,861.801,18.0,291.15,1019.81,1.2202390540691441,-54.4451086156818
861951,861.951,18.01,291.15999999999997,1019.8,1.2201851795527978,-54.362329138342396
862103,862.103,18.0,291.15,1019.8,1.220227088712322,-54.362329138342396
862253,862.253,18.0,291.15,1019.8,1.220227088712322,-54.362329138342396
862413,862.413,18.0,291.15,1019.83,1.2202629847827882,-54.61066559840112
862565,862.565,18.01,291.15999999999997,1019.83,1.2202210743903998,-54.61066559840112
862715,862.715,18.0,291.15,1019.83,1.2202629847827882,-54.61066559840112
862866,862.866,18.01,291.15999999999997,1019.84,1.2202330393362673,-54.693443103800725
863016,863.016,18.01,291.15999999999997,1019.82,1.2202091094445326,-54.52788743570794
863167,863.167,18.01,291.15999999999997,1019.83,1.2202210743903998,-54.61066559840112
863318,863.318,18.0,291.15,1019.84,1.2202749501396104,-54.693443103800725
863469,863.469,18.0,291.15,1019.82,1.2202510194259661,-54.52788743570794
863622,863.622,18.01,291.15999999999997,1019.81,1.2201971444986652,-54.4451086156818
863773,863.773,18.01,291.15999999999997,1019.84,1.2202330393362673,-54.693443103800725
863924,863.924,18.01,291.15999999999997,1019.81,1.2201971444986652,-54.4451086156818
864074,864.074,18.01,291.15999999999997,1019.82,1.2202091094445326,-54.52788743570794
864225,864.225,18.01,291.15999999999997,1019.82,1.2202091094445326,-54.52788743570794
864376,864.376,18.01,291.15999999999997,1019.83,1.2202210743903998,-54.61066559840112
864527,864.527,18.01,291.15999999999997,1019.81,1.2201971444986652,-54.4451086156818
864688,864.688,18.01,291.15999999999997,1019.81,1.2201971444986652,-54.4451086156818
864838,864.838,18.01,291.15999999999997,1019.81,1.2201971444986652,-54.4451086156818
864989,864.989,18.01,291.15999999999997,1019.81,1.2201971444986652,-54.4451086156818
865139,865.139,18.01,291.15999999999997,1019.8,1.2201851795527978,-54.362329138342396
865291,865.291,18.01,291.15999999999997,1019.79,1.2201732146069306,-54.2795490036602
865441,865.441,18.01,291.15999999999997,1019.79,1.2201732146069306,-54.2795490036602
865592,865.592,18.01,291.15999999999997,1019.8,1.2201851795527978,-54.362329138342396
865742,865.742,18.01,291.15999999999997,1019.81,1.2201971444986652,-54.4451086156818
865896,865.896,18.01,291.15999999999997,1019.8,1.2201851795527978,-54.362329138342396
866046,866.046,18.01,291.15999999999997,1019.8,1.2201851795527978,-54.362329138342396
866198,866.198,18.01,291.15999999999997,1019.82,1.2202091094445326,-54.52788743570794
866385,866.385,18.01,291.15999999999997,1019.81,1.2201971444986652,-54.4451086156818
866537,866.537,18.01,291.15999999999997,1019.8,1.2201851795527978,-54.362329138342396
866687,866.687,18.01,291.15999999999997,1019.82,1.2202091094445326,-54.52788743570794
866838,866.838,18.01,291.15999999999997,1019.83,1.2202210743903998,-54.61066559840112
866988,866.988,18.01,291.15999999999997,1019.82,1.2202091094445326,-54.52788743570794
867149,867.149,18.01,291.15999999999997,1019.79,1.2201732146069306,-54.2795490036602
867300,867.3,18.02,291.16999999999996,1019.81,1.2201552378068872,-54.4451086156818
867451,867.451,18.01,291.15999999999997,1019.8,1.2201851795527978,-54.362329138342396
867602,867.602,18.01,291.15999999999997,1019.8,1.2201851795527978,-54.362329138342396
867752,867.752,18.02,291.16999999999996,1019.79,1.2201313087370054,-54.2795490036602
867903,867.903,18.02,291.16999999999996,1019.81,1.2201552378068872,-54.4451086156818
868054,868.054,18.01,291.15999999999997,1019.78,1.2201612496610632,-54.19676821162536
868207,868.207,18.02,291.16999999999996,1019.8,1.2201432732719464,-54.362329138342396
868359,868.359,18.02,291.16999999999996,1019.8,1.2201432732719464,-54.362329138342396
868509,868.509,18.02,291.16999999999996,1019.79,1.2201313087370054,-54.2795490036602
868660,868.66,18.02,291.16999999999996,1019.8,1.2201432732719464,-54.362329138342396
868848,868.848,18.02,291.16999999999996,1019.79,1.2201313087370054,-54.2795490036602
868999,868.999,18.03,291.17999999999995,1019.81,1.220113333993514,-54.4451086156818
869149,869.149,18.02,291.16999999999996,1019.82,1.2201672023418282,-54.52788743570794
869300,869.3,18.02,291.16999999999996,1019.78,1.2201193442020646,-54.19676821162536
869460,869.46,18.02,291.16999999999996,1019.78,1.2201193442020646,-54.19676821162536
869612,869.612,18.02,291.16999999999996,1019.8,1.2201432732719464,-54.362329138342396
869762,869.762,18.02,291.16999999999996,1019.81,1.2201552378068872,-54.4451086156818
869913,869.913,18.02,291.16999999999996,1019.81,1.2201552378068872,-54.4451086156818
870064,870.064,18.02,291.16999999999996,1019.83,1.220179166876769,-54.61066559840112
870215,870.215,18.02,291.16999999999996,1019.81,1.2201552378068872,-54.4451086156818
870366,870.366,18.02,291.16999999999996,1019.81,1.2201552378068872,-54.4451086156818
870516,870.516,18.02,291.16999999999996,1019.8,1.2201432732719464,-54.362329138342396
870670,870.67,18.02,291.16999999999996,1019.8,1.2201432732719464,-54.362329138342396
870820,870.82,18.02,291.16999999999996,1019.81,1.2201552378068872,-54.4451086156818
870971,870.971,18.02,291.16999999999996,1019.8,1.2201432732719464,-54.362329138342396
871122,871.122,18.01,291.15999999999997,1019.82,1.2202091094445326,-54.52788743570794
871273,871.273,18.01,291.15999999999997,1019.83,1.2202210743903998,-54.61066559840112
871423,871.423,18.01,291.15999999999997,1019.78,1.2201612496610632,-54.19676821162536
871574,871.574,18.01,291.15999999999997,1019.81,1.2201971444986652,-54.4451086156818
871735,871.735,18.01,291.15999999999997,1019.81,1.2201971444986652,-54.4451086156818
871886,871.886,18.02,291.16999999999996,1019.79,1.2201313087370054,-54.2795490036602
872037,872.037,18.02,291.16999999999996,1019.81,1.2201552378068872,-54.4451086156818
872187,872.187,18.01,291.15999999999997,1019.77,1.2201492847151958,-54.113986762228045
872338,872.338,18.01,291.15999999999997,1019.82,1.2202091094445326,-54.52788743570794
872489,872.489,18.01,291.15999999999997,1019.8,1.2201851795527978,-54.362329138342396
872640,872.64,18.01,291.15999999999997,1019.82,1.2202091094445326,-54.52788743570794
872790,872.79,18.01,291.15999999999997,1019.79,1.2201732146069306,-54.2795490036602
872944,872.944,18.02,291.16999999999996,1019.83,1.220179166876769,-54.61066559840112
873095,873.095,18.02,291.16999999999996,1019.83,1.220179166876769,-54.61066559840112
873245,873.245,18.02,291.16999999999996,1019.79,1.2201313087370054,-54.2795490036602
873397,873.397,18.02,291.16999999999996,1019.8,1.2201432732719464,-54.362329138342396
873547,873.547,18.02,291.16999999999996,1019.82,1.2201672023418282,-54.52788743570794
873698,873.698,18.01,291.15999999999997,1019.83,1.2202210743903998,-54.61066559840112
873849,873.849,18.01,291.15999999999997,1019.82,1.2202091094445326,-54.52788743570794
874009,874.009,18.02,291.16999999999996,1019.8,1.2201432732719464,-54.362329138342396
874161,874.161,18.01,291.15999999999997,1019.81,1.2201971444986652,-54.4451086156818
874311,874.311,18.01,291.15999999999997,1019.8,1.2201851795527978,-54.362329138342396
874462,874.462,18.01,291.15999999999997,1019.82,1.2202091094445326,-54.52788743570794
874613,874.613,18.01,291.15999999999997,1019.8,1.2201851795527978,-54.362329138342396
874764,874.764,18.01,291.15999999999997,1019.78,1.2201612496610632,-54.19676821162536
874914,874.914,18.02,291.16999999999996,1019.83,1.220179166876769,-54.61066559840112
875066,875.066,18.02,291.16999999999996,1019.83,1.220179166876769,-54.61066559840112
875218,875.218,18.01,291.15999999999997,1019.82,1.2202091094445326,-54.52788743570794
875370,875.37,18.01,291.15999999999997,1019.84,1.2202330393362673,-54.693443103800725
875520,875.52,18.01,291.15999999999997,1019.81,1.2201971444986652,-54.4451086156818
875671,875.671,18.01,291.15999999999997,1019.82,1.2202091094445326,-54.52788743570794
875821,875.821,18.01,291.15999999999997,1019.84,1.2202330393362673,-54.693443103800725
876009,876.009,18.01,291.15999999999997,1019.82,1.2202091094445326,-54.52788743570794
876160,876.16,18.01,291.15999999999997,1019.82,1.2202091094445326,-54.52788743570794
876311,876.311,18.01,291.15999999999997,1019.83,1.2202210743903998,-54.61066559840112
876509,876.509,18.01,291.15999999999997,1019.82,1.2202091094445326,-54.52788743570794
876660,876.66,18.02,291.16999999999996,1019.83,1.220179166876769,-54.61066559840112
876811,876.811,18.01,291.15999999999997,1019.85,1.2202450042821347,-54.776219951906754
876961,876.961,18.02,291.16999999999996,1019.86,1.2202150604815916,-54.85899614272905
877113,877.113,18.01,291.15999999999997,1019.82,1.2202091094445326,-54.52788743570794
877263,877.263,18.01,291.15999999999997,1019.81,1.2201971444986652,-54.4451086156818
877451,877.451,18.01,291.15999999999997,1019.81,1.2201971444986652,-54.4451086156818
877604,877.604,18.01,291.15999999999997,1019.82,1.2202091094445326,-54.52788743570794
877755,877.755,18.01,291.15999999999997,1019.8,1.2201851795527978,-54.362329138342396
877905,877.905,18.01,291.15999999999997,1019.82,1.2202091094445326,-54.52788743570794
878057,878.057,18.01,291.15999999999997,1019.81,1.2201971444986652,-54.4451086156818
878207,878.207,18.02,291.16999999999996,1019.81,1.2201552378068872,-54.4451086156818
878358,878.358,18.02,291.16999999999996,1019.85,1.2202030959466508,-54.776219951906754
878509,878.509,18.02,291.16999999999996,1019.82,1.2201672023418282,-54.52788743570794
878660,878.66,18.02,291.16999999999996,1019.83,1.220179166876769,-54.61066559840112
878821,878.821,18.03,291.17999999999995,1019.8,1.2201013698694714,-54.362329138342396
878971,878.971,18.03,291.17999999999995,1019.8,1.2201013698694714,-54.362329138342396
879123,879.123,18.02,291.16999999999996,1019.82,1.2201672023418282,-54.52788743570794
879273,879.273,18.02,291.16999999999996,1019.82,1.2201672023418282,-54.52788743570794
879424,879.424,18.01,291.15999999999997,1019.82,1.2202091094445326,-54.52788743570794
879575,879.575,18.0,291.15,1019.81,1.2202390540691441,-54.4451086156818
879726,879.726,18.0,291.15,1019.81,1.2202390540691441,-54.4451086156818
879877,879.877,18.0,291.15,1019.82,1.2202510194259661,-54.52788743570794
880030,880.03,18.01,291.15999999999997,1019.8,1.2201851795527978,-54.362329138342396
880181,880.181,18.01,291.15999999999997,1019.81,1.2201971444986652,-54.4451086156818
880331,880.331,18.01,291.15999999999997,1019.84,1.2202330393362673,-54.693443103800725
880483,880.483,18.01,291.15999999999997,1019.8,1.2201851795527978,-54.362329138342396
880633,880.633,18.01,291.15999999999997,1019.79,1.2201732146069306,-54.2795490036602
880784,880.784,18.01,291.15999999999997,1019.78,1.2201612496610632,-54.19676821162536
880935,880.935,18.01,291.15999999999997,1019.78,1.2201612496610632,-54.19676821162536
881096,881.096,18.02,291.16999999999996,1019.83,1.220179166876769,-54.61066559840112
881247,881.247,18.01,291.15999999999997,1019.8,1.2201851795527978,-54.362329138342396
881397,881.397,18.01,291.15999999999997,1019.79,1.2201732146069306,-54.2795490036602
881549,881.549,18.01,291.15999999999997,1019.8,1.2201851795527978,-54.362329138342396
881699,881.699,18.01,291.15999999999997,1019.77,1.2201492847151958,-54.113986762228045
881850,881.85,18.01,291.15999999999997,1019.79,1.2201732146069306,-54.2795490036602
882001,882.001,18.01,291.15999999999997,1019.79,1.2201732146069306,-54.2795490036602
882152,882.152,18.01,291.15999999999997,1019.79,1.2201732146069306,-54.2795490036602
882305,882.305,18.02,291.16999999999996,1019.83,1.220179166876769,-54.61066559840112
882456,882.456,18.01,291.15999999999997,1019.84,1.2202330393362673,-54.693443103800725
882607,882.607,18.01,291.15999999999997,1019.86,1.220256969228002,-54.85899614272905
882758,882.758,18.01,291.15999999999997,1019.88,1.2202808991197367,-55.024546552591325
882909,882.909,18.01,291.15999999999997,1019.83,1.2202210743903998,-54.61066559840112
883059,883.059,18.0,291.15,1019.84,1.2202749501396104,-54.693443103800725
883211,883.211,17.99,291.14,1019.82,1.220292932286426,-54.52788743570794
883361,883.361,17.99,291.14,1019.83,1.220304898054231,-54.61066559840112
883522,883.522,17.99,291.14,1019.8,1.2202690007508161,-54.362329138342396
883673,883.673,17.99,291.14,1019.81,1.2202809665186212,-54.4451086156818
883824,883.824,17.99,291.14,1019.8,1.2202690007508161,-54.362329138342396
883975,883.975,17.99,291.14,1019.81,1.2202809665186212,-54.4451086156818
884125,884.125,17.98,291.13,1019.81,1.2203228818473923,-54.4451086156818
884277,884.277,17.98,291.13,1019.84,1.2203587803838407,-54.693443103800725
884427,884.427,17.99,291.14,1019.83,1.220304898054231,-54.61066559840112
884581,884.581,17.98,291.13,1019.78,1.2202869833109438,-54.19676821162536
884731,884.731,17.98,291.13,1019.79,1.22029894948976,-54.2795490036602
884883,884.883,17.98,291.13,1019.8,1.220310915668576,-54.362329138342396
885033,885.033,17.98,291.13,1019.82,1.2203348480262084,-54.52788743570794
885184,885.184,17.97,291.12,1019.84,1.2204006998253214,-54.693443103800725
885335,885.335,17.97,291.12,1019.83,1.2203887332354657,-54.61066559840112
885486,885.486,17.98,291.13,1019.84,1.2203587803838407,-54.693443103800725
885673,885.673,17.98,291.13,1019.81,1.2203228818473923,-54.4451086156818
885871,885.871,17.97,291.12,1019.8,1.2203528334658993,-54.362329138342396
886022,886.022,17.97,291.12,1019.84,1.2204006998253214,-54.693443103800725
886173,886.173,17.98,291.13,1019.8,1.220310915668576,-54.362329138342396
886324,886.324,17.98,291.13,1019.82,1.2203348480262084,-54.52788743570794
886474,886.474,17.98,291.13,1019.77,1.2202750171321277,-54.113986762228045
886626,886.626,17.98,291.13,1019.79,1.22029894948976,-54.2795490036602
886776,886.776,17.98,291.13,1019.8,1.220310915668576,-54.362329138342396
886927,886.927,17.98,291.13,1019.81,1.2203228818473923,-54.4451086156818
887080,887.08,17.99,291.14,1019.83,1.220304898054231,-54.61066559840112
887231,887.231,17.99,291.14,1019.82,1.220292932286426,-54.52788743570794
887382,887.382,17.99,291.14,1019.81,1.2202809665186212,-54.4451086156818
887533,887.533,18.0,291.15,1019.84,1.2202749501396104,-54.693443103800725
887685,887.685,18.0,291.15,1019.82,1.2202510194259661,-54.52788743570794
887835,887.835,18.0,291.15,1019.81,1.2202390540691441,-54.4451086156818
887986,887.986,18.0,291.15,1019.82,1.2202510194259661,-54.52788743570794
888146,888.146,18.01,291.15999999999997,1019.83,1.2202210743903998,-54.61066559840112
888298,888.298,18.01,291.15999999999997,1019.81,1.2201971444986652,-54.4451086156818
888448,888.448,18.01,291.15999999999997,1019.79,1.2201732146069306,-54.2795490036602
888599,888.599,18.01,291.15999999999997,1019.8,1.2201851795527978,-54.362329138342396
888751,888.751,18.01,291.15999999999997,1019.8,1.2201851795527978,-54.362329138342396
888901,888.901,18.01,291.15999999999997,1019.8,1.2201851795527978,-54.362329138342396
889053,889.053,18.01,291.15999999999997,1019.83,1.2202210743903998,-54.61066559840112
889203,889.203,18.01,291.15999999999997,1019.8,1.2201851795527978,-54.362329138342396
889357,889.357,18.01,291.15999999999997,1019.82,1.2202091094445326,-54.52788743570794
889507,889.507,18.01,291.15999999999997,1019.78,1.2201612496610632,-54.19676821162536
889658,889.658,18.02,291.16999999999996,1019.82,1.2201672023418282,-54.52788743570794
889809,889.809,18.02,291.16999999999996,1019.82,1.2201672023418282,-54.52788743570794
889960,889.96,18.01,291.15999999999997,1019.79,1.2201732146069306,-54.2795490036602
890110,890.11,18.01,291.15999999999997,1019.81,1.2201971444986652,-54.4451086156818
890262,890.262,18.01,291.15999999999997,1019.8,1.2201851795527978,-54.362329138342396
890423,890.423,18.01,291.15999999999997,1019.81,1.2201971444986652,-54.4451086156818
890573,890.573,18.01,291.15999999999997,1019.79,1.2201732146069306,-54.2795490036602
890725,890.725,18.01,291.15999999999997,1019.81,1.2201971444986652,-54.4451086156818
890875,890.875,18.01,291.15999999999997,1019.8,1.2201851795527978,-54.362329138342396
891026,891.026,18.01,291.15999999999997,1019.8,1.2201851795527978,-54.362329138342396
891177,891.177,18.01,291.15999999999997,1019.8,1.2201851795527978,-54.362329138342396
891328,891.328,18.01,291.15999999999997,1019.79,1.2201732146069306,-54.2795490036602
891478,891.478,18.0,291.15,1019.8,1.220227088712322,-54.362329138342396
891632,891.632,18.01,291.15999999999997,1019.8,1.2201851795527978,-54.362329138342396
891784,891.784,18.01,291.15999999999997,1019.82,1.2202091094445326,-54.52788743570794
891934,891.934,18.0,291.15,1019.8,1.220227088712322,-54.362329138342396
892085,892.085,18.0,291.15,1019.8,1.220227088712322,-54.362329138342396
892236,892.236,18.0,291.15,1019.8,1.220227088712322,-54.362329138342396
892387,892.387,18.0,291.15,1019.82,1.2202510194259661,-54.52788743570794
892537,892.537,18.0,291.15,1019.8,1.220227088712322,-54.362329138342396
892689,892.689,18.0,291.15,1019.8,1.220227088712322,-54.362329138342396
892886,892.886,18.0,291.15,1019.81,1.2202390540691441,-54.4451086156818
893037,893.037,18.0,291.15,1019.82,1.2202510194259661,-54.52788743570794
893189,893.189,18.0,291.15,1019.81,1.2202390540691441,-54.4451086156818
893339,893.339,18.0,291.15,1019.78,1.220203157998678,-54.19676821162536
893490,893.49,18.0,291.15,1019.79,1.2202151233555,-54.2795490036602
893641,893.641,18.0,291.15,1019.83,1.2202629847827882,-54.61066559840112
893792,893.792,18.0,291.15,1019.81,1.2202390540691441,-54.4451086156818
893945,893.945,18.0,291.15,1019.81,1.2202390540691441,-54.4451086156818
894096,894.096,17.99,291.14,1019.81,1.2202809665186212,-54.4451086156818
894247,894.247,17.99,291.14,1019.81,1.2202809665186212,-54.4451086156818
894435,894.435,17.99,291.14,1019.82,1.220292932286426,-54.52788743570794
894585,894.585,17.99,291.14,1019.82,1.220292932286426,-54.52788743570794
894737,894.737,17.99,291.14,1019.81,1.2202809665186212,-54.4451086156818
894887,894.887,17.99,291.14,1019.81,1.2202809665186212,-54.4451086156818
895038,895.038,17.99,291.14,1019.83,1.220304898054231,-54.61066559840112
895199,895.199,17.99,291.14,1019.82,1.220292932286426,-54.52788743570794
895387,895.387,17.99,291.14,1019.84,1.220316863822036,-54.693443103800725
895538,895.538,17.99,291.14,1019.8,1.2202690007508161,-54.362329138342396
895688,895.688,17.99,291.14,1019.81,1.2202809665186212,-54.4451086156818
895840,895.84,17.99,291.14,1019.81,1.2202809665186212,-54.4451086156818
895990,895.99,17.99,291.14,1019.81,1.2202809665186212,-54.4451086156818
896142,896.142,17.99,291.14,1019.83,1.220304898054231,-54.61066559840112
896292,896.292,17.99,291.14,1019.85,1.220328829589841,-54.776219951906754
896446,896.446,17.99,291.14,1019.83,1.220304898054231,-54.61066559840112
896596,896.596,17.99,291.14,1019.83,1.220304898054231,-54.61066559840112
896748,896.748,17.99,291.14,1019.81,1.2202809665186212,-54.4451086156818
896898,896.898,17.99,291.14,1019.82,1.220292932286426,-54.52788743570794
897050,897.05,17.99,291.14,1019.84,1.220316863822036,-54.693443103800725
897201,897.201,17.99,291.14,1019.84,1.220316863822036,-54.693443103800725
897351,897.351,17.99,291.14,1019.83,1.220304898054231,-54.61066559840112
897513,897.513,18.0,291.15,1019.86,1.2202988808532544,-54.85899614272905
897663,897.663,17.99,291.14,1019.84,1.220316863822036,-54.693443103800725
897814,897.814,18.0,291.15,1019.86,1.2202988808532544,-54.85899614272905
897965,897.965,17.99,291.14,1019.81,1.2202809665186212,-54.4451086156818
898116,898.116,17.99,291.14,1019.82,1.220292932286426,-54.52788743570794
898268,898.268,17.99,291.14,1019.82,1.220292932286426,-54.52788743570794
898418,898.418,17.99,291.14,1019.84,1.220316863822036,-54.693443103800725
898570,898.57,18.0,291.15,1019.83,1.2202629847827882,-54.61066559840112
898722,898.722,18.0,291.15,1019.81,1.2202390540691441,-54.4451086156818
898874,898.874,18.0,291.15,1019.83,1.2202629847827882,-54.61066559840112
899024,899.024,18.0,291.15,1019.84,1.2202749501396104,-54.693443103800725
899176,899.176,18.0,291.15,1019.83,1.2202629847827882,-54.61066559840112
899326,899.326,18.0,291.15,1019.86,1.2202988808532544,-54.85899614272905
899477,899.477,18.0,291.15,1019.85,1.2202869154964324,-54.776219951906754
899628,899.628,18.0,291.15,1019.85,1.2202869154964324,-54.776219951906754
899779,899.779,18.0,291.15,1019.81,1.2202390540691441,-54.4451086156818
899940,899.94,18.0,291.15,1019.84,1.2202749501396104,-54.693443103800725
900091,900.091,18.01,291.15999999999997,1019.83,1.2202210743903998,-54.61066559840112
900242,900.242,18.01,291.15999999999997,1019.84,1.2202330393362673,-54.693443103800725
900393,900.393,18.0,291.15,1019.83,1.2202629847827882,-54.61066559840112
900544,900.544,18.01,291.15999999999997,1019.82,1.2202091094445326,-54.52788743570794
900694,900.694,18.01,291.15999999999997,1019.83,1.2202210743903998,-54.61066559840112
900846,900.846,18.01,291.15999999999997,1019.84,1.2202330393362673,-54.693443103800725
901000,901.0,18.01,291.15999999999997,1019.84,1.2202330393362673,-54.693443103800725
901150,901.15,18.01,291.15999999999997,1019.82,1.2202091094445326,-54.52788743570794
901302,901.302,18.01,291.15999999999997,1019.82,1.2202091094445326,-54.52788743570794
901452,901.452,18.01,291.15999999999997,1019.84,1.2202330393362673,-54.693443103800725
901604,901.604,18.01,291.15999999999997,1019.81,1.2201971444986652,-54.4451086156818
901754,901.754,18.01,291.15999999999997,1019.83,1.2202210743903998,-54.61066559840112
901905,901.905,18.01,291.15999999999997,1019.83,1.2202210743903998,-54.61066559840112
902056,902.056,18.01,291.15999999999997,1019.84,1.2202330393362673,-54.693443103800725
902217,902.217,18.01,291.15999999999997,1019.84,1.2202330393362673,-54.693443103800725
902369,902.369,18.01,291.15999999999997,1019.83,1.2202210743903998,-54.61066559840112
902519,902.519,18.01,291.15999999999997,1019.83,1.2202210743903998,-54.61066559840112
902670,902.67,18.01,291.15999999999997,1019.84,1.2202330393362673,-54.693443103800725
902821,902.821,18.01,291.15999999999997,1019.85,1.2202450042821347,-54.776219951906754
903009,903.009,18.01,291.15999999999997,1019.83,1.2202210743903998,-54.61066559840112
903160,903.16,18.01,291.15999999999997,1019.83,1.2202210743903998,-54.61066559840112
903311,903.311,18.01,291.15999999999997,1019.84,1.2202330393362673,-54.693443103800725
903464,903.464,18.01,291.15999999999997,1019.83,1.2202210743903998,-54.61066559840112
903615,903.615,18.01,291.15999999999997,1019.85,1.2202450042821347,-54.776219951906754
903766,903.766,18.01,291.15999999999997,1019.87,1.2202689341738693,-54.94177167628729
903917,903.917,18.0,291.15,1019.81,1.2202390540691441,-54.4451086156818
904069,904.069,18.01,291.15999999999997,1019.83,1.2202210743903998,-54.61066559840112
904219,904.219,18.01,291.15999999999997,1019.84,1.2202330393362673,-54.693443103800725
904371,904.371,18.01,291.15999999999997,1019.83,1.2202210743903998,-54.61066559840112
904531,904.531,18.01,291.15999999999997,1019.87,1.2202689341738693,-54.94177167628729
904682,904.682,18.01,291.15999999999997,1019.86,1.220256969228002,-54.85899614272905
904833,904.833,18.01,291.15999999999997,1019.82,1.2202091094445326,-54.52788743570794
905021,905.021,18.01,291.15999999999997,1019.84,1.2202330393362673,-54.693443103800725
905172,905.172,18.01,291.15999999999997,1019.84,1.2202330393362673,-54.693443103800725
905323,905.323,18.01,291.15999999999997,1019.84,1.2202330393362673,-54.693443103800725
905474,905.474,18.01,291.15999999999997,1019.82,1.2202091094445326,-54.52788743570794
905625,905.625,18.01,291.15999999999997,1019.84,1.2202330393362673,-54.693443103800725
905779,905.779,18.01,291.15999999999997,1019.8,1.2201851795527978,-54.362329138342396
905929,905.929,18.0,291.15,1019.85,1.2202869154964324,-54.776219951906754
906081,906.081,18.0,291.15,1019.8,1.220227088712322,-54.362329138342396
906231,906.231,17.99,291.14,1019.81,1.2202809665186212,-54.4451086156818
906383,906.383,17.99,291.14,1019.79,1.220257034983011,-54.2795490036602
906533,906.533,17.99,291.14,1019.81,1.2202809665186212,-54.4451086156818
906685,906.685,17.98,291.13,1019.86,1.2203827127414728,-54.85899614272905
906846,906.846,17.98,291.13,1019.83,1.2203468142050244,-54.61066559840112
906996,906.996,17.98,291.13,1019.85,1.2203707465626568,-54.776219951906754
907148,907.148,17.97,291.12,1019.79,1.2203408668760438,-54.2795490036602
907298,907.298,17.97,291.12,1019.81,1.2203648000557548,-54.4451086156818
907450,907.45,17.97,291.12,1019.84,1.2204006998253214,-54.693443103800725
907600,907.6,17.97,291.12,1019.84,1.2204006998253214,-54.693443103800725
907752,907.752,17.97,291.12,1019.82,1.2203767666456102,-54.52788743570794
907902,907.902,17.96,291.10999999999996,1019.8,1.220394754143082,-54.362329138342396
908056,908.056,17.96,291.10999999999996,1019.8,1.220394754143082,-54.362329138342396
908208,908.208,17.97,291.12,1019.8,1.2203528334658993,-54.362329138342396
908358,908.358,17.96,291.10999999999996,1019.82,1.2204186881449284,-54.52788743570794
908510,908.51,17.96,291.10999999999996,1019.83,1.2204306551458515,-54.61066559840112
908660,908.66,17.96,291.10999999999996,1019.85,1.2204545891476977,-54.776219951906754
908812,908.812,17.96,291.10999999999996,1019.84,1.2204426221467746,-54.693443103800725
908962,908.962,17.96,291.10999999999996,1019.84,1.2204426221467746,-54.693443103800725
909113,909.113,17.96,291.10999999999996,1019.84,1.2204426221467746,-54.693443103800725
909275,909.275,17.96,291.10999999999996,1019.82,1.2204186881449284,-54.52788743570794
909425,909.425,17.96,291.10999999999996,1019.81,1.220406721144005,-54.4451086156818
909577,909.577,17.96,291.10999999999996,1019.83,1.2204306551458515,-54.61066559840112
909727,909.727,17.97,291.12,1019.82,1.2203767666456102,-54.52788743570794
909879,909.879,17.97,291.12,1019.82,1.2203767666456102,-54.52788743570794
910029,910.029,17.96,291.10999999999996,1019.79,1.2203827871421589,-54.2795490036602
910181,910.181,17.96,291.10999999999996,1019.81,1.220406721144005,-54.4451086156818
910334,910.334,17.96,291.10999999999996,1019.82,1.2204186881449284,-54.52788743570794
910485,910.485,17.96,291.10999999999996,1019.82,1.2204186881449284,-54.52788743570794
910636,910.636,17.96,291.10999999999996,1019.84,1.2204426221467746,-54.693443103800725
910787,910.787,17.96,291.10999999999996,1019.82,1.2204186881449284,-54.52788743570794
910939,910.939,17.95,291.09999999999997,1019.87,1.2205204495845545,-54.94177167628729
911089,911.089,17.95,291.09999999999997,1019.83,1.2204725799364784,-54.61066559840112
911241,911.241,17.95,291.09999999999997,1019.85,1.2204965147605165,-54.776219951906754
911391,911.391,17.95,291.09999999999997,1019.81,1.2204486451124403,-54.4451086156818
911589,911.589,17.95,291.09999999999997,1019.81,1.2204486451124403,-54.4451086156818
911740,911.74,17.94,291.09,1019.8,1.2204786041382136,-54.362329138342396
911891,911.891,17.94,291.09,1019.83,1.220514507607643,-54.61066559840112
912042,912.042,17.94,291.09,1019.85,1.2205384432539292,-54.776219951906754
912193,912.193,17.93,291.08,1019.81,1.2205325016910518,-54.4451086156818
912345,912.345,17.93,291.08,1019.84,1.2205684063939384,-54.693443103800725
912495,912.495,17.93,291.08,1019.81,1.2205325016910518,-54.4451086156818
912647,912.647,17.93,291.08,1019.84,1.2205684063939384,-54.693443103800725
912800,912.8,17.92,291.07,1019.8,1.2205624656563459,-54.362329138342396
912951,912.951,17.93,291.08,1019.81,1.2205325016910518,-54.4451086156818
913102,913.102,17.92,291.07,1019.81,1.2205744343018219,-54.4451086156818
913253,913.253,17.93,291.08,1019.82,1.2205444699253472,-54.52788743570794
913404,913.404,17.93,291.08,1019.81,1.2205325016910518,-54.4451086156818
913555,913.555,17.93,291.08,1019.79,1.2205085652224608,-54.2795490036602
913706,913.706,17.93,291.08,1019.84,1.2205684063939384,-54.693443103800725
913867,913.867,17.93,291.08,1019.81,1.2205325016910518,-54.4451086156818
914019,914.019,17.93,291.08,1019.85,1.2205803746282338,-54.776219951906754
914169,914.169,17.93,291.08,1019.83,1.2205564381596428,-54.61066559840112
914321,914.321,17.93,291.08,1019.87,1.2206043110968248,-54.94177167628729
914471,914.471,17.93,291.08,1019.83,1.2205564381596428,-54.61066559840112
914660,914.66,17.93,291.08,1019.83,1.2205564381596428,-54.61066559840112
914811,914.811,17.93,291.08,1019.85,1.2205803746282338,-54.776219951906754
914962,914.962,17.93,291.08,1019.81,1.2205325016910518,-54.4451086156818
915115,915.115,17.93,291.08,1019.8,1.2205205334567562,-54.362329138342396
915267,915.267,17.93,291.08,1019.81,1.2205325016910518,-54.4451086156818
915418,915.418,17.93,291.08,1019.8,1.2205205334567562,-54.362329138342396
915569,915.569,17.93,291.08,1019.82,1.2205444699253472,-54.52788743570794
915720,915.72,17.92,291.07,1019.82,1.220586402947298,-54.52788743570794
915871,915.871,17.93,291.08,1019.81,1.2205325016910518,-54.4451086156818
916022,916.022,17.93,291.08,1019.79,1.2205085652224608,-54.2795490036602
916173,916.173,17.93,291.08,1019.79,1.2205085652224608,-54.2795490036602
916334,916.334,17.93,291.08,1019.8,1.2205205334567562,-54.362329138342396
916486,916.486,17.93,291.08,1019.8,1.2205205334567562,-54.362329138342396
916636,916.636,17.93,291.08,1019.77,1.2204846287538698,-54.113986762228045
916788,916.788,17.93,291.08,1019.8,1.2205205334567562,-54.362329138342396
916938,916.938,17.93,291.08,1019.82,1.2205444699253472,-54.52788743570794
917090,917.09,17.93,291.08,1019.82,1.2205444699253472,-54.52788743570794
917240,917.24,17.93,291.08,1019.82,1.2205444699253472,-54.52788743570794
917394,917.394,17.93,291.08,1019.8,1.2205205334567562,-54.362329138342396
917545,917.545,17.93,291.08,1019.81,1.2205325016910518,-54.4451086156818
917696,917.696,17.93,291.08,1019.84,1.2205684063939384,-54.693443103800725
917847,917.847,17.93,291.08,1019.8,1.2205205334567562,-54.362329138342396
917999,917.999,17.93,291.08,1019.8,1.2205205334567562,-54.362329138342396
918150,918.15,17.93,291.08,1019.88,1.2206162793311204,-55.024546552591325
918301,918.301,17.93,291.08,1019.83,1.2205564381596428,-54.61066559840112
918452,918.452,17.93,291.08,1019.85,1.2205803746282338,-54.776219951906754
918612,918.612,17.94,291.09,1019.85,1.2205384432539292,-54.776219951906754
918764,918.764,17.94,291.09,1019.86,1.2205504110770724,-54.85899614272905
918914,918.914,17.94,291.09,1019.82,1.2205025397844997,-54.52788743570794
919066,919.066,17.93,291.08,1019.84,1.2205684063939384,-54.693443103800725
919218,919.218,17.94,291.09,1019.83,1.220514507607643,-54.61066559840112
919368,919.368,17.94,291.09,1019.85,1.2205384432539292,-54.776219951906754
919520,919.52,17.94,291.09,1019.85,1.2205384432539292,-54.776219951906754
919670,919.67,17.94,291.09,1019.83,1.220514507607643,-54.61066559840112
919824,919.824,17.94,291.09,1019.84,1.220526475430786,-54.693443103800725
920012,920.012,17.94,291.09,1019.85,1.2205384432539292,-54.776219951906754
920164,920.164,17.93,291.08,1019.84,1.2205684063939384,-54.693443103800725
920315,920.315,17.93,291.08,1019.83,1.2205564381596428,-54.61066559840112
920466,920.466,17.94,291.09,1019.84,1.220526475430786,-54.693443103800725
920617,920.617,17.93,291.08,1019.82,1.2205444699253472,-54.52788743570794
920768,920.768,17.94,291.09,1019.81,1.2204905719613568,-54.4451086156818
920929,920.929,17.93,291.08,1019.82,1.2205444699253472,-54.52788743570794
921080,921.08,17.94,291.09,1019.81,1.2204905719613568,-54.4451086156818
921232,921.232,17.93,291.08,1019.81,1.2205325016910518,-54.4451086156818
921382,921.382,17.94,291.09,1019.85,1.2205384432539292,-54.776219951906754
921534,921.534,17.93,291.08,1019.8,1.2205205334567562,-54.362329138342396
921684,921.684,17.94,291.09,1019.79,1.2204666363150705,-54.2795490036602
921836,921.836,17.93,291.08,1019.8,1.2205205334567562,-54.362329138342396
921986,921.986,17.94,291.09,1019.8,1.2204786041382136,-54.362329138342396
922141,922.141,17.94,291.09,1019.86,1.2205504110770724,-54.85899614272905
922292,922.292,17.93,291.08,1019.85,1.2205803746282338,-54.776219951906754
922443,922.443,17.93,291.08,1019.83,1.2205564381596428,-54.61066559840112
922594,922.594,17.93,291.08,1019.81,1.2205325016910518,-54.4451086156818
922745,922.745,17.93,291.08,1019.81,1.2205325016910518,-54.4451086156818
922896,922.896,17.94,291.09,1019.83,1.220514507607643,-54.61066559840112
923047,923.047,17.94,291.09,1019.81,1.2204905719613568,-54.4451086156818
923208,923.208,17.94,291.09,1019.81,1.2204905719613568,-54.4451086156818
923360,923.36,17.93,291.08,1019.79,1.2205085652224608,-54.2795490036602
923510,923.51,17.93,291.08,1019.8,1.2205205334567562,-54.362329138342396
923662,923.662,17.93,291.08,1019.81,1.2205325016910518,-54.4451086156818
923812,923.812,17.94,291.09,1019.82,1.2205025397844997,-54.52788743570794
923964,923.964,17.93,291.08,1019.83,1.2205564381596428,-54.61066559840112
924115,924.115,17.93,291.08,1019.82,1.2205444699253472,-54.52788743570794
924303,924.303,17.94,291.09,1019.82,1.2205025397844997,-54.52788743570794
924456,924.456,17.94,291.09,1019.78,1.2204546684919273,-54.19676821162536
924608,924.608,17.93,291.08,1019.84,1.2205684063939384,-54.693443103800725
924758,924.758,17.93,291.08,1019.84,1.2205684063939384,-54.693443103800725
924910,924.91,17.93,291.08,1019.86,1.2205923428625294,-54.85899614272905
925061,925.061,17.93,291.08,1019.8,1.2205205334567562,-54.362329138342396
925212,925.212,17.93,291.08,1019.83,1.2205564381596428,-54.61066559840112
925363,925.363,17.93,291.08,1019.82,1.2205444699253472,-54.52788743570794
925514,925.514,17.93,291.08,1019.8,1.2205205334567562,-54.362329138342396
925675,925.675,17.93,291.08,1019.8,1.2205205334567562,-54.362329138342396
925826,925.826,17.93,291.08,1019.83,1.2205564381596428,-54.61066559840112
925978,925.978,17.94,291.09,1019.87,1.2205623789002156,-54.94177167628729
926129,926.129,17.93,291.08,1019.83,1.2205564381596428,-54.61066559840112
926280,926.28,17.94,291.09,1019.83,1.220514507607643,-54.61066559840112
926431,926.431,17.94,291.09,1019.83,1.220514507607643,-54.61066559840112
926582,926.582,17.94,291.09,1019.84,1.220526475430786,-54.693443103800725
926736,926.736,17.94,291.09,1019.87,1.2205623789002156,-54.94177167628729
926887,926.887,17.94,291.09,1019.81,1.2204905719613568,-54.4451086156818
927038,927.038,17.94,291.09,1019.85,1.2205384432539292,-54.776219951906754
927189,927.189,17.94,291.09,1019.82,1.2205025397844997,-54.52788743570794
927340,927.34,17.94,291.09,1019.82,1.2205025397844997,-54.52788743570794
927492,927.492,17.94,291.09,1019.83,1.220514507607643,-54.61066559840112
927643,927.643,17.94,291.09,1019.88,1.2205743467233587,-55.024546552591325
927794,927.794,17.94,291.09,1019.83,1.220514507607643,-54.61066559840112
927955,927.955,17.95,291.09999999999997,1019.83,1.2204725799364784,-54.61066559840112
928106,928.106,17.94,291.09,1019.82,1.2205025397844997,-54.52788743570794
928257,928.257,17.94,291.09,1019.87,1.2205623789002156,-54.94177167628729
928408,928.408,17.94,291.09,1019.8,1.2204786041382136,-54.362329138342396
928596,928.596,17.95,291.09999999999997,1019.81,1.2204486451124403,-54.4451086156818
928747,928.747,17.95,291.09999999999997,1019.8,1.2204366777004212,-54.362329138342396
928898,928.898,17.95,291.09999999999997,1019.84,1.2204845473484973,-54.693443103800725
929049,929.049,17.94,291.09,1019.81,1.2204905719613568,-54.4451086156818
929204,929.204,17.95,291.09999999999997,1019.83,1.2204725799364784,-54.61066559840112
929354,929.354,17.95,291.09999999999997,1019.85,1.2204965147605165,-54.776219951906754
929506,929.506,17.95,291.09999999999997,1019.83,1.2204725799364784,-54.61066559840112
929656,929.656,17.95,291.09999999999997,1019.82,1.2204606125244593,-54.52788743570794
929808,929.808,17.95,291.09999999999997,1019.82,1.2204606125244593,-54.52788743570794
929959,929.959,17.95,291.09999999999997,1019.82,1.2204606125244593,-54.52788743570794
930110,930.11,17.95,291.09999999999997,1019.8,1.2204366777004212,-54.362329138342396
930271,930.271,17.96,291.10999999999996,1019.83,1.2204306551458515,-54.61066559840112
930422,930.422,17.96,291.10999999999996,1019.82,1.2204186881449284,-54.52788743570794
930574,930.574,17.96,291.10999999999996,1019.82,1.2204186881449284,-54.52788743570794
930724,930.724,17.96,291.10999999999996,1019.83,1.2204306551458515,-54.61066559840112
930876,930.876,17.96,291.10999999999996,1019.8,1.220394754143082,-54.362329138342396
931027,931.027,17.97,291.12,1019.81,1.2203648000557548,-54.4451086156818
931178,931.178,17.96,291.10999999999996,1019.79,1.2203827871421589,-54.2795490036602
931329,931.329,17.97,291.12,1019.81,1.2203648000557548,-54.4451086156818
931483,931.483,17.97,291.12,1019.8,1.2203528334658993,-54.362329138342396
931635,931.635,17.97,291.12,1019.81,1.2203648000557548,-54.4451086156818
931785,931.785,17.98,291.13,1019.8,1.220310915668576,-54.362329138342396
931937,931.937,17.98,291.13,1019.8,1.220310915668576,-54.362329138342396
932087,932.087,17.99,291.14,1019.82,1.220292932286426,-54.52788743570794
932239,932.239,17.99,291.14,1019.81,1.2202809665186212,-54.4451086156818
932390,932.39,17.99,291.14,1019.8,1.2202690007508161,-54.362329138342396
932541,932.541,17.99,291.14,1019.83,1.220304898054231,-54.61066559840112
932703,932.703,17.99,291.14,1019.8,1.2202690007508161,-54.362329138342396
932853,932.853,17.99,291.14,1019.78,1.2202450692152063,-54.19676821162536
933005,933.005,17.99,291.14,1019.83,1.220304898054231,-54.61066559840112
933156,933.156,17.99,291.14,1019.8,1.2202690007508161,-54.362329138342396
933307,933.307,17.99,291.14,1019.81,1.2202809665186212,-54.4451086156818
933458,933.458,18.0,291.15,1019.81,1.2202390540691441,-54.4451086156818
933609,933.609,18.0,291.15,1019.77,1.220191192641856,-54.113986762228045
933762,933.762,18.0,291.15,1019.78,1.220203157998678,-54.19676821162536
933951,933.951,18.01,291.15999999999997,1019.82,1.2202091094445326,-54.52788743570794
934102,934.102,18.01,291.15999999999997,1019.83,1.2202210743903998,-54.61066559840112
934253,934.253,18.0,291.15,1019.82,1.2202510194259661,-54.52788743570794
934405,934.405,18.01,291.15999999999997,1019.83,1.2202210743903998,-54.61066559840112
934556,934.556,18.01,291.15999999999997,1019.79,1.2201732146069306,-54.2795490036602
934707,934.707,18.02,291.16999999999996,1019.82,1.2201672023418282,-54.52788743570794
934858,934.858,18.02,291.16999999999996,1019.79,1.2201313087370054,-54.2795490036602
935019,935.019,18.02,291.16999999999996,1019.79,1.2201313087370054,-54.2795490036602
935170,935.17,18.01,291.15999999999997,1019.81,1.2201971444986652,-54.4451086156818
935322,935.322,18.01,291.15999999999997,1019.83,1.2202210743903998,-54.61066559840112
935473,935.473,18.02,291.16999999999996,1019.78,1.2201193442020646,-54.19676821162536
935624,935.624,18.03,291.17999999999995,1019.79,1.2200894057454286,-54.2795490036602
935776,935.776,18.03,291.17999999999995,1019.79,1.2200894057454286,-54.2795490036602
935926,935.926,18.03,291.17999999999995,1019.77,1.2200654774973434,-54.113986762228045
936078,936.078,18.03,291.17999999999995,1019.78,1.220077441621386,-54.19676821162536
936226,936.226,18.03,291.17999999999995,1019.77,1.2200654774973434,-54.113986762228045
936378,936.378,18.04,291.19,1019.81,1.2200714330582483,-54.4451086156818
936529,936.529,18.04,291.19,1019.78,1.2200355419187303,-54.19676821162536
936680,936.68,18.05,291.2,1019.81,1.2200295350007944,-54.4451086156818
936831,936.831,18.05,291.2,1019.81,1.2200295350007944,-54.4451086156818
936983,936.983,18.05,291.2,1019.83,1.220053461605456,-54.61066559840112
937133,937.133,18.07,291.21999999999997,1019.79,1.2199218225566715,-54.2795490036602
937331,937.331,18.09,291.23999999999995,1019.81,1.219861971543165,-54.4451086156818
937483,937.483,18.09,291.23999999999995,1019.81,1.219861971543165,-54.4451086156818
937634,937.634,18.09,291.23999999999995,1019.8,1.2198500098839191,-54.362329138342396
937785,937.785,18.09,291.23999999999995,1019.82,1.2198739332024107,-54.52788743570794
937936,937.936,18.1,291.25,1019.77,1.219772242876142,-54.113986762228045
938088,938.088,18.1,291.25,1019.78,1.2197842041246871,-54.19676821162536
938238,938.238,18.11,291.26,1019.78,1.2197423245598953,-54.19676821162536
938390,938.39,18.11,291.26,1019.81,1.2197782070735126,-54.4451086156818
938544,938.544,18.11,291.26,1019.79,1.2197542853977676,-54.2795490036602
938695,938.695,18.12,291.27,1019.83,1.2197602500068967,-54.61066559840112
938846,938.846,18.12,291.27,1019.8,1.2197243687252124,-54.362329138342396
938997,938.997,18.12,291.27,1019.81,1.2197363291524406,-54.4451086156818
939149,939.149,18.13,291.28,1019.79,1.219670534073585,-54.2795490036602
939299,939.299,18.13,291.28,1019.84,1.219730334156645,-54.693443103800725
939451,939.451,18.13,291.28,1019.8,1.219682494090197,-54.362329138342396
939612,939.612,18.14,291.28999999999996,1019.82,1.2196645415423464,-54.52788743570794
939763,939.763,18.14,291.28999999999996,1019.82,1.2196645415423464,-54.52788743570794
939915,939.915,18.14,291.28999999999996,1019.83,1.2196765011483706,-54.61066559840112
940066,940.066,18.14,291.28999999999996,1019.82,1.2196645415423464,-54.52788743570794
940217,940.217,18.14,291.28999999999996,1019.78,1.2196167031182503,-54.19676821162536
940368,940.368,18.14,291.28999999999996,1019.78,1.2196167031182503,-54.19676821162536
940520,940.52,18.15,291.29999999999995,1019.83,1.2196346310316128,-54.61066559840112
940670,940.67,18.15,291.29999999999995,1019.78,1.2195748350542917,-54.19676821162536
940824,940.824,18.15,291.29999999999995,1019.78,1.2195748350542917,-54.19676821162536
940976,940.976,18.15,291.29999999999995,1019.79,1.2195867942497558,-54.2795490036602
941127,941.127,18.16,291.31,1019.81,1.2195688462195988,-54.4451086156818
941279,941.279,18.16,291.31,1019.76,1.2195090522949354,-54.031204655468244
941429,941.429,18.16,291.31,1019.8,1.219556887434666,-54.362329138342396
941581,941.581,18.17,291.32,1019.82,1.219538941047199,-54.52788743570794
941732,941.732,18.17,291.32,1019.81,1.21952698267277,-54.4451086156818
941883,941.883,18.17,291.32,1019.78,1.219491107549482,-54.19676821162536
942045,942.045,18.17,291.32,1019.8,1.2195150242983406,-54.362329138342396
942195,942.195,18.17,291.32,1019.8,1.2195150242983406,-54.362329138342396
942347,942.347,18.17,291.32,1019.8,1.2195150242983406,-54.362329138342396
942498,942.498,18.18,291.33,1019.79,1.2194612060719936,-54.2795490036602
942649,942.649,18.18,291.33,1019.79,1.2194612060719936,-54.2795490036602
942800,942.8,18.18,291.33,1019.8,1.2194731640359475,-54.362329138342396
942952,942.952,18.18,291.33,1019.8,1.2194731640359475,-54.362329138342396
943105,943.105,18.18,291.33,1019.78,1.2194492481080395,-54.19676821162536
943257,943.257,18.18,291.33,1019.81,1.2194851219999017,-54.4451086156818
943408,943.408,18.19,291.34,1019.82,1.219455221754205,-54.52788743570794
943596,943.596,18.18,291.33,1019.77,1.2194372901440853,-54.113986762228045
943748,943.748,18.19,291.34,1019.78,1.2194073915401769,-54.19676821162536
943898,943.898,18.19,291.34,1019.81,1.2194432642006978,-54.4451086156818
944050,944.05,18.19,291.34,1019.77,1.2193954339866697,-54.113986762228045
944201,944.201,18.19,291.34,1019.8,1.219431306647191,-54.362329138342396
944362,944.362,18.19,291.34,1019.8,1.219431306647191,-54.362329138342396
944513,944.513,18.19,291.34,1019.8,1.219431306647191,-54.362329138342396
944664,944.664,18.19,291.34,1019.82,1.219455221754205,-54.52788743570794
944816,944.816,18.19,291.34,1019.8,1.219431306647191,-54.362329138342396
944967,944.967,18.19,291.34,1019.8,1.219431306647191,-54.362329138342396
945119,945.119,18.19,291.34,1019.8,1.219431306647191,-54.362329138342396
945269,945.269,18.2,291.34999999999997,1019.82,1.2194133664179514,-54.52788743570794
945421,945.421,18.2,291.34999999999997,1019.78,1.2193655378455985,-54.19676821162536
945574,945.574,18.19,291.34,1019.82,1.219455221754205,-54.52788743570794
945763,945.763,18.19,291.34,1019.78,1.2194073915401769,-54.19676821162536
945914,945.914,18.19,291.34,1019.83,1.219467179307712,-54.61066559840112
946065,946.065,18.19,291.34,1019.79,1.2194193490936838,-54.2795490036602
946216,946.216,18.19,291.34,1019.79,1.2194193490936838,-54.2795490036602
946368,946.368,18.19,291.34,1019.78,1.2194073915401769,-54.19676821162536
946518,946.518,18.19,291.34,1019.8,1.219431306647191,-54.362329138342396
946680,946.68,18.2,291.34999999999997,1019.82,1.2194133664179514,-54.52788743570794
946831,946.831,18.2,291.34999999999997,1019.82,1.2194133664179514,-54.52788743570794
946982,946.982,18.2,291.34999999999997,1019.82,1.2194133664179514,-54.52788743570794
947134,947.134,18.2,291.34999999999997,1019.8,1.219389452131775,-54.362329138342396
947285,947.285,18.2,291.34999999999997,1019.81,1.219401409274863,-54.4451086156818
947436,947.436,18.2,291.34999999999997,1019.79,1.2193774949886869,-54.2795490036602
947588,947.588,18.21,291.35999999999996,1019.81,1.219359557222101,-54.4451086156818
947739,947.739,18.21,291.35999999999996,1019.79,1.219335643756706,-54.2795490036602
947893,947.893,18.21,291.35999999999996,1019.79,1.219335643756706,-54.2795490036602
948044,948.044,18.21,291.35999999999996,1019.79,1.219335643756706,-54.2795490036602
948195,948.195,18.21,291.35999999999996,1019.79,1.219335643756706,-54.2795490036602
948346,948.346,18.21,291.35999999999996,1019.79,1.219335643756706,-54.2795490036602
948498,948.498,18.21,291.35999999999996,1019.77,1.219311730291311,-54.113986762228045
948649,948.649,18.21,291.35999999999996,1019.75,1.219287816825916,-53.94842189130659
948800,948.8,18.21,291.35999999999996,1019.79,1.219335643756706,-54.2795490036602
948951,948.951,18.22,291.37,1019.78,1.2192818390751108,-54.19676821162536
949112,949.112,18.22,291.37,1019.79,1.2192937953974459,-54.2795490036602
949264,949.264,18.21,291.35999999999996,1019.8,1.2193476004894035,-54.362329138342396
949415,949.415,18.22,291.37,1019.77,1.219269882752776,-54.113986762228045
949567,949.567,18.22,291.37,1019.81,1.2193177080421158,-54.4451086156818
949717,949.717,18.22,291.37,1019.81,1.2193177080421158,-54.4451086156818
949869,949.869,18.23,291.38,1019.8,1.2192639058226116,-54.362329138342396
950021,950.021,18.23,291.38,1019.8,1.2192639058226116,-54.362329138342396
950174,950.174,18.22,291.37,1019.79,1.2192937953974459,-54.2795490036602
950326,950.326,18.23,291.38,1019.81,1.2192758617346122,-54.4451086156818
950477,950.477,18.23,291.38,1019.78,1.2192399939986105,-54.19676821162536
950628,950.628,18.23,291.38,1019.79,1.219251949910611,-54.2795490036602
950779,950.779,18.23,291.38,1019.82,1.2192878176466129,-54.52788743570794
950931,950.931,18.23,291.38,1019.81,1.2192758617346122,-54.4451086156818
951082,951.082,18.23,291.38,1019.8,1.2192639058226116,-54.362329138342396
951233,951.233,18.23,291.38,1019.8,1.2192639058226116,-54.362329138342396
951395,951.395,18.23,291.38,1019.79,1.219251949910611,-54.2795490036602
951545,951.545,18.23,291.38,1019.78,1.2192399939986105,-54.19676821162536
951697,951.697,18.23,291.38,1019.8,1.2192639058226116,-54.362329138342396
951848,951.848,18.23,291.38,1019.77,1.2192280380866098,-54.113986762228045
952000,952.0,18.23,291.38,1019.8,1.2192639058226116,-54.362329138342396
952150,952.15,18.23,291.38,1019.81,1.2192758617346122,-54.4451086156818
952302,952.302,18.24,291.39,1019.81,1.219234018299294,-54.4451086156818
952456,952.456,18.24,291.39,1019.8,1.2192220627975996,-54.362329138342396
952607,952.607,18.24,291.39,1019.79,1.2192101072959052,-54.2795490036602
952759,952.759,18.24,291.39,1019.78,1.2191981517942108,-54.19676821162536
952910,952.91,18.24,291.39,1019.8,1.2192220627975996,-54.362329138342396
953062,953.062,18.24,291.39,1019.81,1.219234018299294,-54.4451086156818
953249,953.249,18.24,291.39,1019.82,1.2192459738009884,-54.52788743570794
953401,953.401,18.25,291.4,1019.81,1.2191921777358659,-54.4451086156818
953552,953.552,18.25,291.4,1019.82,1.2192041328272825,-54.52788743570794
953713,953.713,18.25,291.4,1019.8,1.2191802226444495,-54.362329138342396
953865,953.865,18.25,291.4,1019.8,1.2191802226444495,-54.362329138342396
954016,954.016,18.25,291.4,1019.8,1.2191802226444495,-54.362329138342396
954168,954.168,18.25,291.4,1019.79,1.219168267553033,-54.2795490036602
954355,954.355,18.25,291.4,1019.78,1.2191563124616167,-54.19676821162536
954507,954.507,18.25,291.4,1019.82,1.2192041328272825,-54.52788743570794
954658,954.658,18.25,291.4,1019.81,1.2191921777358659,-54.4451086156818
954809,954.809,18.25,291.4,1019.78,1.2191563124616167,-54.19676821162536
954963,954.963,18.25,291.4,1019.81,1.2191921777358659,-54.4451086156818
955114,955.114,18.26,291.40999999999997,1019.8,1.2191383853628652,-54.362329138342396
955265,955.265,18.26,291.40999999999997,1019.81,1.2191503400440318,-54.4451086156818
955417,955.417,18.26,291.40999999999997,1019.8,1.2191383853628652,-54.362329138342396
955569,955.569,18.26,291.40999999999997,1019.8,1.2191383853628652,-54.362329138342396
955719,955.719,18.26,291.40999999999997,1019.78,1.2191144760005324,-54.19676821162536
955871,955.871,18.26,291.40999999999997,1019.79,1.2191264306816987,-54.2795490036602
956032,956.032,18.26,291.40999999999997,1019.8,1.2191383853628652,-54.362329138342396
956183,956.183,18.26,291.40999999999997,1019.78,1.2191144760005324,-54.19676821162536
956335,956.335,18.26,291.40999999999997,1019.8,1.2191383853628652,-54.362329138342396
956486,956.486,18.27,291.41999999999996,1019.8,1.2190965509525518,-54.362329138342396
956638,956.638,18.27,291.41999999999996,1019.8,1.2190965509525518,-54.362329138342396
956788,956.788,18.27,291.41999999999996,1019.8,1.2190965509525518,-54.362329138342396
956940,956.94,18.27,291.41999999999996,1019.8,1.2190965509525518,-54.362329138342396
957091,957.091,18.26,291.40999999999997,1019.79,1.2191264306816987,-54.2795490036602
957245,957.245,18.27,291.41999999999996,1019.78,1.2190726424106622,-54.19676821162536
957396,957.396,18.27,291.41999999999996,1019.79,1.2190845966816068,-54.2795490036602
957548,957.548,18.27,291.41999999999996,1019.8,1.2190965509525518,-54.362329138342396
957698,957.698,18.27,291.41999999999996,1019.77,1.2190606881397172,-54.113986762228045
957850,957.85,18.27,291.41999999999996,1019.82,1.2191204594944414,-54.52788743570794
958002,958.002,18.28,291.42999999999995,1019.82,1.2190786271347154,-54.52788743570794
958153,958.153,18.27,291.41999999999996,1019.77,1.2190606881397172,-54.113986762228045
958305,958.305,18.28,291.42999999999995,1019.8,1.2190547194132129,-54.362329138342396
958465,958.465,18.28,291.42999999999995,1019.8,1.2190547194132129,-54.362329138342396
958617,958.617,18.28,291.42999999999995,1019.79,1.2190427655524616,-54.2795490036602
958769,958.769,18.29,291.44,1019.81,1.219024844195139,-54.4451086156818
958920,958.92,18.28,291.42999999999995,1019.81,1.2190666732739641,-54.4451086156818
959071,959.071,18.28,291.42999999999995,1019.81,1.2190666732739641,-54.4451086156818
959222,959.222,18.28,291.42999999999995,1019.79,1.2190427655524616,-54.2795490036602
959374,959.374,18.29,291.44,1019.82,1.2190367976457248,-54.52788743570794
959527,959.527,18.29,291.44,1019.8,1.2190128907445532,-54.362329138342396
959679,959.679,18.29,291.44,1019.8,1.2190128907445532,-54.362329138342396
959830,959.83,18.29,291.44,1019.8,1.2190128907445532,-54.362329138342396
959982,959.982,18.29,291.44,1019.81,1.219024844195139,-54.4451086156818
960133,960.133,18.29,291.44,1019.8,1.2190128907445532,-54.362329138342396
960284,960.284,18.29,291.44,1019.78,1.2189889838433816,-54.19676821162536
960436,960.436,18.29,291.44,1019.77,1.2189770303927956,-54.113986762228045
960587,960.587,18.3,291.45,1019.78,1.2189471588653802,-54.19676821162536
960748,960.748,18.3,291.45,1019.8,1.2189710649462775,-54.362329138342396
960900,960.9,18.3,291.45,1019.82,1.2189949710271746,-54.52788743570794
961051,961.051,18.3,291.45,1019.77,1.2189352058249316,-54.113986762228045
961202,961.202,18.3,291.45,1019.81,1.218983017986726,-54.4451086156818
961353,961.353,18.3,291.45,1019.81,1.218983017986726,-54.4451086156818
961505,961.505,18.3,291.45,1019.82,1.2189949710271746,-54.52788743570794
961656,961.656,18.3,291.45,1019.79,1.218959111905829,-54.2795490036602
961808,961.808,18.3,291.45,1019.8,1.2189710649462775,-54.362329138342396
961961,961.961,18.3,291.45,1019.8,1.2189710649462775,-54.362329138342396
962113,962.113,18.3,291.45,1019.82,1.2189949710271746,-54.52788743570794
962263,962.263,18.3,291.45,1019.8,1.2189710649462775,-54.362329138342396
962415,962.415,18.3,291.45,1019.81,1.218983017986726,-54.4451086156818
962567,962.567,18.3,291.45,1019.8,1.2189710649462775,-54.362329138342396
962718,962.718,18.3,291.45,1019.8,1.2189710649462775,-54.362329138342396
962942,962.942,18.3,291.45,1019.83,1.2190069240676231,-54.61066559840112
963104,963.104,18.3,291.45,1019.81,1.218983017986726,-54.4451086156818
963256,963.256,18.3,291.45,1019.79,1.218959111905829,-54.2795490036602
963407,963.407,18.3,291.45,1019.8,1.2189710649462775,-54.362329138342396
963558,963.558,18.31,291.46,1019.81,1.2189411946484299,-54.4451086156818
963709,963.709,18.31,291.46,1019.79,1.218917289387751,-54.2795490036602
963861,963.861,18.31,291.46,1019.83,1.2189650999091086,-54.61066559840112
964012,964.012,18.3,291.45,1019.81,1.218983017986726,-54.4451086156818
964164,964.164,18.31,291.46,1019.81,1.2189411946484299,-54.4451086156818
964318,964.318,18.31,291.46,1019.8,1.2189292420180904,-54.362329138342396
964469,964.469,18.31,291.46,1019.79,1.218917289387751,-54.2795490036602
964621,964.621,18.32,291.46999999999997,1019.8,1.218887421959696,-54.362329138342396
964772,964.772,18.31,291.46,1019.83,1.2189650999091086,-54.61066559840112
964923,964.923,18.31,291.46,1019.8,1.2189292420180904,-54.362329138342396
965074,965.074,18.32,291.46999999999997,1019.81,1.2188993741799545,-54.4451086156818
965226,965.226,18.31,291.46,1019.81,1.2189411946484299,-54.4451086156818
965377,965.377,18.32,291.46999999999997,1019.84,1.21893523084073,-54.693443103800725
965538,965.538,18.31,291.46,1019.8,1.2189292420180904,-54.362329138342396
965690,965.69,18.32,291.46999999999997,1019.81,1.2188993741799545,-54.4451086156818
965841,965.841,18.32,291.46999999999997,1019.8,1.218887421959696,-54.362329138342396
965993,965.993,18.32,291.46999999999997,1019.81,1.2188993741799545,-54.4451086156818
966144,966.144,18.32,291.46999999999997,1019.82,1.218911326400213,-54.52788743570794
966295,966.295,18.32,291.46999999999997,1019.82,1.218911326400213,-54.52788743570794
966447,966.447,18.32,291.46999999999997,1019.81,1.2188993741799545,-54.4451086156818
966601,966.601,18.32,291.46999999999997,1019.79,1.2188754697394375,-54.2795490036602
966752,966.752,18.32,291.46999999999997,1019.81,1.2188993741799545,-54.4451086156818
966903,966.903,18.32,291.46999999999997,1019.82,1.218911326400213,-54.52788743570794
967055,967.055,18.33,291.47999999999996,1019.83,1.2188814602014164,-54.61066559840112
967206,967.206,18.32,291.46999999999997,1019.82,1.218911326400213,-54.52788743570794
967358,967.358,18.33,291.47999999999996,1019.83,1.2188814602014164,-54.61066559840112
967509,967.509,18.33,291.47999999999996,1019.84,1.218893412011622,-54.693443103800725
967661,967.661,18.33,291.47999999999996,1019.83,1.2188814602014164,-54.61066559840112
967822,967.822,18.33,291.47999999999996,1019.82,1.2188695083912107,-54.52788743570794
967973,967.973,18.33,291.47999999999996,1019.82,1.2188695083912107,-54.52788743570794
968125,968.125,18.33,291.47999999999996,1019.8,1.2188456047707994,-54.362329138342396
968276,968.276,18.33,291.47999999999996,1019.81,1.2188575565810051,-54.4451086156818
968428,968.428,18.33,291.47999999999996,1019.81,1.2188575565810051,-54.4451086156818
968578,968.578,18.34,291.48999999999995,1019.83,1.2188396446516478,-54.61066559840112
968730,968.73,18.34,291.48999999999995,1019.82,1.218827693251467,-54.52788743570794
968885,968.885,18.34,291.48999999999995,1019.81,1.218815741851286,-54.4451086156818
969035,969.035,18.33,291.47999999999996,1019.83,1.2188814602014164,-54.61066559840112
969187,969.187,18.33,291.47999999999996,1019.81,1.2188575565810051,-54.4451086156818
969338,969.338,18.34,291.48999999999995,1019.84,1.2188515960518287,-54.693443103800725
969490,969.49,18.34,291.48999999999995,1019.79,1.218791839050924,-54.2795490036602
969641,969.641,18.34,291.48999999999995,1019.82,1.218827693251467,-54.52788743570794
969793,969.793,18.34,291.48999999999995,1019.83,1.2188396446516478,-54.61066559840112
969945,969.945,18.34,291.48999999999995,1019.82,1.218827693251467,-54.52788743570794
970105,970.105,18.34,291.48999999999995,1019.83,1.2188396446516478,-54.61066559840112
970257,970.257,18.34,291.48999999999995,1019.81,1.218815741851286,-54.4451086156818
970408,970.408,18.34,291.48999999999995,1019.8,1.218803790451105,-54.362329138342396
970560,970.56,18.34,291.48999999999995,1019.78,1.2187798876507432,-54.19676821162536
970711,970.711,18.34,291.48999999999995,1019.8,1.218803790451105,-54.362329138342396
970862,970.862,18.35,291.5,1019.83,1.2187978319708708,-54.61066559840112
971014,971.014,18.35,291.5,1019.83,1.2187978319708708,-54.61066559840112
971165,971.165,18.34,291.48999999999995,1019.82,1.218827693251467,-54.52788743570794
971356,971.356,18.35,291.5,1019.82,1.2187858809806864,-54.52788743570794
971507,971.507,18.34,291.48999999999995,1019.78,1.2187798876507432,-54.19676821162536
971659,971.659,18.34,291.48999999999995,1019.81,1.218815741851286,-54.4451086156818
971810,971.81,18.35,291.5,1019.8,1.2187619790003177,-54.362329138342396
971962,971.962,18.35,291.5,1019.78,1.218738077019949,-54.19676821162536
972113,972.113,18.35,291.5,1019.79,1.2187500280101333,-54.2795490036602
972265,972.265,18.35,291.5,1019.8,1.2187619790003177,-54.362329138342396
972426,972.426,18.35,291.5,1019.81,1.218773929990502,-54.4451086156818
972614,972.614,18.35,291.5,1019.83,1.2187978319708708,-54.61066559840112
972766,972.766,18.35,291.5,1019.81,1.218773929990502,-54.4451086156818
972817,972.817,18.35,291.5,1019.79,1.2187500280101333,-54.2795490036602
972833,972.833,18.35,291.5,1019.68,1.2186185671181053,-53.36892413446038
972855,972.855,18.35,291.5,1019.65,1.2185827141475523,-53.12055809101299
972865,972.865,18.35,291.5,1019.62,1.2185468611769994,-52.872186129935024
972876,972.876,18.35,291.5,1019.59,1.2185110082064463,-52.62380825092134
972879,972.879,18.35,291.5,1019.55,1.2184632042457089,-52.292628539341834
972887,972.887,18.35,291.5,1019.53,1.2184393022653401,-52.127034737817006
972895,972.895,18.35,291.5,1019.5,1.218403449294787,-51.87863910309638
972917,972.917,18.35,291.5,1019.49,1.2183914983046027,-51.79583924282472
972945,972.945,18.35,291.5,1019.46,1.2183556453340496,-51.54743571577757
972967,972.967,18.35,291.5,1019.44,1.2183317433536809,-51.38183007574327
973069,973.069,18.35,291.5,1019.43,1.2183197923634965,-51.29902626910163
973220,973.22,18.33,291.47999999999996,1019.07,1.217973122625788,-48.31765106387955
973371,973.371,18.31,291.46,1018.81,1.2177459316144839,-46.16390516722509
973522,973.522,18.29,291.44,1018.68,1.2176741042789385,-45.08686530322693
973677,973.677,18.28,291.42999999999995,1018.54,1.2175485329585545,-43.926851733846746
973829,973.829,18.28,291.42999999999995,1018.37,1.217345317325783,-42.51809022836101
973980,973.98,18.27,291.41999999999996,1018.29,1.2172914560398842,-41.855077740036606
974131,974.131,18.26,291.40999999999997,1018.31,1.2173571378690522,-42.020834816505136
974282,974.282,18.26,291.40999999999997,1018.29,1.217333228506719,-41.855077740036606
974434,974.434,18.26,291.40999999999997,1018.26,1.2172973644632195,-41.60643718202838
974585,974.585,18.26,291.40999999999997,1018.3,1.2173451831878856,-41.93795660782325
974737,974.737,18.25,291.4,1018.27,1.2173510936577403,-41.689318027158855
974898,974.898,18.25,291.4,1018.28,1.2173630487491567,-41.772198213155036
975049,975.049,18.24,291.39,1018.33,1.2174646040485189,-42.186589256653036
975201,975.201,18.24,291.39,1018.38,1.2175243815569912,-42.6009638237328
975352,975.352,18.23,291.38,1018.44,1.217637901790528,-43.09819155740149
975504,975.504,18.22,291.37,1018.54,1.2177992551055752,-43.926851733846746
975655,975.655,18.21,291.35999999999996,1018.61,1.2179247492984029,-44.50687465739509
975807,975.807,18.2,291.34999999999997,1018.69,1.218062209248988,-45.169718475091926
975961,975.961,18.19,291.34,1018.75,1.2181757635289525,-45.66682367532885
976112,976.112,18.18,291.33,1018.9,1.2183969472800813,-46.909482957435614
976264,976.264,18.17,291.32,1018.98,1.2185344375951392,-47.572174000171906
976415,976.415,18.16,291.31,1019.08,1.2186958549195133,-48.40047855762963
976567,976.567,18.14,291.28999999999996,1019.24,1.218970884392953,-49.725628953095644
976718,976.718,18.13,291.28,1019.32,1.2191084132928218,-50.38814098056004
976870,976.87,18.12,291.27,1019.61,1.2194971206078777,-52.789394161163045
977021,977.021,18.1,291.25,1019.69,1.2196765528877818,-53.45171150064174
977182,977.182,18.08,291.22999999999996,1019.66,1.2197244270427163,-53.20334742966569
977334,977.334,18.05,291.2,1019.78,1.2199936450938018,-54.19676821162536
977485,977.485,18.05,291.2,1019.8,1.2200175716984634,-54.362329138342396
977637,977.637,18.05,291.2,1019.8,1.2200175716984634,-54.362329138342396
977788,977.788,18.05,291.2,1019.81,1.2200295350007944,-54.4451086156818
977940,977.94,18.05,291.2,1019.83,1.220053461605456,-54.61066559840112
978091,978.091,18.05,291.2,1019.82,1.2200414983031251,-54.52788743570794
978243,978.243,18.05,291.2,1019.81,1.2200295350007944,-54.4451086156818
978397,978.397,18.05,291.2,1019.82,1.2200414983031251,-54.52788743570794
978548,978.548,18.04,291.19,1019.82,1.2200833967714209,-54.52788743570794
978700,978.7,18.04,291.19,1019.8,1.2200594693450757,-54.362329138342396
978851,978.851,18.04,291.19,1019.81,1.2200714330582483,-54.4451086156818
979003,979.003,18.03,291.17999999999995,1019.8,1.2201013698694714,-54.362329138342396
979153,979.153,18.03,291.17999999999995,1019.79,1.2200894057454286,-54.2795490036602
979305,979.305,18.02,291.16999999999996,1019.77,1.2201073796671236,-54.113986762228045
979467,979.467,18.01,291.15999999999997,1019.75,1.2201253548234612,-53.94842189130659
979618,979.618,17.99,291.14,1019.75,1.2202091719117913,-53.94842189130659
979770,979.77,17.96,291.10999999999996,1019.74,1.2203229521375432,-53.865638469762764
979958,979.958,17.95,291.09999999999997,1019.74,1.220364873228307,-53.865638469762764
980110,980.11,17.95,291.09999999999997,1019.68,1.2202930687561928,-53.36892413446038
980261,980.261,17.95,291.09999999999997,1019.7,1.2203170035802309,-53.53449820935234
980412,980.412,17.96,291.10999999999996,1019.68,1.2202511501320041,-53.36892413446038
980563,980.563,17.96,291.10999999999996,1019.67,1.220239183131081,-53.28613611080826
980718,980.718,17.96,291.10999999999996,1019.65,1.2202152491292346,-53.12055809101299
980870,980.87,17.97,291.12,1019.69,1.2202212009774884,-53.45171150064174
981021,981.021,17.97,291.12,1019.69,1.2202212009774884,-53.45171150064174
981173,981.173,17.97,291.12,1019.69,1.2202212009774884,-53.45171150064174
981324,981.324,17.97,291.12,1019.67,1.2201972677977775,-53.28613611080826
981476,981.476,17.97,291.12,1019.67,1.2201972677977775,-53.28613611080826
981627,981.627,17.96,291.10999999999996,1019.69,1.2202631171329272,-53.45171150064174
981779,981.779,17.96,291.10999999999996,1019.7,1.2202750841338506,-53.53449820935234
981940,981.94,17.97,291.12,1019.71,1.2202451341571996,-53.61728426061187
982091,982.091,17.97,291.12,1019.7,1.2202331675673441,-53.53449820935234
982280,982.28,17.97,291.12,1019.67,1.2201972677977775,-53.28613611080826
982431,982.431,17.97,291.12,1019.68,1.220209234387633,-53.36892413446038
982583,982.583,17.97,291.12,1019.69,1.2202212009774884,-53.45171150064174
982734,982.734,17.97,291.12,1019.69,1.2202212009774884,-53.45171150064174
982886,982.886,17.97,291.12,1019.68,1.220209234387633,-53.36892413446038
983039,983.039,17.97,291.12,1019.71,1.2202451341571996,-53.61728426061187
983191,983.191,17.96,291.10999999999996,1019.72,1.2202990181356967,-53.700069654420325
983343,983.343,17.95,291.09999999999997,1019.68,1.2202930687561928,-53.36892413446038
983494,983.494,17.95,291.09999999999997,1019.7,1.2203170035802309,-53.53449820935234
983646,983.646,17.95,291.09999999999997,1019.7,1.2203170035802309,-53.53449820935234
983797,983.797,17.95,291.09999999999997,1019.68,1.2202930687561928,-53.36892413446038
983949,983.949,17.95,291.09999999999997,1019.69,1.220305036168212,-53.45171150064174
984100,984.1,17.95,291.09999999999997,1019.68,1.2202930687561928,-53.36892413446038
984261,984.261,17.93,291.08,1019.68,1.22037691464521,-53.36892413446038
984413,984.413,17.94,291.09,1019.68,1.2203349902604959,-53.36892413446038
984564,984.564,17.93,291.08,1019.67,1.2203649464109145,-53.28613611080826
984716,984.716,17.92,291.07,1019.68,1.220418841910632,-53.36892413446038
984867,984.867,17.91,291.06,1019.67,1.2204488030003744,-53.28613611080826
985019,985.019,17.9,291.04999999999995,1019.7,1.2205266440206328,-53.53449820935234
985170,985.17,17.89,291.03999999999996,1019.73,1.2206044903900544,-53.78285439079739
985325,985.325,17.89,291.03999999999996,1019.69,1.2205566108733044,-53.45171150064174
985476,985.476,17.88,291.03,1019.7,1.2206105203663031,-53.53449820935234
985627,985.627,17.87,291.02,1019.69,1.220640492160561,-53.45171150064174
985779,985.779,17.87,291.02,1019.68,1.220628521458758,-53.36892413446038
985930,985.93,17.86,291.01,1019.71,1.2207063793541248,-53.61728426061187
986083,986.083,17.86,291.01,1019.71,1.2207063793541248,-53.61728426061187
986234,986.234,17.87,291.02,1019.72,1.2206764042659703,-53.700069654420325
986386,986.386,17.88,291.03,1019.7,1.2206105203663031,-53.53449820935234
986547,986.547,17.89,291.03999999999996,1019.69,1.2205566108733044,-53.45171150064174
986698,986.698,17.9,291.04999999999995,1019.7,1.2205266440206328,-53.53449820935234
986850,986.85,17.9,291.04999999999995,1019.66,1.2204787661489442,-53.20334742966569
987001,987.001,17.9,291.04999999999995,1019.66,1.2204787661489442,-53.20334742966569
987153,987.153,17.9,291.04999999999995,1019.68,1.2205027050847885,-53.36892413446038
987304,987.304,17.89,291.03999999999996,1019.69,1.2205566108733044,-53.45171150064174
987456,987.456,17.89,291.03999999999996,1019.66,1.2205207012357417,-53.20334742966569
987607,987.607,17.89,291.03999999999996,1019.65,1.2205087313565541,-53.12055809101299
987761,987.761,17.89,291.03999999999996,1019.71,1.2205805506316794,-53.61728426061187
987913,987.913,17.89,291.03999999999996,1019.67,1.2205326711149294,-53.28613611080826
988064,988.064,17.89,291.03999999999996,1019.69,1.2205566108733044,-53.45171150064174
988216,988.216,17.89,291.03999999999996,1019.72,1.220592520510867,-53.700069654420325
988367,988.367,17.89,291.03999999999996,1019.69,1.2205566108733044,-53.45171150064174
988556,988.556,17.88,291.03,1019.69,1.2205985500758219,-53.45171150064174
988707,988.707,17.88,291.03,1019.66,1.2205626392043782,-53.20334742966569
988878,988.878,17.88,291.03,1019.67,1.2205746094948595,-53.28613611080826
989030,989.03,17.88,291.03,1019.68,1.2205865797853408,-53.36892413446038
989181,989.181,17.87,291.02,1019.68,1.220628521458758,-53.36892413446038
989333,989.333,17.87,291.02,1019.66,1.2206045800551517,-53.20334742966569
989484,989.484,17.87,291.02,1019.67,1.2206165507569549,-53.28613611080826
989636,989.636,17.87,291.02,1019.68,1.220628521458758,-53.36892413446038
989788,989.788,17.87,291.02,1019.67,1.2206165507569549,-53.28613611080826
989939,989.939,17.87,291.02,1019.66,1.2206045800551517,-53.20334742966569
990093,990.093,17.87,291.02,1019.67,1.2206165507569549,-53.28613611080826
990244,990.244,17.87,291.02,1019.65,1.2205926093533486,-53.12055809101299
990396,990.396,17.87,291.02,1019.68,1.220628521458758,-53.36892413446038
990547,990.547,17.86,291.01,1019.68,1.220670466014665,-53.36892413446038
990699,990.699,17.86,291.01,1019.68,1.220670466014665,-53.36892413446038
990850,990.85,17.85,291.0,1019.66,1.2206884704042964,-53.20334742966569
991002,991.002,17.84,290.98999999999995,1019.65,1.2207184479673239,-53.12055809101299
991154,991.154,17.85,291.0,1019.67,1.220700441928828,-53.28613611080826
991315,991.315,17.85,291.0,1019.69,1.2207243849778915,-53.45171150064174
991469,991.469,17.84,290.98999999999995,1019.71,1.2207902795829548,-53.61728426061187
991623,991.623,17.84,290.98999999999995,1019.72,1.2208022515188932,-53.700069654420325
991776,991.776,17.83,290.97999999999996,1019.73,1.2208561787171677,-53.78285439079739
991967,991.967,17.83,290.97999999999996,1019.7,1.2208202616750472,-53.53449820935234
992120,992.12,17.82,290.96999999999997,1019.7,1.2208622185868139,-53.53449820935234
992274,992.274,17.82,290.96999999999997,1019.66,1.2208143275514667,-53.20334742966569
992429,992.429,17.81,290.96,1019.7,1.2209041783826133,-53.53449820935234
992584,992.584,17.81,290.96,1019.68,1.2208802320419567,-53.36892413446038
992738,992.738,17.8,290.95,1019.65,1.2208862731535024,-53.12055809101299
992890,992.89,17.8,290.95,1019.66,1.2208982467353506,-53.20334742966569
993045,993.045,17.79,290.94,1019.68,1.2209641586407083,-53.36892413446038
993199,993.199,17.78,290.92999999999995,1019.71,1.2210420494821572,-53.61728426061187
993352,993.352,17.79,290.94,1019.72,1.2210120546142937,-53.700069654420325
993506,993.506,17.78,290.92999999999995,1019.68,1.2210061262672387,-53.36892413446038
993742,993.742,17.78,290.92999999999995,1019.7,1.2210300750771843,-53.53449820935234
993896,993.896,17.78,290.92999999999995,1019.68,1.2210061262672387,-53.36892413446038
994049,994.049,17.77,290.91999999999996,1019.69,1.2210600715955124,-53.45171150064174
994203,994.203,17.77,290.91999999999996,1019.7,1.2210720464120899,-53.53449820935234
994357,994.357,17.76,290.90999999999997,1019.69,1.2211020454043053,-53.45171150064174
994510,994.51,17.76,290.90999999999997,1019.67,1.2210780949478843,-53.28613611080826
994664,994.664,17.76,290.90999999999997,1019.67,1.2210780949478843,-53.28613611080826
994817,994.817,17.76,290.90999999999997,1019.67,1.2210780949478843,-53.28613611080826
994973,994.973,17.76,290.90999999999997,1019.69,1.2211020454043053,-53.45171150064174
995127,995.127,17.75,290.9,1019.68,1.2211320464590159,-53.36892413446038
995280,995.28,17.75,290.9,1019.66,1.221108095179272,-53.20334742966569
995434,995.434,17.75,290.9,1019.68,1.2211320464590159,-53.36892413446038
995589,995.589,17.74,290.89,1019.68,1.221174025627996,-53.36892413446038
995742,995.742,17.74,290.89,1019.69,1.2211860016795575,-53.45171150064174
995896,995.896,17.73,290.88,1019.71,1.2212519370731707,-53.61728426061187
996059,996.059,17.72,290.87,1019.71,1.2212939232504003,-53.61728426061187
996212,996.212,17.72,290.87,1019.68,1.221257992625323,-53.36892413446038
996366,996.366,17.72,290.87,1019.68,1.221257992625323,-53.36892413446038
996520,996.52,17.72,290.87,1019.66,1.2212340388752716,-53.20334742966569
996674,996.674,17.71,290.85999999999996,1019.67,1.2212880031674653,-53.28613611080826
996828,996.828,17.71,290.85999999999996,1019.67,1.2212880031674653,-53.28613611080826
996981,996.981,17.71,290.85999999999996,1019.68,1.2212999804542657,-53.36892413446038
997135,997.135,17.71,290.85999999999996,1019.71,1.2213359123146665,-53.61728426061187
997290,997.29,17.72,290.87,1019.7,1.2212819463753746,-53.53449820935234
997444,997.444,17.72,290.87,1019.7,1.2212819463753746,-53.53449820935234
997598,997.598,17.72,290.87,1019.66,1.2212340388752716,-53.20334742966569
997751,997.751,17.73,290.88,1019.68,1.2212160076833323,-53.36892413446038
997905,997.905,17.73,290.88,1019.67,1.2212040312200527,-53.28613611080826
998058,998.058,17.73,290.88,1019.7,1.2212399606098912,-53.53449820935234
998213,998.213,17.73,290.88,1019.66,1.2211920547567732,-53.20334742966569
998367,998.367,17.73,290.88,1019.67,1.2212040312200527,-53.28613611080826
998529,998.529,17.73,290.88,1019.66,1.2211920547567732,-53.20334742966569
998683,998.683,17.73,290.88,1019.65,1.2211800782934938,-53.12055809101299
998837,998.837,17.74,290.89,1019.68,1.221174025627996,-53.36892413446038
998990,998.99,17.74,290.89,1019.67,1.2211620495764344,-53.28613611080826
999144,999.144,17.73,290.88,1019.66,1.2211920547567732,-53.20334742966569
999297,999.297,17.74,290.89,1019.65,1.2211380974733113,-53.12055809101299
999451,999.451,17.73,290.88,1019.66,1.2211920547567732,-53.20334742966569
999608,999.608,17.73,290.88,1019.65,1.2211800782934938,-53.12055809101299
999761,999.761,17.73,290.88,1019.66,1.2211920547567732,-53.20334742966569
999915,999.915,17.72,290.87,1019.68,1.221257992625323,-53.36892413446038
1000069,1000.069,17.71,290.85999999999996,1019.67,1.2212880031674653,-53.28613611080826
1000222,1000.222,17.72,290.87,1019.72,1.221305900125426,-53.700069654420325
1000376,1000.376,17.72,290.87,1019.69,1.2212699695003488,-53.45171150064174
1000529,1000.529,17.71,290.85999999999996,1019.69,1.221311957741066,-53.45171150064174
1000684,1000.684,17.7,290.84999999999997,1019.69,1.2213539488690612,-53.45171150064174
1000847,1000.847,17.69,290.84,1019.71,1.221419899105501,-53.61728426061187
1001000,1001.0,17.68,290.83,1019.67,1.2214139827434893,-53.28613611080826
1001155,1001.155,17.67,290.82,1019.69,1.2214799395796934,-53.45171150064174
1001309,1001.309,17.65,290.79999999999995,1019.72,1.2215998871027605,-53.700069654420325
1001462,1001.462,17.65,290.79999999999995,1019.69,1.221563947828633,-53.45171150064174
1001616,1001.616,17.64,290.78999999999996,1019.72,1.2216418967965978,-53.700069654420325
1001769,1001.769,17.63,290.78,1019.7,1.2216599482158512,-53.53449820935234
1001926,1001.926,17.63,290.78,1019.71,1.2216719287978677,-53.61728426061187
1002080,1002.08,17.63,290.78,1019.76,1.22173183170795,-54.031204655468244
1002233,1002.233,17.62,290.77,1019.73,1.2217379058469628,-53.78285439079739
1002424,1002.424,17.62,290.77,1019.71,1.221713943858871,-53.61728426061187
1002580,1002.58,17.62,290.77,1019.7,1.2217019628648251,-53.53449820935234
1002770,1002.77,17.61,290.76,1019.7,1.2217439804037873,-53.53449820935234
1002925,1002.925,17.61,290.76,1019.7,1.2217439804037873,-53.53449820935234
1003115,1003.115,17.61,290.76,1019.71,1.2217559618098912,-53.61728426061187
1003282,1003.282,17.6,290.75,1019.72,1.2218099644694158,-53.700069654420325
1003435,1003.435,17.6,290.75,1019.68,1.2217620371966558,-53.36892413446038
1003627,1003.627,17.6,290.75,1019.7,1.221786000833036,-53.53449820935234
1003781,1003.781,17.6,290.75,1019.69,1.2217740190148458,-53.45171150064174
1003934,1003.934,17.6,290.75,1019.71,1.2217979826512257,-53.61728426061187
1004088,1004.088,17.6,290.75,1019.7,1.221786000833036,-53.53449820935234
1004241,1004.241,17.6,290.75,1019.67,1.221750055378466,-53.28613611080826
1004398,1004.398,17.59,290.73999999999995,1019.7,1.2218280241528694,-53.53449820935234
1004552,1004.552,17.59,290.73999999999995,1019.69,1.2218160419225648,-53.45171150064174
1004705,1004.705,17.59,290.73999999999995,1019.69,1.2218160419225648,-53.45171150064174
1004859,1004.859,17.58,290.72999999999996,1019.67,1.2218341024362431,-53.28613611080826
1005012,1005.012,17.58,290.72999999999996,1019.71,1.221882033006033,-53.61728426061187
1005166,1005.166,17.58,290.72999999999996,1019.71,1.221882033006033,-53.61728426061187
1005320,1005.32,17.58,290.72999999999996,1019.7,1.2218700503635855,-53.53449820935234
1005473,1005.473,17.57,290.71999999999997,1019.72,1.2219360455747204,-53.700069654420325
1005637,1005.637,17.57,290.71999999999997,1019.72,1.2219360455747204,-53.700069654420325
1005791,1005.791,17.55,290.7,1019.71,1.2220081302230614,-53.61728426061187
1005945,1005.945,17.56,290.71,1019.71,1.2219660949256783,-53.61728426061187
1006099,1006.099,17.55,290.7,1019.7,1.2219961463440152,-53.53449820935234
1006252,1006.252,17.56,290.71,1019.69,1.2219421279920417,-53.45171150064174
1006406,1006.406,17.55,290.7,1019.7,1.2219961463440152,-53.53449820935234
1006560,1006.56,17.55,290.7,1019.69,1.221984162464969,-53.45171150064174
1006716,1006.716,17.55,290.7,1019.7,1.2219961463440152,-53.53449820935234
1006870,1006.87,17.55,290.7,1019.72,1.2220201141021076,-53.700069654420325
1007024,1007.024,17.55,290.7,1019.71,1.2220081302230614,-53.61728426061187
1007177,1007.177,17.55,290.7,1019.73,1.2220320979811539,-53.78285439079739
1007331,1007.331,17.55,290.7,1019.71,1.2220081302230614,-53.61728426061187
1007484,1007.484,17.55,290.7,1019.68,1.2219721785859228,-53.36892413446038
1007638,1007.638,17.55,290.7,1019.7,1.2219961463440152,-53.53449820935234
1007793,1007.793,17.55,290.7,1019.69,1.221984162464969,-53.45171150064174
1007955,1007.955,17.55,290.7,1019.71,1.2220081302230614,-53.61728426061187
1008110,1008.11,17.58,290.72999999999996,1019.71,1.221882033006033,-53.61728426061187
1008264,1008.264,17.6,290.75,1019.7,1.221786000833036,-53.53449820935234
1008417,1008.417,17.62,290.77,1019.7,1.2217019628648251,-53.53449820935234
1008571,1008.571,17.61,290.76,1019.71,1.2217559618098912,-53.61728426061187
1008724,1008.724,17.61,290.76,1019.74,1.2217919060282025,-53.865638469762764
1008878,1008.878,17.61,290.76,1019.75,1.2218038874343062,-53.94842189130659
1009035,1009.035,17.6,290.75,1019.73,1.2218219462876059,-53.78285439079739
1009188,1009.188,17.6,290.75,1019.73,1.2218219462876059,-53.78285439079739
1009342,1009.342,17.59,290.73999999999995,1019.69,1.2218160419225648,-53.45171150064174
1009495,1009.495,17.59,290.73999999999995,1019.72,1.2218519886134784,-53.700069654420325
1009650,1009.65,17.59,290.73999999999995,1019.73,1.221863970843783,-53.78285439079739
1009804,1009.804,17.59,290.73999999999995,1019.74,1.2218759530740875,-53.865638469762764
1009957,1009.957,17.59,290.73999999999995,1019.73,1.221863970843783,-53.78285439079739
1010111,1010.111,17.59,290.73999999999995,1019.74,1.2218759530740875,-53.865638469762764
1010275,1010.275,17.59,290.73999999999995,1019.73,1.221863970843783,-53.78285439079739
1010428,1010.428,17.58,290.72999999999996,1019.71,1.221882033006033,-53.61728426061187
1010582,1010.582,17.59,290.73999999999995,1019.69,1.2218160419225648,-53.45171150064174
1010736,1010.736,17.59,290.73999999999995,1019.73,1.221863970843783,-53.78285439079739
1010890,1010.89,17.59,290.73999999999995,1019.73,1.221863970843783,-53.78285439079739
1011044,1011.044,17.59,290.73999999999995,1019.72,1.2218519886134784,-53.700069654420325
1011197,1011.197,17.59,290.73999999999995,1019.73,1.221863970843783,-53.78285439079739
1011351,1011.351,17.58,290.72999999999996,1019.71,1.221882033006033,-53.61728426061187
1011503,1011.503,17.58,290.72999999999996,1019.72,1.2218940156484803,-53.700069654420325
1011656,1011.656,17.57,290.71999999999997,1019.68,1.2218881133562456,-53.36892413446038
1011811,1011.811,17.57,290.71999999999997,1019.72,1.2219360455747204,-53.700069654420325
1012000,1012.0,17.56,290.71,1019.71,1.2219660949256783,-53.61728426061187
1012154,1012.154,17.56,290.71,1019.73,1.2219900618593147,-53.78285439079739
1012307,1012.307,17.56,290.71,1019.71,1.2219660949256783,-53.61728426061187
1012461,1012.461,17.55,290.7,1019.7,1.2219961463440152,-53.53449820935234
1012625,1012.625,17.55,290.7,1019.69,1.221984162464969,-53.45171150064174
1012778,1012.778,17.55,290.7,1019.69,1.221984162464969,-53.45171150064174
1012932,1012.932,17.54,290.69,1019.66,1.2219902469560364,-53.20334742966569
1013086,1013.086,17.55,290.7,1019.7,1.2219961463440152,-53.53449820935234
1013239,1013.239,17.54,290.69,1019.68,1.2220142155386415,-53.36892413446038
1013432,1013.432,17.55,290.7,1019.67,1.2219601947068766,-53.28613611080826
1013585,1013.585,17.54,290.69,1019.69,1.222026199829944,-53.45171150064174
1013739,1013.739,17.54,290.69,1019.66,1.2219902469560364,-53.20334742966569
1013896,1013.896,17.54,290.69,1019.68,1.2220142155386415,-53.36892413446038
1014049,1014.049,17.53,290.67999999999995,1019.67,1.2220442706800916,-53.28613611080826
1014203,1014.203,17.53,290.67999999999995,1019.7,1.2220802247908533,-53.53449820935234
1014357,1014.357,17.53,290.67999999999995,1019.68,1.222056255383679,-53.36892413446038
1014511,1014.511,17.53,290.67999999999995,1019.68,1.222056255383679,-53.36892413446038
1014665,1014.665,17.53,290.67999999999995,1019.7,1.2220802247908533,-53.53449820935234
1014818,1014.818,17.53,290.67999999999995,1019.71,1.2220922094944406,-53.61728426061187
1014982,1014.982,17.53,290.67999999999995,1019.69,1.222068240087266,-53.45171150064174
1015136,1015.136,17.53,290.67999999999995,1019.72,1.2221041941980277,-53.700069654420325
1015289,1015.289,17.52,290.66999999999996,1019.7,1.2221222683531332,-53.53449820935234
1015444,1015.444,17.52,290.66999999999996,1019.71,1.2221342534690334,-53.61728426061187
1015597,1015.597,17.52,290.66999999999996,1019.7,1.2221222683531332,-53.53449820935234
1015751,1015.751,17.52,290.66999999999996,1019.69,1.2221102832372328,-53.45171150064174
1015905,1015.905,17.52,290.66999999999996,1019.73,1.222158223700834,-53.78285439079739
1016058,1016.058,17.52,290.66999999999996,1019.71,1.2221342534690334,-53.61728426061187
1016215,1016.215,17.52,290.66999999999996,1019.66,1.2220743278895319,-53.20334742966569
1016369,1016.369,17.52,290.66999999999996,1019.7,1.2221222683531332,-53.53449820935234
1016522,1016.522,17.51,290.65999999999997,1019.7,1.2221643148083852,-53.53449820935234
1016677,1016.677,17.51,290.65999999999997,1019.69,1.2221523292801433,-53.45171150064174
1016830,1016.83,17.51,290.65999999999997,1019.66,1.2221163726954183,-53.20334742966569
1016984,1016.984,17.5,290.65,1019.72,1.2222303360381308,-53.700069654420325
1017138,1017.138,17.5,290.65,1019.69,1.2221943782162963,-53.45171150064174
1017301,1017.301,17.5,290.65,1019.71,1.2222183500975192,-53.61728426061187
1017455,1017.455,17.5,290.65,1019.72,1.2222303360381308,-53.700069654420325
1017609,1017.609,17.5,290.65,1019.69,1.2221943782162963,-53.45171150064174
1017763,1017.763,17.5,290.65,1019.73,1.2222423219787424,-53.78285439079739
1017917,1017.917,17.49,290.64,1019.74,1.2222963618110383,-53.865638469762764
1018070,1018.07,17.49,290.64,1019.72,1.222272389105019,-53.700069654420325
1018224,1018.224,17.48,290.63,1019.72,1.2223144450658319,-53.700069654420325
1018378,1018.378,17.48,290.63,1019.72,1.2223144450658319,-53.700069654420325
1018534,1018.534,17.48,290.63,1019.72,1.2223144450658319,-53.700069654420325
1018688,1018.688,17.47,290.62,1019.72,1.222356503920868,-53.700069654420325
1018842,1018.842,17.48,290.63,1019.76,1.2223623921275768,-54.031204655468244
1018996,1018.996,17.47,290.62,1019.73,1.2223684910987591,-53.78285439079739
1019150,1019.15,17.47,290.62,1019.73,1.2223684910987591,-53.78285439079739
1019303,1019.303,17.47,290.62,1019.72,1.222356503920868,-53.700069654420325
1019457,1019.457,17.47,290.62,1019.72,1.222356503920868,-53.700069654420325
1019621,1019.621,17.46,290.60999999999996,1019.73,1.2224105532608014,-53.78285439079739
1019774,1019.774,17.47,290.62,1019.74,1.2223804782766503,-53.865638469762764
1019929,1019.929,17.47,290.62,1019.73,1.2223684910987591,-53.78285439079739
1020083,1020.083,17.47,290.62,1019.77,1.2224164398103239,-54.113986762228045
1020236,1020.236,17.47,290.62,1019.77,1.2224164398103239,-54.113986762228045
1020390,1020.39,17.47,290.62,1019.75,1.2223924654545415,-53.94842189130659
1020544,1020.544,17.47,290.62,1019.74,1.2223804782766503,-53.865638469762764
1020735,1020.735,17.47,290.62,1019.74,1.2223804782766503,-53.865638469762764
1020891,1020.891,17.48,290.63,1019.74,1.2223384185967043,-53.865638469762764
1021045,1021.045,17.48,290.63,1019.73,1.222326431831268,-53.78285439079739
1021199,1021.199,17.48,290.63,1019.73,1.222326431831268,-53.78285439079739
1021352,1021.352,17.48,290.63,1019.77,1.222374378893013,-54.113986762228045
1021506,1021.506,17.48,290.63,1019.73,1.222326431831268,-53.78285439079739
1021660,1021.66,17.49,290.64,1019.76,1.2223203345170577,-54.031204655468244
1021814,1021.814,17.49,290.64,1019.74,1.2222963618110383,-53.865638469762764
1022014,1022.014,17.49,290.64,1019.72,1.222272389105019,-53.700069654420325
1022169,1022.169,17.49,290.64,1019.72,1.222272389105019,-53.700069654420325
1022322,1022.322,17.49,290.64,1019.72,1.222272389105019,-53.700069654420325
1022476,1022.476,17.49,290.64,1019.71,1.2222604027520092,-53.61728426061187
1022629,1022.629,17.5,290.65,1019.72,1.2222303360381308,-53.700069654420325
1022783,1022.783,17.5,290.65,1019.72,1.2222303360381308,-53.700069654420325
1022938,1022.938,17.5,290.65,1019.76,1.222278279800577,-54.031204655468244
1023091,1023.091,17.5,290.65,1019.74,1.2222543079193537,-53.865638469762764
1023285,1023.285,17.51,290.65999999999997,1019.74,1.222212256921352,-53.865638469762764
1023438,1023.438,17.51,290.65999999999997,1019.74,1.222212256921352,-53.865638469762764
1023592,1023.592,17.51,290.65999999999997,1019.72,1.2221882858648685,-53.700069654420325
1023746,1023.746,17.51,290.65999999999997,1019.74,1.222212256921352,-53.865638469762764
1023900,1023.9,17.51,290.65999999999997,1019.76,1.2222362279778354,-54.031204655468244
1024054,1024.054,17.51,290.65999999999997,1019.7,1.2221643148083852,-53.53449820935234
1024207,1024.207,17.51,290.65999999999997,1019.75,1.2222242424495937,-53.94842189130659
1024371,1024.371,17.51,290.65999999999997,1019.75,1.2222242424495937,-53.94842189130659
1024526,1024.526,17.51,290.65999999999997,1019.77,1.2222482135060773,-54.113986762228045
1024679,1024.679,17.51,290.65999999999997,1019.75,1.2222242424495937,-53.94842189130659
1024833,1024.833,17.52,290.66999999999996,1019.74,1.2221702088167343,-53.865638469762764
1024987,1024.987,17.52,290.66999999999996,1019.75,1.2221821939326345,-53.94842189130659
1025141,1025.141,17.52,290.66999999999996,1019.74,1.2221702088167343,-53.865638469762764
1025295,1025.295,17.52,290.66999999999996,1019.75,1.2221821939326345,-53.94842189130659
1025448,1025.448,17.52,290.66999999999996,1019.76,1.222194179048535,-54.031204655468244
1025605,1025.605,17.53,290.67999999999995,1019.76,1.2221521330123768,-54.031204655468244
1025759,1025.759,17.53,290.67999999999995,1019.73,1.222116178901615,-53.78285439079739
1025913,1025.913,17.53,290.67999999999995,1019.72,1.2221041941980277,-53.700069654420325
1026067,1026.067,17.53,290.67999999999995,1019.71,1.2220922094944406,-53.61728426061187
1026220,1026.22,17.54,290.69,1019.75,1.2220981055777593,-53.94842189130659
1026374,1026.374,17.54,290.69,1019.72,1.2220621527038515,-53.700069654420325
1026529,1026.529,17.54,290.69,1019.74,1.2220861212864567,-53.865638469762764
1026693,1026.693,17.54,290.69,1019.72,1.2220621527038515,-53.700069654420325
1026846,1026.846,17.54,290.69,1019.74,1.2220861212864567,-53.865638469762764
1027000,1027.0,17.54,290.69,1019.73,1.2220741369951542,-53.78285439079739
1027153,1027.153,17.54,290.69,1019.75,1.2220981055777593,-53.94842189130659
1027308,1027.308,17.54,290.69,1019.72,1.2220621527038515,-53.700069654420325
1027462,1027.462,17.54,290.69,1019.7,1.2220381841212467,-53.53449820935234
1027615,1027.615,17.55,290.7,1019.76,1.2220680496182925,-54.031204655468244
1027770,1027.77,17.56,290.71,1019.73,1.2219900618593147,-53.78285439079739
1027925,1027.925,17.55,290.7,1019.73,1.2220320979811539,-53.78285439079739
1028080,1028.08,17.56,290.71,1019.69,1.2219421279920417,-53.45171150064174
1028234,1028.234,17.56,290.71,1019.73,1.2219900618593147,-53.78285439079739
1028387,1028.387,17.56,290.71,1019.71,1.2219660949256783,-53.61728426061187
1028541,1028.541,17.56,290.71,1019.75,1.2220140287929513,-53.94842189130659
1028695,1028.695,17.56,290.71,1019.71,1.2219660949256783,-53.61728426061187
1028849,1028.849,17.57,290.71999999999997,1019.74,1.2219600116839577,-53.865638469762764
1029013,1029.013,17.57,290.71999999999997,1019.71,1.2219240625201018,-53.61728426061187
1029167,1029.167,17.58,290.72999999999996,1019.73,1.2219059982909277,-53.78285439079739
1029357,1029.357,17.58,290.72999999999996,1019.76,1.22194194621827,-54.031204655468244
1029512,1029.512,17.58,290.72999999999996,1019.71,1.221882033006033,-53.61728426061187
1029665,1029.665,17.58,290.72999999999996,1019.73,1.2219059982909277,-53.78285439079739
1029819,1029.819,17.58,290.72999999999996,1019.74,1.2219179809333751,-53.865638469762764
1029973,1029.973,17.58,290.72999999999996,1019.7,1.2218700503635855,-53.53449820935234
1030127,1030.127,17.58,290.72999999999996,1019.69,1.2218580677211381,-53.45171150064174
1030284,1030.284,17.58,290.72999999999996,1019.72,1.2218940156484803,-53.700069654420325
1030437,1030.437,17.58,290.72999999999996,1019.74,1.2219179809333751,-53.865638469762764
1030591,1030.591,17.58,290.72999999999996,1019.69,1.2218580677211381,-53.45171150064174
1030746,1030.746,17.58,290.72999999999996,1019.73,1.2219059982909277,-53.78285439079739
1030899,1030.899,17.59,290.73999999999995,1019.72,1.2218519886134784,-53.700069654420325
1031053,1031.053,17.58,290.72999999999996,1019.71,1.221882033006033,-53.61728426061187
1031206,1031.206,17.58,290.72999999999996,1019.75,1.2219299635758225,-53.94842189130659
1031361,1031.361,17.58,290.72999999999996,1019.7,1.2218700503635855,-53.53449820935234
1031518,1031.518,17.58,290.72999999999996,1019.7,1.2218700503635855,-53.53449820935234
1031671,1031.671,17.58,290.72999999999996,1019.7,1.2218700503635855,-53.53449820935234
1031826,1031.826,17.58,290.72999999999996,1019.67,1.2218341024362431,-53.28613611080826
1031979,1031.979,17.58,290.72999999999996,1019.69,1.2218580677211381,-53.45171150064174
1032133,1032.133,17.58,290.72999999999996,1019.71,1.221882033006033,-53.61728426061187
1032288,1032.288,17.57,290.71999999999997,1019.68,1.2218881133562456,-53.36892413446038
1032441,1032.441,17.58,290.72999999999996,1019.71,1.221882033006033,-53.61728426061187
1032598,1032.598,17.58,290.72999999999996,1019.7,1.2218700503635855,-53.53449820935234
1032752,1032.752,17.58,290.72999999999996,1019.75,1.2219299635758225,-53.94842189130659
1032905,1032.905,17.58,290.72999999999996,1019.72,1.2218940156484803,-53.700069654420325
1033096,1033.096,17.58,290.72999999999996,1019.72,1.2218940156484803,-53.700069654420325
1033250,1033.25,17.58,290.72999999999996,1019.7,1.2218700503635855,-53.53449820935234
1033404,1033.404,17.57,290.71999999999997,1019.71,1.2219240625201018,-53.61728426061187
1033557,1033.557,17.57,290.71999999999997,1019.73,1.221948028629339,-53.78285439079739
1033712,1033.712,17.56,290.71,1019.76,1.2220260122597695,-54.031204655468244
1033876,1033.876,17.56,290.71,1019.76,1.2220260122597695,-54.031204655468244
1034029,1034.029,17.56,290.71,1019.77,1.2220379957265879,-54.113986762228045
1034183,1034.183,17.56,290.71,1019.75,1.2220140287929513,-53.94842189130659
1034338,1034.338,17.56,290.71,1019.73,1.2219900618593147,-53.78285439079739
1034491,1034.491,17.56,290.71,1019.72,1.2219780783924965,-53.700069654420325
1034645,1034.645,17.56,290.71,1019.73,1.2219900618593147,-53.78285439079739
1034800,1034.8,17.56,290.71,1019.74,1.222002045326133,-53.865638469762764
1034955,1034.955,17.56,290.71,1019.72,1.2219780783924965,-53.700069654420325
1035110,1035.11,17.56,290.71,1019.76,1.2220260122597695,-54.031204655468244
1035263,1035.263,17.55,290.7,1019.72,1.2220201141021076,-53.700069654420325
1035417,1035.417,17.55,290.7,1019.71,1.2220081302230614,-53.61728426061187
1035572,1035.572,17.55,290.7,1019.72,1.2220201141021076,-53.700069654420325
1035725,1035.725,17.55,290.7,1019.72,1.2220201141021076,-53.700069654420325
1035879,1035.879,17.54,290.69,1019.71,1.222050168412549,-53.61728426061187
1036033,1036.033,17.54,290.69,1019.71,1.222050168412549,-53.61728426061187
1036197,1036.197,17.54,290.69,1019.72,1.2220621527038515,-53.700069654420325
1036351,1036.351,17.53,290.67999999999995,1019.71,1.2220922094944406,-53.61728426061187
1036505,1036.505,17.53,290.67999999999995,1019.73,1.222116178901615,-53.78285439079739
1036659,1036.659,17.53,290.67999999999995,1019.72,1.2221041941980277,-53.700069654420325
1036813,1036.813,17.52,290.66999999999996,1019.74,1.2221702088167343,-53.865638469762764
1036966,1036.966,17.52,290.66999999999996,1019.72,1.2221462385849338,-53.700069654420325
1037121,1037.121,17.51,290.65999999999997,1019.72,1.2221882858648685,-53.700069654420325
1037277,1037.277,17.5,290.65,1019.73,1.2222423219787424,-53.78285439079739
1037431,1037.431,17.5,290.65,1019.72,1.2222303360381308,-53.700069654420325
1037585,1037.585,17.49,290.64,1019.71,1.2222604027520092,-53.61728426061187
1037738,1037.738,17.49,290.64,1019.72,1.222272389105019,-53.700069654420325
1037893,1037.893,17.48,290.63,1019.7,1.2222904715349592,-53.53449820935234
1038047,1038.047,17.49,290.64,1019.71,1.2222604027520092,-53.61728426061187
1038237,1038.237,17.48,290.63,1019.71,1.2223024583003956,-53.61728426061187
1038392,1038.392,17.48,290.63,1019.72,1.2223144450658319,-53.700069654420325
1038592,1038.592,17.48,290.63,1019.71,1.2223024583003956,-53.61728426061187
1038746,1038.746,17.48,290.63,1019.73,1.222326431831268,-53.78285439079739
1038900,1038.9,17.47,290.62,1019.72,1.222356503920868,-53.700069654420325
1039054,1039.054,17.47,290.62,1019.72,1.222356503920868,-53.700069654420325
1039208,1039.208,17.47,290.62,1019.73,1.2223684910987591,-53.78285439079739
1039361,1039.361,17.47,290.62,1019.69,1.2223205423871943,-53.45171150064174
1039516,1039.516,17.47,290.62,1019.7,1.2223325295650855,-53.53449820935234
1039672,1039.672,17.47,290.62,1019.71,1.2223445167429767,-53.61728426061187
1039826,1039.826,17.46,290.60999999999996,1019.7,1.2223745904896777,-53.53449820935234
1039980,1039.98,17.47,290.62,1019.73,1.2223684910987591,-53.78285439079739
1040135,1040.135,17.46,290.60999999999996,1019.72,1.2223985656704268,-53.700069654420325
1040288,1040.288,17.46,290.60999999999996,1019.74,1.2224225408511757,-53.865638469762764
1040442,1040.442,17.45,290.59999999999997,1019.73,1.2224526183176925,-53.78285439079739
1040596,1040.596,17.45,290.59999999999997,1019.73,1.2224526183176925,-53.78285439079739
1040750,1040.75,17.45,290.59999999999997,1019.73,1.2224526183176925,-53.78285439079739
1040914,1040.914,17.44,290.59,1019.74,1.2225066746851585,-53.865638469762764
1041067,1041.067,17.44,290.59,1019.71,1.2224707094388794,-53.61728426061187
1041222,1041.222,17.43,290.58,1019.69,1.2224888018052393,-53.45171150064174
1041376,1041.376,17.43,290.58,1019.71,1.222512779461229,-53.61728426061187
1041529,1041.529,17.43,290.58,1019.71,1.222512779461229,-53.61728426061187
1041684,1041.684,17.42,290.57,1019.71,1.2225548523792682,-53.61728426061187
1041837,1041.837,17.42,290.57,1019.69,1.2225308738980847,-53.45171150064174
1041994,1041.994,17.42,290.57,1019.71,1.2225548523792682,-53.61728426061187
1042148,1042.148,17.42,290.57,1019.72,1.2225668416198598,-53.700069654420325
1042302,1042.302,17.41,290.56,1019.7,1.2225849385400784,-53.53449820935234
1042456,1042.456,17.4,290.54999999999995,1019.73,1.2226629870353518,-53.78285439079739
1042610,1042.61,17.39,290.53999999999996,1019.7,1.2226690980319583,-53.53449820935234
1042764,1042.764,17.39,290.53999999999996,1019.7,1.2226690980319583,-53.53449820935234
1042955,1042.955,17.38,290.53,1019.73,1.2227471547968245,-53.78285439079739
1043108,1043.108,17.38,290.53,1019.71,1.2227231730142978,-53.61728426061187
1043272,1043.272,17.38,290.53,1019.72,1.2227351639055613,-53.700069654420325
1043427,1043.427,17.38,290.53,1019.73,1.2227471547968245,-53.78285439079739
1043580,1043.58,17.37,290.52,1019.7,1.2227532691112666,-53.53449820935234
1043735,1043.735,17.37,290.52,1019.72,1.2227772517192712,-53.700069654420325
1043889,1043.889,17.37,290.52,1019.71,1.2227652604152688,-53.61728426061187
1044042,1044.042,17.37,290.52,1019.71,1.2227652604152688,-53.61728426061187
1044197,1044.197,17.38,290.53,1019.72,1.2227351639055613,-53.700069654420325
1044353,1044.353,17.37,290.52,1019.71,1.2227652604152688,-53.61728426061187
1044507,1044.507,17.37,290.52,1019.74,1.2228012343272756,-53.865638469762764
1044661,1044.661,17.37,290.52,1019.72,1.2227772517192712,-53.700069654420325
1044815,1044.815,17.37,290.52,1019.71,1.2227652604152688,-53.61728426061187
1044969,1044.969,17.37,290.52,1019.69,1.2227412778072644,-53.45171150064174
1045124,1045.124,17.37,290.52,1019.73,1.2227892430232734,-53.78285439079739
1045277,1045.277,17.37,290.52,1019.73,1.2227892430232734,-53.78285439079739
1045431,1045.431,17.37,290.52,1019.72,1.2227772517192712,-53.700069654420325
1045595,1045.595,17.37,290.52,1019.74,1.2228012343272756,-53.865638469762764
1045749,1045.749,17.36,290.51,1019.75,1.2228553175808023,-53.94842189130659
1045903,1045.903,17.36,290.51,1019.73,1.2228313341472632,-53.78285439079739
1046057,1046.057,17.36,290.51,1019.74,1.2228433258640328,-53.865638469762764
1046211,1046.211,17.36,290.51,1019.74,1.2228433258640328,-53.865638469762764
1046365,1046.365,17.36,290.51,1019.74,1.2228433258640328,-53.865638469762764
1046519,1046.519,17.37,290.52,1019.77,1.2228372082392824,-54.113986762228045
1046676,1046.676,17.37,290.52,1019.73,1.2227892430232734,-53.78285439079739
1046866,1046.866,17.37,290.52,1019.75,1.222813225631278,-53.94842189130659
1047020,1047.02,17.37,290.52,1019.75,1.222813225631278,-53.94842189130659
1047175,1047.175,17.37,290.52,1019.75,1.222813225631278,-53.94842189130659
1047328,1047.328,17.37,290.52,1019.74,1.2228012343272756,-53.865638469762764
1047482,1047.482,17.37,290.52,1019.75,1.222813225631278,-53.94842189130659
1047636,1047.636,17.37,290.52,1019.74,1.2228012343272756,-53.865638469762764
1047790,1047.79,17.38,290.53,1019.74,1.222759145688088,-53.865638469762764
1047954,1047.954,17.37,290.52,1019.77,1.2228372082392824,-54.113986762228045
1048108,1048.108,17.38,290.53,1019.75,1.2227711365793512,-53.94842189130659
1048262,1048.262,17.38,290.53,1019.77,1.222795118361878,-54.113986762228045
1048417,1048.417,17.38,290.53,1019.75,1.2227711365793512,-53.94842189130659
1048570,1048.57,17.38,290.53,1019.75,1.2227711365793512,-53.94842189130659
1048724,1048.724,17.38,290.53,1019.78,1.2228071092531412,-54.19676821162536
1048879,1048.879,17.38,290.53,1019.75,1.2227711365793512,-53.94842189130659
1049035,1049.035,17.39,290.53999999999996,1019.76,1.2227410409032753,-54.031204655468244
1049189,1049.189,17.39,290.53999999999996,1019.74,1.2227170599461696,-53.865638469762764
1049342,1049.342,17.39,290.53999999999996,1019.72,1.222693078989064,-53.700069654420325
1049497,1049.497,17.39,290.53999999999996,1019.74,1.2227170599461696,-53.865638469762764
1049651,1049.651,17.39,290.53999999999996,1019.76,1.2227410409032753,-54.031204655468244
1049805,1049.805,17.38,290.53,1019.76,1.2227831274706147,-54.031204655468244
1049959,1049.959,17.39,290.53999999999996,1019.77,1.2227530313818282,-54.113986762228045
1050112,1050.112,17.39,290.53999999999996,1019.76,1.2227410409032753,-54.031204655468244
1050276,1050.276,17.39,290.53999999999996,1019.75,1.2227290504247226,-53.94842189130659
1050431,1050.431,17.39,290.53999999999996,1019.75,1.2227290504247226,-53.94842189130659
1050585,1050.585,17.4,290.54999999999995,1019.75,1.2226869671670932,-53.94842189130659
1050739,1050.739,17.4,290.54999999999995,1019.75,1.2226869671670932,-53.94842189130659
1050893,1050.893,17.4,290.54999999999995,1019.76,1.2226989572329638,-54.031204655468244
1051047,1051.047,17.4,290.54999999999995,1019.78,1.2227229373647055,-54.19676821162536
1051201,1051.201,17.41,290.56,1019.75,1.2226448868061635,-53.94842189130659
1051355,1051.355,17.41,290.56,1019.78,1.2226808557658146,-54.19676821162536
1051507,1051.507,17.41,290.56,1019.74,1.2226328971529465,-53.865638469762764
1051661,1051.661,17.41,290.56,1019.73,1.2226209074997294,-53.78285439079739
1051815,1051.815,17.42,290.57,1019.73,1.2225788308604515,-53.78285439079739
1051969,1051.969,17.41,290.56,1019.74,1.2226328971529465,-53.865638469762764
1052123,1052.123,17.42,290.57,1019.77,1.2226267878228185,-54.113986762228045
1052277,1052.277,17.41,290.56,1019.74,1.2226328971529465,-53.865638469762764
1052431,1052.431,17.42,290.57,1019.74,1.2225908201010434,-53.865638469762764
1052595,1052.595,17.42,290.57,1019.76,1.2226147985822269,-54.031204655468244
1052786,1052.786,17.42,290.57,1019.75,1.222602809341635,-53.94842189130659
1052940,1052.94,17.43,290.58,1019.76,1.2225727236012032,-54.031204655468244
1053094,1053.094,17.43,290.58,1019.76,1.2225727236012032,-54.031204655468244
1053248,1053.248,17.43,290.58,1019.81,1.2226326677411774,-54.4451086156818
1053403,1053.403,17.43,290.58,1019.78,1.2225967012571928,-54.19676821162536
1053556,1053.556,17.43,290.58,1019.77,1.222584712429198,-54.113986762228045
1053711,1053.711,17.42,290.57,1019.75,1.222602809341635,-53.94842189130659
1053867,1053.867,17.42,290.57,1019.76,1.2226147985822269,-54.031204655468244
1054021,1054.021,17.43,290.58,1019.77,1.222584712429198,-54.113986762228045
1054175,1054.175,17.43,290.58,1019.77,1.222584712429198,-54.113986762228045
1054329,1054.329,17.43,290.58,1019.79,1.2226086900851876,-54.2795490036602
1054483,1054.483,17.43,290.58,1019.76,1.2225727236012032,-54.031204655468244
1054637,1054.637,17.43,290.58,1019.75,1.2225607347732084,-53.94842189130659
1054791,1054.791,17.43,290.58,1019.77,1.222584712429198,-54.113986762228045
1054955,1054.955,17.43,290.58,1019.77,1.222584712429198,-54.113986762228045
1055110,1055.11,17.43,290.58,1019.74,1.2225487459452136,-53.865638469762764
1055263,1055.263,17.43,290.58,1019.79,1.2226086900851876,-54.2795490036602
1055417,1055.417,17.43,290.58,1019.75,1.2225607347732084,-53.94842189130659
1055571,1055.571,17.44,290.59,1019.77,1.2225426399314374,-54.113986762228045
1055762,1055.762,17.44,290.59,1019.77,1.2225426399314374,-54.113986762228045
1055916,1055.916,17.43,290.58,1019.77,1.222584712429198,-54.113986762228045
1056070,1056.07,17.44,290.59,1019.77,1.2225426399314374,-54.113986762228045
1056227,1056.227,17.44,290.59,1019.76,1.222530651516011,-54.031204655468244
1056380,1056.38,17.44,290.59,1019.78,1.2225546283468638,-54.19676821162536
1056535,1056.535,17.44,290.59,1019.75,1.2225186631005847,-53.94842189130659
1056689,1056.689,17.45,290.59999999999997,1019.74,1.2224646063205786,-53.865638469762764
1056843,1056.843,17.45,290.59999999999997,1019.75,1.222476594323465,-53.94842189130659
1056997,1056.997,17.44,290.59,1019.74,1.2225066746851585,-53.865638469762764
1057151,1057.151,17.44,290.59,1019.73,1.2224946862697321,-53.78285439079739
1057315,1057.315,17.45,290.59999999999997,1019.73,1.2224526183176925,-53.78285439079739
1057469,1057.469,17.44,290.59,1019.74,1.2225066746851585,-53.865638469762764
1057623,1057.623,17.45,290.59999999999997,1019.74,1.2224646063205786,-53.865638469762764
1057777,1057.777,17.45,290.59999999999997,1019.73,1.2224526183176925,-53.78285439079739
1057932,1057.932,17.45,290.59999999999997,1019.72,1.2224406303148063,-53.700069654420325
1058085,1058.085,17.45,290.59999999999997,1019.74,1.2224646063205786,-53.865638469762764
1058240,1058.24,17.45,290.59999999999997,1019.72,1.2224406303148063,-53.700069654420325
1058394,1058.394,17.45,290.59999999999997,1019.7,1.2224166543090338,-53.53449820935234
1058550,1058.55,17.44,290.59,1019.73,1.2224946862697321,-53.78285439079739
1058704,1058.704,17.44,290.59,1019.73,1.2224946862697321,-53.78285439079739
1058858,1058.858,17.44,290.59,1019.72,1.2224826978543057,-53.700069654420325
1059012,1059.012,17.44,290.59,1019.72,1.2224826978543057,-53.700069654420325
1059167,1059.167,17.44,290.59,1019.74,1.2225066746851585,-53.865638469762764
1059320,1059.32,17.44,290.59,1019.76,1.222530651516011,-54.031204655468244
1059475,1059.475,17.44,290.59,1019.71,1.2224707094388794,-53.61728426061187
1059639,1059.639,17.44,290.59,1019.71,1.2224707094388794,-53.61728426061187
1059792,1059.792,17.44,290.59,1019.7,1.222458721023453,-53.53449820935234
1059947,1059.947,17.45,290.59999999999997,1019.69,1.2224046663061474,-53.45171150064174
1060101,1060.101,17.44,290.59,1019.69,1.2224467326080268,-53.45171150064174
1060255,1060.255,17.44,290.59,1019.68,1.2224347441926005,-53.36892413446038
1060409,1060.409,17.43,290.58,1019.68,1.2224768129772445,-53.36892413446038
1060563,1060.563,17.43,290.58,1019.7,1.2225007906332341,-53.53449820935234
1060717,1060.717,17.43,290.58,1019.7,1.2225007906332341,-53.53449820935234
1060874,1060.874,17.43,290.58,1019.68,1.2224768129772445,-53.36892413446038
1061028,1061.028,17.43,290.58,1019.7,1.2225007906332341,-53.53449820935234
1061182,1061.182,17.43,290.58,1019.69,1.2224888018052393,-53.45171150064174
1061337,1061.337,17.42,290.57,1019.71,1.2225548523792682,-53.61728426061187
1061490,1061.49,17.43,290.58,1019.72,1.2225247682892237,-53.700069654420325
1061644,1061.644,17.42,290.57,1019.71,1.2225548523792682,-53.61728426061187
1061798,1061.798,17.43,290.58,1019.71,1.222512779461229,-53.61728426061187
1061962,1061.962,17.42,290.57,1019.72,1.2225668416198598,-53.700069654420325
1062117,1062.117,17.41,290.56,1019.7,1.2225849385400784,-53.53449820935234
1062270,1062.27,17.41,290.56,1019.7,1.2225849385400784,-53.53449820935234
1062425,1062.425,17.41,290.56,1019.69,1.2225729488868613,-53.45171150064174
1062615,1062.615,17.4,290.54999999999995,1019.72,1.222650996969481,-53.700069654420325
1062769,1062.769,17.4,290.54999999999995,1019.73,1.2226629870353518,-53.78285439079739
1062924,1062.924,17.4,290.54999999999995,1019.71,1.2226390069036104,-53.61728426061187
1063077,1063.077,17.39,290.53999999999996,1019.7,1.2226690980319583,-53.53449820935234
1063234,1063.234,17.39,290.53999999999996,1019.69,1.2226571075534056,-53.45171150064174
1063389,1063.389,17.38,290.53,1019.71,1.2227231730142978,-53.61728426061187
1063542,1063.542,17.38,290.53,1019.7,1.2227111821230345,-53.53449820935234
1063697,1063.697,17.38,290.53,1019.69,1.2226991912317713,-53.45171150064174
1063850,1063.85,17.37,290.52,1019.69,1.2227412778072644,-53.45171150064174
1064005,1064.005,17.36,290.51,1019.68,1.222771375563415,-53.36892413446038
1064159,1064.159,17.36,290.51,1019.7,1.2227953589969542,-53.53449820935234
1064359,1064.359,17.35,290.5,1019.7,1.2228374517803964,-53.53449820935234
1064514,1064.514,17.34,290.48999999999995,1019.68,1.2228555623771138,-53.36892413446038
1064668,1064.668,17.34,290.48999999999995,1019.71,1.2228915400042824,-53.61728426061187
1064822,1064.822,17.34,290.48999999999995,1019.75,1.2229395101738405,-53.94842189130659
1064976,1064.976,17.33,290.47999999999996,1019.7,1.222921646041742,-53.53449820935234
1065130,1065.13,17.33,290.47999999999996,1019.71,1.2229336389969843,-53.61728426061187
1065284,1065.284,17.32,290.46999999999997,1019.7,1.2229637475202437,-53.53449820935234
1065439,1065.439,17.32,290.46999999999997,1019.68,1.2229397607839974,-53.36892413446038
1065595,1065.595,17.32,290.46999999999997,1019.69,1.2229517541521207,-53.45171150064174
1065749,1065.749,17.31,290.46,1019.71,1.2230178456787302,-53.61728426061187
1065904,1065.904,17.31,290.46,1019.69,1.2229938581166648,-53.45171150064174
1066057,1066.057,17.3,290.45,1019.67,1.223011976592491,-53.28613611080826
1066212,1066.212,17.3,290.45,1019.71,1.223059953368373,-53.61728426061187
1066365,1066.365,17.3,290.45,1019.71,1.223059953368373,-53.61728426061187
1066520,1066.52,17.3,290.45,1019.69,1.2230359649804319,-53.45171150064174
1066684,1066.684,17.29,290.44,1019.7,1.2230900693506583,-53.53449820935234
1066837,1066.837,17.29,290.44,1019.7,1.2230900693506583,-53.53449820935234
1066992,1066.992,17.28,290.42999999999995,1019.69,1.223120187406833,-53.45171150064174
1067146,1067.146,17.28,290.42999999999995,1019.69,1.223120187406833,-53.45171150064174
1067300,1067.3,17.28,290.42999999999995,1019.71,1.2231441774466962,-53.61728426061187
1067455,1067.455,17.27,290.41999999999996,1019.7,1.2231742984030207,-53.53449820935234
1067609,1067.609,17.27,290.41999999999996,1019.69,1.2231623029700658,-53.45171150064174
1067763,1067.763,17.26,290.40999999999997,1019.68,1.223192425587713,-53.36892413446038
1067920,1067.92,17.25,290.4,1019.69,1.2232465427980939,-53.45171150064174
1068073,1068.073,17.25,290.4,1019.7,1.2232585390571806,-53.53449820935234
1068228,1068.228,17.25,290.4,1019.72,1.2232825315753537,-53.700069654420325
1068382,1068.382,17.24,290.39,1019.69,1.2232886670634886,-53.45171150064174
1068536,1068.536,17.24,290.39,1019.69,1.2232886670634886,-53.45171150064174
1068690,1068.69,17.24,290.39,1019.67,1.2232646737190984,-53.28613611080826
1068844,1068.844,17.23,290.38,1019.68,1.2233187971448714,-53.36892413446038
1069008,1069.008,17.23,290.38,1019.67,1.223306800059539,-53.28613611080826
1069162,1069.162,17.23,290.38,1019.67,1.223306800059539,-53.28613611080826
1069317,1069.317,17.22,290.37,1019.7,1.2233849217970354,-53.53449820935234
1069470,1069.47,17.22,290.37,1019.73,1.223420914292528,-53.78285439079739
1069625,1069.625,17.22,290.37,1019.72,1.2234089167940305,-53.700069654420325
1069778,1069.778,17.21,290.35999999999996,1019.69,1.2234150572687923,-53.45171150064174
1069933,1069.933,17.21,290.35999999999996,1019.7,1.2234270551804838,-53.53449820935234
1070087,1070.087,17.21,290.35999999999996,1019.71,1.223439053092175,-53.61728426061187
1070243,1070.243,17.2,290.34999999999997,1019.69,1.2234571931412657,-53.45171150064174
1070398,1070.398,17.2,290.34999999999997,1019.69,1.2234571931412657,-53.45171150064174
1070551,1070.551,17.19,290.34,1019.68,1.2234873331780938,-53.36892413446038
1070706,1070.706,17.19,290.34,1019.68,1.2234873331780938,-53.36892413446038
1070861,1070.861,17.18,290.33,1019.66,1.2235054761397384,-53.20334742966569
1071014,1071.014,17.18,290.33,1019.68,1.2235294744426264,-53.36892413446038
1071169,1071.169,17.18,290.33,1019.7,1.2235534727455144,-53.53449820935234
1071323,1071.323,17.18,290.33,1019.72,1.2235774710484024,-53.700069654420325
1071480,1071.48,17.18,290.33,1019.69,1.2235414735940704,-53.45171150064174
1071634,1071.634,17.19,290.34,1019.67,1.223475334439929,-53.28613611080826
1071788,1071.788,17.19,290.34,1019.73,1.2235473268689172,-53.78285439079739
1071942,1071.942,17.2,290.34999999999997,1019.7,1.2234691914661795,-53.53449820935234
1072097,1072.097,17.2,290.34999999999997,1019.69,1.2234571931412657,-53.45171150064174
1072250,1072.25,17.2,290.34999999999997,1019.71,1.2234811897910933,-53.61728426061187
1072443,1072.443,17.21,290.35999999999996,1019.71,1.223439053092175,-53.61728426061187
1072599,1072.599,17.21,290.35999999999996,1019.71,1.223439053092175,-53.61728426061187
1072753,1072.753,17.21,290.35999999999996,1019.71,1.223439053092175,-53.61728426061187
1072908,1072.908,17.21,290.35999999999996,1019.68,1.2234030593571008,-53.36892413446038
1073061,1073.061,17.22,290.37,1019.72,1.2234089167940305,-53.700069654420325
1073253,1073.253,17.22,290.37,1019.72,1.2234089167940305,-53.700069654420325
1073406,1073.406,17.22,290.37,1019.7,1.2233849217970354,-53.53449820935234
1073561,1073.561,17.22,290.37,1019.7,1.2233849217970354,-53.53449820935234
1073715,1073.715,17.22,290.37,1019.7,1.2233849217970354,-53.53449820935234
1073878,1073.878,17.21,290.35999999999996,1019.66,1.2233790635337178,-53.20334742966569
1074033,1074.033,17.22,290.37,1019.68,1.2233609268000403,-53.36892413446038
1074187,1074.187,17.23,290.38,1019.68,1.2233187971448714,-53.36892413446038
1074341,1074.341,17.24,290.39,1019.69,1.2232886670634886,-53.45171150064174
1074496,1074.496,17.24,290.39,1019.69,1.2232886670634886,-53.45171150064174
1074650,1074.65,17.25,290.4,1019.67,1.2232225502799208,-53.28613611080826
1074804,1074.804,17.25,290.4,1019.69,1.2232465427980939,-53.45171150064174
1074961,1074.961,17.25,290.4,1019.7,1.2232585390571806,-53.53449820935234
1075114,1075.114,17.25,290.4,1019.69,1.2232465427980939,-53.45171150064174
1075269,1075.269,17.27,290.41999999999996,1019.68,1.223150307537111,-53.36892413446038
1075423,1075.423,17.27,290.41999999999996,1019.68,1.223150307537111,-53.36892413446038
1075577,1075.577,17.28,290.42999999999995,1019.7,1.2231321824267645,-53.53449820935234
1075731,1075.731,17.29,290.44,1019.68,1.2230660801367845,-53.36892413446038
1075885,1075.885,17.29,290.44,1019.66,1.223042090922911,-53.20334742966569
1076040,1076.04,17.3,290.45,1019.67,1.223011976592491,-53.28613611080826
1076204,1076.204,17.3,290.45,1019.7,1.2230479591744023,-53.53449820935234
1076358,1076.358,17.31,290.46,1019.7,1.2230058518976976,-53.53449820935234
1076512,1076.512,17.31,290.46,1019.69,1.2229938581166648,-53.45171150064174
1076667,1076.667,17.31,290.46,1019.67,1.2229698705545997,-53.28613611080826
1076820,1076.82,17.32,290.46999999999997,1019.7,1.2229637475202437,-53.53449820935234
1076975,1076.975,17.32,290.46999999999997,1019.69,1.2229517541521207,-53.45171150064174
1077129,1077.129,17.32,290.46999999999997,1019.7,1.2229637475202437,-53.53449820935234
1077285,1077.285,17.33,290.47999999999996,1019.7,1.222921646041742,-53.53449820935234
1077440,1077.44,17.34,290.48999999999995,1019.72,1.222903532546672,-53.700069654420325
1077595,1077.595,17.34,290.48999999999995,1019.71,1.2228915400042824,-53.61728426061187
1077748,1077.748,17.34,290.48999999999995,1019.71,1.2228915400042824,-53.61728426061187
1077903,1077.903,17.34,290.48999999999995,1019.7,1.2228795474618928,-53.53449820935234
1078056,1078.056,17.35,290.5,1019.67,1.2228014753917003,-53.28613611080826
1078211,1078.211,17.35,290.5,1019.69,1.222825459650831,-53.45171150064174
1078365,1078.365,17.36,290.51,1019.68,1.222771375563415,-53.36892413446038
1078529,1078.529,17.36,290.51,1019.67,1.2227593838466455,-53.28613611080826
1078683,1078.683,17.36,290.51,1019.69,1.2227833672801847,-53.45171150064174
1078838,1078.838,17.36,290.51,1019.71,1.2228073507137238,-53.61728426061187
1078991,1078.991,17.37,290.52,1019.71,1.2227652604152688,-53.61728426061187
1079146,1079.146,17.38,290.53,1019.69,1.2226991912317713,-53.45171150064174
1079301,1079.301,17.38,290.53,1019.72,1.2227351639055613,-53.700069654420325
1079454,1079.454,17.4,290.54999999999995,1019.7,1.2226270168377396,-53.53449820935234
1079611,1079.611,17.4,290.54999999999995,1019.69,1.222615026771869,-53.45171150064174
1079765,1079.765,17.41,290.56,1019.73,1.2226209074997294,-53.78285439079739
1079919,1079.919,17.41,290.56,1019.71,1.2225969281932954,-53.61728426061187
1080074,1080.074,17.41,290.56,1019.71,1.2225969281932954,-53.61728426061187
1080228,1080.228,17.43,290.58,1019.72,1.2225247682892237,-53.700069654420325
1080382,1080.382,17.46,290.60999999999996,1019.7,1.2223745904896777,-53.53449820935234
1080537,1080.537,17.5,290.65,1019.71,1.2222183500975192,-53.61728426061187
1080690,1080.69,17.51,290.65999999999997,1019.7,1.2221643148083852,-53.53449820935234
1080855,1080.855,17.52,290.66999999999996,1019.72,1.2221462385849338,-53.700069654420325
1081009,1081.009,17.52,290.66999999999996,1019.68,1.2220982981213324,-53.36892413446038
1081163,1081.163,17.52,290.66999999999996,1019.71,1.2221342534690334,-53.61728426061187
1081317,1081.317,17.53,290.67999999999995,1019.69,1.222068240087266,-53.45171150064174
1081471,1081.471,17.54,290.69,1019.73,1.2220741369951542,-53.78285439079739
1081626,1081.626,17.53,290.67999999999995,1019.69,1.222068240087266,-53.45171150064174
1081780,1081.78,17.53,290.67999999999995,1019.73,1.222116178901615,-53.78285439079739
1081973,1081.973,17.53,290.67999999999995,1019.69,1.222068240087266,-53.45171150064174
1082128,1082.128,17.54,290.69,1019.69,1.222026199829944,-53.45171150064174
1082318,1082.318,17.54,290.69,1019.68,1.2220142155386415,-53.36892413446038
1082473,1082.473,17.54,290.69,1019.7,1.2220381841212467,-53.53449820935234
1082626,1082.626,17.55,290.7,1019.71,1.2220081302230614,-53.61728426061187
1082781,1082.781,17.57,290.71999999999997,1019.67,1.221876130301627,-53.28613611080826
1082936,1082.936,17.58,290.72999999999996,1019.72,1.2218940156484803,-53.700069654420325
1083089,1083.089,17.59,290.73999999999995,1019.7,1.2218280241528694,-53.53449820935234
1083253,1083.253,17.61,290.76,1019.7,1.2217439804037873,-53.53449820935234
1083408,1083.408,17.62,290.77,1019.7,1.2217019628648251,-53.53449820935234
1083562,1083.562,17.63,290.78,1019.7,1.2216599482158512,-53.53449820935234
1083716,1083.716,17.63,290.78,1019.7,1.2216599482158512,-53.53449820935234
1083871,1083.871,17.63,290.78,1019.71,1.2216719287978677,-53.61728426061187
1084024,1084.024,17.63,290.78,1019.69,1.2216479676338348,-53.45171150064174
1084179,1084.179,17.64,290.78999999999996,1019.7,1.2216179364565674,-53.53449820935234
1084336,1084.336,17.64,290.78999999999996,1019.7,1.2216179364565674,-53.53449820935234
1084490,1084.49,17.64,290.78999999999996,1019.72,1.2216418967965978,-53.700069654420325
1084644,1084.644,17.65,290.79999999999995,1019.71,1.221587907344718,-53.61728426061187
1084798,1084.798,17.65,290.79999999999995,1019.7,1.2215759275866755,-53.53449820935234
1084953,1084.953,17.65,290.79999999999995,1019.72,1.2215998871027605,-53.700069654420325
1085107,1085.107,17.65,290.79999999999995,1019.71,1.221587907344718,-53.61728426061187
1085261,1085.261,17.65,290.79999999999995,1019.71,1.221587907344718,-53.61728426061187
1085416,1085.416,17.66,290.81,1019.72,1.221557880298073,-53.700069654420325
1085580,1085.58,17.67,290.82,1019.69,1.2214799395796934,-53.45171150064174
1085733,1085.733,17.67,290.82,1019.69,1.2214799395796934,-53.45171150064174
1085888,1085.888,17.68,290.83,1019.69,1.221437939788077,-53.45171150064174
1086043,1086.043,17.68,290.83,1019.71,1.221461896832665,-53.61728426061187
1086196,1086.196,17.69,290.84,1019.68,1.2213839647741978,-53.36892413446038
1086351,1086.351,17.7,290.84999999999997,1019.72,1.221389881964871,-53.700069654420325
1086505,1086.505,17.72,290.87,1019.72,1.221305900125426,-53.700069654420325
1086662,1086.662,17.73,290.88,1019.68,1.2212160076833323,-53.36892413446038
1086816,1086.816,17.74,290.89,1019.69,1.2211860016795575,-53.45171150064174
1086970,1086.97,17.76,290.90999999999997,1019.71,1.2211259958607266,-53.61728426061187
1087125,1087.125,17.76,290.90999999999997,1019.72,1.2211379710889372,-53.700069654420325
1087279,1087.279,17.78,290.92999999999995,1019.71,1.2210420494821572,-53.61728426061187
1087433,1087.433,17.79,290.94,1019.69,1.2209761326341046,-53.45171150064174
1087588,1087.588,17.81,290.96,1019.7,1.2209041783826133,-53.53449820935234
1087741,1087.741,17.83,290.97999999999996,1019.74,1.2208681510645412,-53.865638469762764
1087905,1087.905,17.83,290.97999999999996,1019.72,1.2208442063697942,-53.700069654420325
1088060,1088.06,17.83,290.97999999999996,1019.72,1.2208442063697942,-53.700069654420325
1088214,1088.214,17.83,290.97999999999996,1019.75,1.2208801234119147,-53.94842189130659
1088368,1088.368,17.83,290.97999999999996,1019.71,1.2208322340224207,-53.61728426061187
1088523,1088.523,17.84,290.98999999999995,1019.75,1.2208381673267086,-53.94842189130659
1088677,1088.677,17.85,291.0,1019.72,1.2207602995514868,-53.700069654420325
1088831,1088.831,17.86,291.01,1019.75,1.2207542638067381,-53.94842189130659
1088988,1088.988,17.86,291.01,1019.74,1.2207422926935847,-53.865638469762764
1089142,1089.142,17.87,291.02,1019.73,1.2206883749677735,-53.78285439079739
1089297,1089.297,17.87,291.02,1019.73,1.2206883749677735,-53.78285439079739
1089450,1089.45,17.88,291.03,1019.74,1.2206584015282278,-53.865638469762764
1089605,1089.605,17.88,291.03,1019.7,1.2206105203663031,-53.53449820935234
1089760,1089.76,17.88,291.03,1019.7,1.2206105203663031,-53.53449820935234
1089913,1089.913,17.89,291.03999999999996,1019.71,1.2205805506316794,-53.61728426061187
1090068,1090.068,17.89,291.03999999999996,1019.69,1.2205566108733044,-53.45171150064174
1090232,1090.232,17.9,291.04999999999995,1019.66,1.2204787661489442,-53.20334742966569
1090386,1090.386,17.91,291.06,1019.7,1.2204847101704295,-53.53449820935234
1090578,1090.578,17.91,291.06,1019.65,1.2204248648870044,-53.12055809101299
1090732,1090.732,17.92,291.07,1019.71,1.2204547478470604,-53.61728426061187
1090886,1090.886,17.92,291.07,1019.68,1.220418841910632,-53.36892413446038
1091041,1091.041,17.93,291.08,1019.72,1.2204247875823921,-53.700069654420325
1091195,1091.195,17.96,291.10999999999996,1019.68,1.2202511501320041,-53.36892413446038
1091349,1091.349,18.01,291.15999999999997,1019.67,1.2200296352565223,-53.28613611080826
1091501,1091.501,18.05,291.2,1019.67,1.2198620487681626,-53.28613611080826
1091656,1091.656,18.1,291.25,1019.67,1.2196526303906918,-53.28613611080826
1091810,1091.81,18.14,291.28999999999996,1019.67,1.219485147451986,-53.28613611080826
1091964,1091.964,18.17,291.32,1019.66,1.2193476070563305,-53.20334742966569
1092155,1092.155,18.23,291.38,1019.69,1.2191323907906049,-53.45171150064174
1092309,1092.309,18.27,291.41999999999996,1019.7,1.2189770082431035,-53.53449820935234
1092464,1092.464,18.29,291.44,1019.66,1.2188455424363513,-53.20334742966569
1092628,1092.628,18.31,291.46,1019.71,1.2188216683450352,-53.61728426061187
1092783,1092.783,18.31,291.46,1019.69,1.2187977630843563,-53.45171150064174
1092936,1092.936,18.33,291.47999999999996,1019.69,1.2187141348585375,-53.45171150064174
1093091,1093.091,18.34,291.48999999999995,1019.71,1.2186962278494766,-53.61728426061187
1093245,1093.245,18.35,291.5,1019.7,1.218642469098474,-53.53449820935234
1093399,1093.399,18.35,291.5,1019.69,1.2186305181082897,-53.45171150064174
1093554,1093.554,18.36,291.51,1019.72,1.2186245657764148,-53.700069654420325
1093708,1093.708,18.35,291.5,1019.71,1.2186544200886584,-53.61728426061187
1093865,1093.865,18.35,291.5,1019.7,1.218642469098474,-53.53449820935234
1094020,1094.02,18.35,291.5,1019.69,1.2186305181082897,-53.45171150064174
1094173,1094.173,18.35,291.5,1019.72,1.2186663710788428,-53.700069654420325
1094328,1094.328,18.36,291.51,1019.7,1.2186006646159828,-53.53449820935234
1094482,1094.482,18.36,291.51,1019.7,1.2186006646159828,-53.53449820935234
1094636,1094.636,18.36,291.51,1019.73,1.2186365163566306,-53.78285439079739
1094791,1094.791,18.35,291.5,1019.7,1.218642469098474,-53.53449820935234
1094954,1094.954,18.35,291.5,1019.72,1.2186663710788428,-53.700069654420325
1095109,1095.109,18.36,291.51,1019.69,1.218588714035767,-53.45171150064174
1095264,1095.264,18.35,291.5,1019.68,1.2186185671181053,-53.36892413446038
1095417,1095.417,18.36,291.51,1019.66,1.2185528622951194,-53.20334742966569
1095572,1095.572,18.36,291.51,1019.67,1.2185648128753352,-53.28613611080826
1095727,1095.727,18.36,291.51,1019.69,1.218588714035767,-53.45171150064174
1095881,1095.881,18.36,291.51,1019.68,1.218576763455551,-53.36892413446038
1096035,1096.035,18.38,291.53,1019.67,1.2184812149737214,-53.28613611080826
1096191,1096.191,18.44,291.59,1019.65,1.2182065954731354,-53.12055809101299
1096346,1096.346,18.63,291.78,1019.71,1.2174849662617175,-53.61728426061187
1096501,1096.501,18.76,291.90999999999997,1019.7,1.2169308339632257,-53.53449820935234
1096654,1096.654,18.88,292.03,1019.66,1.2163830595748735,-53.20334742966569
1096809,1096.809,19.02,292.16999999999996,1019.69,1.2158359723057346,-53.45171150064174
1096964,1096.964,19.09,292.23999999999995,1019.69,1.2155447441437397,-53.45171150064174
1097117,1097.117,19.2,292.34999999999997,1019.64,1.2150278004459476,-53.03776809485016
1097282,1097.282,19.3,292.45,1019.65,1.2146242474748212,-53.12055809101299
1097436,1097.436,19.41,292.56,1019.64,1.214155651696653,-53.03776809485016
1097590,1097.59,19.46,292.60999999999996,1019.64,1.2139481817448918,-53.03776809485016
1097745,1097.745,19.51,292.65999999999997,1019.6,1.2136931682013865,-52.70660153483171
1097899,1097.899,19.59,292.73999999999995,1019.64,1.2134090915500881,-53.03776809485016
1098053,1098.053,19.67,292.82,1019.67,1.2131132730048801,-53.28613611080826
1098208,1098.208,19.75,292.9,1019.63,1.212734358985094,-52.954977441167344
1098362,1098.362,19.76,292.90999999999997,1019.64,1.2127048494772208,-53.03776809485016
1098519,1098.519,19.76,292.90999999999997,1019.65,1.2127167429381431,-53.12055809101299
1098674,1098.674,19.73,292.88,1019.67,1.212864752121309,-53.28613611080826
1098827,1098.827,19.7,292.84999999999997,1019.7,1.2130246875267379,-53.53449820935234
1098982,1098.982,19.67,292.82,1019.71,1.213160861470678,-53.61728426061187
1099136,1099.136,19.64,292.78999999999996,1019.69,1.2132613683136941,-53.45171150064174
1099290,1099.29,19.63,292.78,1019.69,1.2133028076663928,-53.45171150064174
1099482,1099.482,19.66,292.81,1019.67,1.2131547030541612,-53.28613611080826
1099645,1099.645,19.74,292.89,1019.64,1.2127876590541593,-53.03776809485016
1099800,1099.8,19.81,292.96,1019.65,1.2125097664323168,-53.12055809101299
1099955,1099.955,19.94,293.09,1019.64,1.2119600718563335,-53.03776809485016
1100109,1100.109,20.03,293.17999999999995,1019.64,1.2115880259921306,-53.03776809485016
1100263,1100.263,20.11,293.26,1019.63,1.2112456309988884,-52.954977441167344
1100417,1100.417,20.28,293.42999999999995,1019.66,1.2105795075065613,-53.20334742966569
1100572,1100.572,20.37,293.52,1019.69,1.2102439221469286,-53.45171150064174
1100727,1100.727,20.48,293.63,1019.68,1.2097786749137611,-53.36892413446038
1100883,1100.883,20.54,293.69,1019.7,1.2095552444489264,-53.53449820935234
1101037,1101.037,20.58,293.72999999999996,1019.67,1.2093549470646139,-53.28613611080826
1101192,1101.192,20.67,293.82,1019.69,1.2090082228186183,-53.45171150064174
1101346,1101.346,20.72,293.87,1019.67,1.2087788090015616,-53.28613611080826
1101501,1101.501,20.82,293.96999999999997,1019.67,1.2083676177885123,-53.28613611080826
1101654,1101.654,20.87,294.02,1019.68,1.2081739756306638,-53.36892413446038
1101809,1101.809,20.91,294.06,1019.7,1.208033325655326,-53.53449820935234
1102010,1102.01,21.0,294.15,1019.66,1.2076163348211806,-53.20334742966569
1102164,1102.164,21.03,294.17999999999995,1019.67,1.2075050261788327,-53.28613611080826
1102319,1102.319,21.04,294.19,1019.7,1.2074995062449614,-53.53449820935234
1102473,1102.473,21.06,294.21,1019.68,1.2073937402363202,-53.36892413446038
1102627,1102.627,21.06,294.21,1019.69,1.2074055811446467,-53.45171150064174
1102782,1102.782,21.06,294.21,1019.69,1.2074055811446467,-53.45171150064174
1102935,1102.935,21.06,294.21,1019.69,1.2074055811446467,-53.45171150064174
1103090,1103.09,21.07,294.21999999999997,1019.68,1.207352703130065,-53.36892413446038
1103247,1103.247,21.07,294.21999999999997,1019.7,1.2073763841418164,-53.53449820935234
1103401,1103.401,21.07,294.21999999999997,1019.68,1.207352703130065,-53.36892413446038
1103556,1103.556,21.08,294.22999999999996,1019.7,1.2073353490201721,-53.53449820935234
1103711,1103.711,21.1,294.25,1019.71,1.20726512644297,-53.61728426061187
1103864,1103.864,21.1,294.25,1019.68,1.207229608546908,-53.36892413446038
1104019,1104.019,21.11,294.26,1019.7,1.2072122603894693,-53.53449820935234
1104173,1104.173,21.11,294.26,1019.71,1.207224099285815,-53.61728426061187
1104337,1104.337,21.09,294.23999999999995,1019.69,1.2072824769866997,-53.45171150064174
1104492,1104.492,21.08,294.22999999999996,1019.68,1.2073116688132677,-53.36892413446038
1104647,1104.647,21.08,294.22999999999996,1019.69,1.20732350891672,-53.45171150064174
1104800,1104.8,21.07,294.21999999999997,1019.67,1.2073408626241893,-53.28613611080826
1104955,1104.955,21.05,294.2,1019.71,1.2074703040647312,-53.61728426061187
1105109,1105.109,21.03,294.17999999999995,1019.68,1.207516868294676,-53.36892413446038
1105264,1105.264,21.02,294.16999999999996,1019.68,1.2075579165616064,-53.36892413446038
1105418,1105.418,21.01,294.15999999999997,1019.68,1.207598967619417,-53.36892413446038
1105575,1105.575,20.98,294.13,1019.68,1.2077221375409775,-53.36892413446038
1105729,1105.729,20.97,294.12,1019.67,1.2077513552335406,-53.28613611080826
1105884,1105.884,20.94,294.09,1019.68,1.2078864031926544,-53.36892413446038
1106038,1106.038,20.93,294.08,1019.7,1.2079511688731133,-53.53449820935234
1106193,1106.193,20.91,294.06,1019.71,1.2080451726036996,-53.61728426061187
1106346,1106.346,20.89,294.03999999999996,1019.68,1.2080917981054542,-53.36892413446038
1106501,1106.501,20.87,294.02,1019.7,1.208197672750851,-53.53449820935234
1106665,1106.665,20.85,294.0,1019.67,1.2082443149703708,-53.28613611080826
1106820,1106.82,20.84,293.98999999999995,1019.68,1.2082972628828454,-53.36892413446038
1106974,1106.974,20.84,293.98999999999995,1019.65,1.2082617135753309,-53.12055809101299
1107129,1107.129,20.86,294.01,1019.67,1.2082032196227643,-53.28613611080826
1107282,1107.282,20.87,294.02,1019.67,1.20816212707057,-53.28613611080826
1107437,1107.437,20.83,293.97999999999996,1019.68,1.208338364225212,-53.36892413446038
1107592,1107.592,20.81,293.96,1019.67,1.2084087243206185,-53.28613611080826
1107746,1107.746,20.79,293.94,1019.69,1.2085146493453305,-53.45171150064174
1107903,1107.903,20.77,293.91999999999996,1019.66,1.208561325828968,-53.20334742966569
1108093,1108.093,20.75,293.9,1019.67,1.2086554222568526,-53.28613611080826
1108248,1108.248,20.75,293.9,1019.66,1.2086435688589665,-53.20334742966569
1108403,1108.403,20.74,293.89,1019.71,1.2087439635776784,-53.61728426061187
1108557,1108.557,20.73,293.88,1019.69,1.208761385696769,-53.45171150064174
1108712,1108.712,20.71,293.85999999999996,1019.71,1.2088673635603484,-53.61728426061187
1108865,1108.865,20.68,293.83,1019.66,1.2089315076324754,-53.20334742966569
1109030,1109.03,20.67,293.82,1019.7,1.2090200794438948,-53.53449820935234
1109184,1109.184,20.65,293.79999999999995,1019.71,1.2091142391281278,-53.61728426061187
1109339,1109.339,20.63,293.78,1019.68,1.2091609786742723,-53.36892413446038
1109493,1109.493,20.62,293.77,1019.69,1.2092139974421026,-53.45171150064174
1109648,1109.648,20.61,293.76,1019.67,1.2092314426786797,-53.28613611080826
1109802,1109.802,20.6,293.75,1019.67,1.209272608004388,-53.28613611080826
1109956,1109.956,20.59,293.73999999999995,1019.67,1.2093137761329373,-53.28613611080826
1110111,1110.111,20.59,293.73999999999995,1019.69,1.2093374958417868,-53.45171150064174
1110267,1110.267,20.58,293.72999999999996,1019.68,1.2093668073228059,-53.36892413446038
1110422,1110.422,20.57,293.71999999999997,1019.72,1.2094554241096374,-53.700069654420325
1110577,1110.577,20.55,293.7,1019.71,1.2095259225599044,-53.61728426061187
1110731,1110.731,20.54,293.69,1019.69,1.2095433825753905,-53.45171150064174
1110885,1110.885,20.53,293.67999999999995,1019.7,1.2095964306122489,-53.53449820935234
1111039,1111.039,20.52,293.66999999999996,1019.71,1.209649482261872,-53.61728426061187
1111194,1111.194,20.51,293.65999999999997,1019.7,1.2096788113539645,-53.53449820935234
1111349,1111.349,20.5,293.65,1019.7,1.209720005932931,-53.53449820935234
1111505,1111.505,20.49,293.64,1019.72,1.2097849311043547,-53.700069654420325
1111660,1111.66,20.47,293.62,1019.7,1.2098436065057052,-53.53449820935234
1111851,1111.851,20.45,293.59999999999997,1019.69,1.2099141554106487,-53.45171150064174
1112006,1112.006,20.44,293.59,1019.71,1.2099790982521337,-53.61728426061187
1112160,1112.16,20.43,293.58,1019.68,1.2099847139278144,-53.36892413446038
1112314,1112.314,20.42,293.57,1019.69,1.210037796874907,-53.45171150064174
1112469,1112.469,20.4,293.54999999999995,1019.69,1.210120238557542,-53.45171150064174
1112626,1112.626,20.39,293.53999999999996,1019.68,1.2101495956766632,-53.36892413446038
1112780,1112.78,20.39,293.53999999999996,1019.68,1.2101495956766632,-53.36892413446038
1112935,1112.935,20.38,293.53,1019.69,1.2102026914746924,-53.45171150064174
1113089,1113.089,20.36,293.51,1019.71,1.2103088939247177,-53.61728426061187
1113243,1113.243,20.35,293.5,1019.71,1.2103501310250218,-53.61728426061187
1113398,1113.398,20.34,293.48999999999995,1019.71,1.210391370935446,-53.61728426061187
1113552,1113.552,20.33,293.47999999999996,1019.7,1.2104207432949612,-53.53449820935234
1113707,1113.707,20.31,293.46,1019.7,1.2105032363599986,-53.53449820935234
1113871,1113.871,20.31,293.46,1019.68,1.2104794940193815,-53.36892413446038
1114025,1114.025,20.3,293.45,1019.7,1.2105444871092357,-53.53449820935234
1114180,1114.18,20.3,293.45,1019.7,1.2105444871092357,-53.53449820935234
1114335,1114.335,20.31,293.46,1019.68,1.2104794940193815,-53.36892413446038
1114489,1114.489,20.32,293.46999999999997,1019.68,1.2104382468904071,-53.36892413446038
1114643,1114.643,20.32,293.46999999999997,1019.71,1.210473859187801,-53.61728426061187
1114797,1114.797,20.31,293.46,1019.68,1.2104794940193815,-53.36892413446038
1114955,1114.955,20.3,293.45,1019.7,1.2105444871092357,-53.53449820935234
1115109,1115.109,20.28,293.42999999999995,1019.71,1.2106388694265888,-53.61728426061187
1115263,1115.263,20.28,293.42999999999995,1019.68,1.2106032522745724,-53.36892413446038
1115418,1115.418,20.28,293.42999999999995,1019.71,1.2106388694265888,-53.61728426061187
1115573,1115.573,20.27,293.41999999999996,1019.7,1.2106682562272688,-53.53449820935234
1115727,1115.727,20.27,293.41999999999996,1019.7,1.2106682562272688,-53.53449820935234
1115881,1115.881,20.25,293.4,1019.71,1.2107626566320515,-53.61728426061187
1116036,1116.036,20.25,293.4,1019.68,1.2107270358381994,-53.36892413446038
1116200,1116.2,20.24,293.39,1019.69,1.2107801766541684,-53.45171150064174
1116354,1116.354,20.24,293.39,1019.67,1.21075642864886,-53.28613611080826
1116509,1116.509,20.23,293.38,1019.67,1.210797697870642,-53.28613611080826
1116663,1116.663,20.23,293.38,1019.68,1.2108095722780274,-53.36892413446038
1116818,1116.818,20.22,293.37,1019.67,1.2108389699058832,-53.28613611080826
1117008,1117.008,20.22,293.37,1019.69,1.2108627195301715,-53.45171150064174
1117163,1117.163,20.21,293.35999999999996,1019.66,1.2108683695379405,-53.20334742966569
1117320,1117.32,20.21,293.35999999999996,1019.65,1.21085649432101,-53.12055809101299
1117474,1117.474,20.2,293.34999999999997,1019.66,1.2109096467961489,-53.20334742966569
1117629,1117.629,20.19,293.34,1019.68,1.2109746789218234,-53.36892413446038
1117783,1117.783,20.19,293.34,1019.7,1.2109984309749955,-53.53449820935234
1117938,1117.938,20.19,293.34,1019.68,1.2109746789218234,-53.36892413446038
1118093,1118.093,20.19,293.34,1019.67,1.2109628028952375,-53.28613611080826
1118246,1118.246,20.19,293.34,1019.67,1.2109628028952375,-53.28613611080826
1118401,1118.401,20.18,293.33,1019.69,1.2110278390501021,-53.45171150064174
1118566,1118.566,20.18,293.33,1019.68,1.211015962618647,-53.36892413446038
1118720,1118.72,20.18,293.33,1019.67,1.2110040861871918,-53.28613611080826
1118874,1118.874,20.18,293.33,1019.68,1.211015962618647,-53.36892413446038
1119029,1119.029,20.17,293.32,1019.68,1.2110572491303957,-53.36892413446038
1119183,1119.183,20.16,293.31,1019.68,1.211098538457358,-53.36892413446038
1119338,1119.338,20.17,293.32,1019.71,1.2110928796394513,-53.61728426061187
1119493,1119.493,20.16,293.31,1019.68,1.211098538457358,-53.36892413446038
1119649,1119.649,20.16,293.31,1019.67,1.2110866612160818,-53.28613611080826
1119804,1119.804,20.16,293.31,1019.67,1.2110866612160818,-53.28613611080826
1119958,1119.958,20.16,293.31,1019.68,1.211098538457358,-53.36892413446038
1120113,1120.113,20.16,293.31,1019.67,1.2110866612160818,-53.28613611080826
1120267,1120.267,20.15,293.29999999999995,1019.66,1.2111160753073655,-53.20334742966569
1120421,1120.421,20.16,293.31,1019.66,1.2110747839748055,-53.20334742966569
1120576,1120.576,20.16,293.31,1019.69,1.2111104156986343,-53.45171150064174
1120731,1120.731,20.15,293.29999999999995,1019.71,1.2111754635385066,-53.61728426061187
1120894,1120.894,20.14,293.28999999999996,1019.69,1.2111930036092826,-53.45171150064174
1121049,1121.049,20.14,293.28999999999996,1019.65,1.2111454914044513,-53.12055809101299
1121204,1121.204,20.14,293.28999999999996,1019.68,1.2111811255580747,-53.36892413446038
1121358,1121.358,20.14,293.28999999999996,1019.67,1.211169247506867,-53.28613611080826
1121513,1121.513,20.13,293.28,1019.68,1.2112224233324052,-53.36892413446038
1121703,1121.703,20.13,293.28,1019.66,1.211198666419975,-53.20334742966569
1121858,1121.858,20.13,293.28,1019.67,1.21121054487619,-53.28613611080826
1122016,1122.016,20.13,293.28,1019.71,1.2112580587010502,-53.61728426061187
1122169,1122.169,20.13,293.28,1019.7,1.211246180244835,-53.53449820935234
1122324,1122.324,20.12,293.27,1019.72,1.2113112393681,-53.700069654420325
1122479,1122.479,20.11,293.26,1019.71,1.2113406651293868,-53.61728426061187
1122633,1122.633,20.11,293.26,1019.7,1.2113287858630744,-53.53449820935234
1122788,1122.788,20.11,293.26,1019.72,1.211352544395699,-53.700069654420325
1122942,1122.942,20.11,293.26,1019.67,1.2112931480641376,-53.28613611080826
1123097,1123.097,20.11,293.26,1019.65,1.211269389531513,-53.12055809101299
1123261,1123.261,20.11,293.26,1019.67,1.2112931480641376,-53.28613611080826
1123415,1123.415,20.11,293.26,1019.69,1.2113169065967622,-53.45171150064174
1123570,1123.57,20.11,293.26,1019.69,1.2113169065967622,-53.45171150064174
1123725,1123.725,20.1,293.25,1019.66,1.211322574211936,-53.20334742966569
1123879,1123.879,20.09,293.23999999999995,1019.68,1.2113876425962617,-53.36892413446038
1124033,1124.033,20.08,293.22999999999996,1019.68,1.2114289544553003,-53.36892413446038
1124188,1124.188,20.08,293.22999999999996,1019.68,1.2114289544553003,-53.36892413446038
1124345,1124.345,20.09,293.23999999999995,1019.66,1.2113638824432216,-53.20334742966569
1124499,1124.499,20.08,293.22999999999996,1019.67,1.211417073973635,-53.28613611080826
1124653,1124.653,20.08,293.22999999999996,1019.66,1.2114051934919696,-53.20334742966569
1124808,1124.808,20.08,293.22999999999996,1019.66,1.2114051934919696,-53.20334742966569
1124963,1124.963,20.08,293.22999999999996,1019.68,1.2114289544553003,-53.36892413446038
1125117,1125.117,20.08,293.22999999999996,1019.67,1.211417073973635,-53.28613611080826
1125272,1125.272,20.08,293.22999999999996,1019.66,1.2114051934919696,-53.20334742966569
1125427,1125.427,20.09,293.23999999999995,1019.68,1.2113876425962617,-53.36892413446038
1125627,1125.627,20.09,293.23999999999995,1019.68,1.2113876425962617,-53.36892413446038
1125782,1125.782,20.09,293.23999999999995,1019.69,1.2113995226727816,-53.45171150064174
1125937,1125.937,20.09,293.23999999999995,1019.66,1.2113638824432216,-53.20334742966569
1126090,1126.09,20.09,293.23999999999995,1019.67,1.2113757625197417,-53.28613611080826
1126245,1126.245,20.09,293.23999999999995,1019.66,1.2113638824432216,-53.20334742966569
1126399,1126.399,20.09,293.23999999999995,1019.67,1.2113757625197417,-53.28613611080826
1126554,1126.554,20.09,293.23999999999995,1019.68,1.2113876425962617,-53.36892413446038
1126711,1126.711,20.09,293.23999999999995,1019.66,1.2113638824432216,-53.20334742966569
1126865,1126.865,20.09,293.23999999999995,1019.66,1.2113638824432216,-53.20334742966569
1127020,1127.02,20.1,293.25,1019.65,1.2113106945405336,-53.12055809101299
1127175,1127.175,20.11,293.26,1019.67,1.2112931480641376,-53.28613611080826
1127329,1127.329,20.12,293.27,1019.66,1.211239966200601,-53.20334742966569
1127484,1127.484,20.12,293.27,1019.69,1.2112756027843505,-53.45171150064174
1127638,1127.638,20.12,293.27,1019.66,1.211239966200601,-53.20334742966569
1127792,1127.792,20.12,293.27,1019.66,1.211239966200601,-53.20334742966569
1127957,1127.957,20.13,293.28,1019.67,1.21121054487619,-53.28613611080826
1128112,1128.112,20.13,293.28,1019.66,1.211198666419975,-53.20334742966569
1128266,1128.266,20.14,293.28999999999996,1019.7,1.2112048816604903,-53.53449820935234
1128421,1128.421,20.13,293.28,1019.67,1.21121054487619,-53.28613611080826
1128575,1128.575,20.14,293.28999999999996,1019.7,1.2112048816604903,-53.53449820935234
1128730,1128.73,20.14,293.28999999999996,1019.65,1.2111454914044513,-53.12055809101299
1128885,1128.885,20.15,293.29999999999995,1019.69,1.2111517082460501,-53.45171150064174
1129041,1129.041,20.15,293.29999999999995,1019.67,1.2111279529535937,-53.28613611080826
1129196,1129.196,20.16,293.31,1019.67,1.2110866612160818,-53.28613611080826
1129351,1129.351,20.17,293.32,1019.67,1.2110453722940437,-53.28613611080826
1129505,1129.505,20.18,293.33,1019.69,1.2110278390501021,-53.45171150064174
1129659,1129.659,20.18,293.33,1019.68,1.211015962618647,-53.36892413446038
1129813,1129.813,20.18,293.33,1019.67,1.2110040861871918,-53.28613611080826
1129968,1129.968,20.19,293.34,1019.65,1.2109390508420654,-53.12055809101299
1130123,1130.123,20.2,293.34999999999997,1019.67,1.2109215224178933,-53.28613611080826
1130288,1130.288,20.2,293.34999999999997,1019.69,1.2109452736613822,-53.45171150064174
1130441,1130.441,20.2,293.34999999999997,1019.66,1.2109096467961489,-53.20334742966569
1130596,1130.596,20.2,293.34999999999997,1019.66,1.2109096467961489,-53.20334742966569
1130750,1130.75,20.2,293.34999999999997,1019.68,1.2109333980396377,-53.36892413446038
1130905,1130.905,20.21,293.35999999999996,1019.69,1.2109039951887322,-53.45171150064174
1131060,1131.06,20.22,293.37,1019.65,1.210815220281595,-53.12055809101299
1131214,1131.214,20.22,293.37,1019.69,1.2108627195301715,-53.45171150064174
1131369,1131.369,20.22,293.37,1019.64,1.2108033454694507,-53.03776809485016
1131558,1131.558,20.22,293.37,1019.69,1.2108627195301715,-53.45171150064174
1131713,1131.713,20.22,293.37,1019.65,1.210815220281595,-53.12055809101299
1131868,1131.868,20.22,293.37,1019.64,1.2108033454694507,-53.03776809485016
1132022,1132.022,20.23,293.38,1019.68,1.2108095722780274,-53.36892413446038
1132177,1132.177,20.23,293.38,1019.65,1.210773949055871,-53.12055809101299
1132331,1132.331,20.24,293.39,1019.66,1.2107445546462055,-53.20334742966569
1132486,1132.486,20.24,293.39,1019.65,1.2107326806435512,-53.12055809101299
1132650,1132.65,20.26,293.40999999999997,1019.65,1.2106501522579718,-53.12055809101299
1132805,1132.805,20.26,293.40999999999997,1019.65,1.2106501522579718,-53.12055809101299
1132959,1132.959,20.26,293.40999999999997,1019.67,1.2106738986445214,-53.28613611080826
1133114,1133.114,20.26,293.40999999999997,1019.65,1.2106501522579718,-53.12055809101299
1133268,1133.268,20.27,293.41999999999996,1019.65,1.2106088922841372,-53.12055809101299
1133423,1133.423,20.26,293.40999999999997,1019.66,1.2106620254512466,-53.20334742966569
1133578,1133.578,20.27,293.41999999999996,1019.65,1.2106088922841372,-53.12055809101299
1133732,1133.732,20.27,293.41999999999996,1019.67,1.2106326378613899,-53.28613611080826
1133889,1133.889,20.28,293.42999999999995,1019.68,1.2106032522745724,-53.36892413446038
1134044,1134.044,20.28,293.42999999999995,1019.67,1.2105913798905668,-53.28613611080826
1134198,1134.198,20.29,293.44,1019.68,1.2105619967111767,-53.36892413446038
1134353,1134.353,20.29,293.44,1019.67,1.2105501247317645,-53.28613611080826
1134544,1134.544,20.29,293.44,1019.68,1.2105619967111767,-53.36892413446038
1134699,1134.699,20.29,293.44,1019.71,1.2105976126494136,-53.61728426061187
1134854,1134.854,20.28,293.42999999999995,1019.69,1.210615124658578,-53.45171150064174
1135018,1135.018,20.28,293.42999999999995,1019.68,1.2106032522745724,-53.36892413446038
1135173,1135.173,20.28,293.42999999999995,1019.66,1.2105795075065613,-53.20334742966569
1135328,1135.328,20.28,293.42999999999995,1019.7,1.2106269970425834,-53.53449820935234
1135482,1135.482,20.28,293.42999999999995,1019.69,1.210615124658578,-53.45171150064174
1135637,1135.637,20.28,293.42999999999995,1019.7,1.2106269970425834,-53.53449820935234
1135791,1135.791,20.29,293.44,1019.69,1.210573868690589,-53.45171150064174
1135945,1135.945,20.29,293.44,1019.68,1.2105619967111767,-53.36892413446038
1136100,1136.1,20.28,293.42999999999995,1019.68,1.2106032522745724,-53.36892413446038
1136257,1136.257,20.28,293.42999999999995,1019.68,1.2106032522745724,-53.36892413446038
1136412,1136.412,20.3,293.45,1019.67,1.210508872384696,-53.28613611080826
1136567,1136.567,20.37,293.52,1019.65,1.2101964471722932,-53.12055809101299
1136721,1136.721,20.44,293.59,1019.67,1.2099316345968492,-53.28613611080826
1136876,1136.876,20.5,293.65,1019.65,1.2096606884863323,-53.12055809101299
1137030,1137.03,20.58,293.72999999999996,1019.65,1.2093312265482299,-53.12055809101299
1137184,1137.184,20.61,293.76,1019.69,1.2092551607726254,-53.45171150064174
1137349,1137.349,20.62,293.77,1019.66,1.2091784215122383,-53.20334742966569
1137504,1137.504,20.63,293.78,1019.67,1.2091491204346414,-53.28613611080826
1137658,1137.658,20.65,293.79999999999995,1019.65,1.2090430945337356,-53.12055809101299
1137813,1137.813,20.65,293.79999999999995,1019.64,1.209031237101337,-53.03776809485016
1137968,1137.968,20.66,293.81,1019.67,1.209025658082737,-53.28613611080826
1138122,1138.122,20.66,293.81,1019.67,1.209025658082737,-53.28613611080826
1138277,1138.277,20.67,293.82,1019.67,1.2089845095680654,-53.28613611080826
1138431,1138.431,20.67,293.82,1019.64,1.208948939692236,-53.03776809485016
1138588,1138.588,20.67,293.82,1019.66,1.2089726529427889,-53.20334742966569
1138743,1138.743,20.67,293.82,1019.63,1.2089370830669595,-52.954977441167344
1138897,1138.897,20.68,293.83,1019.63,1.2088959389672056,-52.954977441167344
1139052,1139.052,20.67,293.82,1019.67,1.2089845095680654,-53.28613611080826
1139207,1139.207,20.67,293.82,1019.64,1.208948939692236,-53.03776809485016
1139361,1139.361,20.67,293.82,1019.68,1.2089963661933418,-53.36892413446038
1139516,1139.516,20.66,293.81,1019.64,1.2089900869962655,-53.03776809485016
1139680,1139.68,20.66,293.81,1019.66,1.2090138010539133,-53.20334742966569
1139834,1139.834,20.66,293.81,1019.65,1.2090019440250894,-53.12055809101299
1139989,1139.989,20.66,293.81,1019.66,1.2090138010539133,-53.20334742966569
1140144,1140.144,20.66,293.81,1019.67,1.209025658082737,-53.28613611080826
1140298,1140.298,20.65,293.79999999999995,1019.64,1.209031237101337,-53.03776809485016
1140453,1140.453,20.64,293.78999999999996,1019.64,1.2090723900077363,-53.03776809485016
1140607,1140.607,20.64,293.78999999999996,1019.64,1.2090723900077363,-53.03776809485016
1140762,1140.762,20.64,293.78999999999996,1019.68,1.2091198213517402,-53.36892413446038
1140920,1140.92,20.64,293.78999999999996,1019.66,1.2090961056797382,-53.20334742966569
1141074,1141.074,20.63,293.78,1019.67,1.2091491204346414,-53.28613611080826
1141229,1141.229,20.63,293.78,1019.65,1.2091254039553798,-53.12055809101299
1141419,1141.419,20.62,293.77,1019.65,1.2091665628689503,-53.12055809101299
1141574,1141.574,20.63,293.78,1019.62,1.2090898292364876,-52.872186129935024
1141729,1141.729,20.63,293.78,1019.64,1.2091135457157491,-53.03776809485016
1141883,1141.883,20.62,293.77,1019.65,1.2091665628689503,-53.12055809101299
1142048,1142.048,20.62,293.77,1019.64,1.2091547042256623,-53.03776809485016
1142203,1142.203,20.61,293.76,1019.69,1.2092551607726254,-53.45171150064174
1142357,1142.357,20.61,293.76,1019.66,1.2092195836317068,-53.20334742966569
1142512,1142.512,20.61,293.76,1019.62,1.2091721474438155,-52.872186129935024
1142667,1142.667,20.61,293.76,1019.67,1.2092314426786797,-53.28613611080826
1142821,1142.821,20.61,293.76,1019.65,1.2092077245847341,-53.12055809101299
1142976,1142.976,20.61,293.76,1019.64,1.2091958655377613,-53.03776809485016
1143131,1143.131,20.61,293.76,1019.63,1.2091840064907884,-52.954977441167344
1143324,1143.324,20.6,293.75,1019.65,1.2092488891030178,-53.12055809101299
1143479,1143.479,20.6,293.75,1019.64,1.2092370296523327,-53.03776809485016
1143633,1143.633,20.61,293.76,1019.68,1.2092433017256525,-53.36892413446038
1143788,1143.788,20.6,293.75,1019.67,1.209272608004388,-53.28613611080826
1143943,1143.943,20.6,293.75,1019.67,1.209272608004388,-53.28613611080826
1144097,1144.097,20.6,293.75,1019.66,1.209260748553703,-53.20334742966569
1144252,1144.252,20.6,293.75,1019.65,1.2092488891030178,-53.12055809101299
1144417,1144.417,20.6,293.75,1019.66,1.209260748553703,-53.20334742966569
1144571,1144.571,20.6,293.75,1019.65,1.2092488891030178,-53.12055809101299
1144726,1144.726,20.59,293.73999999999995,1019.64,1.2092781965696628,-53.03776809485016
1144881,1144.881,20.59,293.73999999999995,1019.63,1.209266336715238,-52.954977441167344
1145035,1145.035,20.59,293.73999999999995,1019.65,1.2092900564240876,-53.12055809101299
1145190,1145.19,20.59,293.73999999999995,1019.66,1.2093019162785126,-53.20334742966569
1145344,1145.344,20.58,293.72999999999996,1019.65,1.2093312265482299,-53.12055809101299
1145499,1145.499,20.59,293.73999999999995,1019.64,1.2092781965696628,-53.03776809485016
1145656,1145.656,20.59,293.73999999999995,1019.66,1.2093019162785126,-53.20334742966569
1145810,1145.81,20.59,293.73999999999995,1019.65,1.2092900564240876,-53.12055809101299
1145965,1145.965,20.59,293.73999999999995,1019.63,1.209266336715238,-52.954977441167344
1146120,1146.12,20.59,293.73999999999995,1019.66,1.2093019162785126,-53.20334742966569
1146274,1146.274,20.59,293.73999999999995,1019.66,1.2093019162785126,-53.20334742966569
1146429,1146.429,20.6,293.75,1019.65,1.2092488891030178,-53.12055809101299
1146583,1146.583,20.61,293.76,1019.65,1.2092077245847341,-53.12055809101299
1146748,1146.748,20.61,293.76,1019.64,1.2091958655377613,-53.03776809485016
1146903,1146.903,20.61,293.76,1019.64,1.2091958655377613,-53.03776809485016
1147058,1147.058,20.61,293.76,1019.68,1.2092433017256525,-53.36892413446038
1147212,1147.212,20.61,293.76,1019.63,1.2091840064907884,-52.954977441167344
1147367,1147.367,20.62,293.77,1019.65,1.2091665628689503,-53.12055809101299
1147521,1147.521,20.62,293.77,1019.64,1.2091547042256623,-53.03776809485016
1147676,1147.676,20.62,293.77,1019.67,1.2091902801555263,-53.28613611080826
1147831,1147.831,20.61,293.76,1019.66,1.2092195836317068,-53.20334742966569
1147988,1147.988,20.62,293.77,1019.63,1.209142845582374,-52.954977441167344
1148143,1148.143,20.63,293.78,1019.66,1.2091372621950107,-53.20334742966569
1148298,1148.298,20.63,293.78,1019.63,1.2091016874761182,-52.954977441167344
1148452,1148.452,20.63,293.78,1019.64,1.2091135457157491,-53.03776809485016
1148607,1148.607,20.63,293.78,1019.63,1.2091016874761182,-52.954977441167344
1148762,1148.762,20.64,293.78999999999996,1019.65,1.2090842478437371,-53.12055809101299
1148916,1148.916,20.64,293.78999999999996,1019.63,1.2090605321717351,-52.954977441167344
1149080,1149.08,20.64,293.78999999999996,1019.66,1.2090961056797382,-53.20334742966569
1149235,1149.235,20.64,293.78999999999996,1019.66,1.2090961056797382,-53.20334742966569
1149389,1149.389,20.64,293.78999999999996,1019.65,1.2090842478437371,-53.12055809101299
1149544,1149.544,20.63,293.78,1019.65,1.2091254039553798,-53.12055809101299
1149698,1149.698,20.64,293.78999999999996,1019.67,1.2091079635157391,-53.28613611080826
1149853,1149.853,20.64,293.78999999999996,1019.67,1.2091079635157391,-53.28613611080826
1150008,1150.008,20.64,293.78999999999996,1019.62,1.209048674335734,-52.872186129935024
1150162,1150.162,20.65,293.79999999999995,1019.66,1.2090549519661342,-53.20334742966569
1150320,1150.32,20.67,293.82,1019.68,1.2089963661933418,-53.36892413446038
1150475,1150.475,20.68,293.83,1019.66,1.2089315076324754,-53.20334742966569
1150629,1150.629,20.68,293.83,1019.66,1.2089315076324754,-53.20334742966569
1150784,1150.784,20.68,293.83,1019.66,1.2089315076324754,-53.20334742966569
1150939,1150.939,20.68,293.83,1019.63,1.2088959389672056,-52.954977441167344
1151093,1151.093,20.7,293.84999999999997,1019.67,1.208861080827936,-53.28613611080826
1151285,1151.285,20.72,293.87,1019.65,1.2087550997856584,-53.12055809101299
1151439,1151.439,20.75,293.9,1019.63,1.2086080086653082,-52.954977441167344
1151597,1151.597,20.76,293.90999999999997,1019.66,1.208602445944848,-53.20334742966569
1151752,1151.752,20.76,293.90999999999997,1019.65,1.208590592950262,-53.12055809101299
1151906,1151.906,20.76,293.90999999999997,1019.66,1.208602445944848,-53.20334742966569
1152099,1152.099,20.77,293.91999999999996,1019.65,1.208549473237655,-53.12055809101299
1152253,1152.253,20.77,293.91999999999996,1019.62,1.2085139154637157,-52.872186129935024
1152408,1152.408,20.76,293.90999999999997,1019.67,1.2086142989394337,-53.28613611080826
1152563,1152.563,20.76,293.90999999999997,1019.67,1.2086142989394337,-53.28613611080826
1152719,1152.719,20.75,293.9,1019.66,1.2086435688589665,-53.20334742966569
1152875,1152.875,20.76,293.90999999999997,1019.66,1.208602445944848,-53.20334742966569
1153030,1153.03,20.76,293.90999999999997,1019.63,1.2085668869610902,-52.954977441167344
1153184,1153.184,20.78,293.92999999999995,1019.66,1.208520208511041,-53.20334742966569
1153339,1153.339,20.84,293.98999999999995,1019.64,1.2082498638061594,-53.03776809485016
1153493,1153.493,20.88,294.03,1019.64,1.2080854928421343,-53.03776809485016
1153648,1153.648,20.93,294.08,1019.67,1.2079156304450793,-53.28613611080826
1153803,1153.803,21.0,294.15,1019.65,1.2076044914975745,-53.12055809101299
1153967,1153.967,21.04,294.19,1019.63,1.2074166142517897,-52.954977441167344
1154121,1154.121,21.11,294.26,1019.66,1.2071649048040856,-53.20334742966569
1154276,1154.276,21.15,294.29999999999995,1019.67,1.2070126693893612,-53.28613611080826
1154431,1154.431,21.19,294.34,1019.66,1.2068368039941912,-53.20334742966569
1154586,1154.586,21.2,294.34999999999997,1019.7,1.206843145038917,-53.53449820935234
1154741,1154.741,21.22,294.37,1019.68,1.20673748111196,-53.36892413446038
1154895,1154.895,21.24,294.39,1019.69,1.2066673325471873,-53.45171150064174
1155052,1155.052,21.25,294.4,1019.68,1.2066145119392924,-53.36892413446038
1155207,1155.207,21.28,294.42999999999995,1019.65,1.2064560716435537,-53.12055809101299
1155361,1155.361,21.3,294.45,1019.65,1.206374125230129,-53.12055809101299
1155516,1155.516,21.32,294.46999999999997,1019.66,1.2063040204015698,-53.20334742966569
1155670,1155.67,21.36,294.51,1019.69,1.2061756681558062,-53.45171150064174
1155826,1155.826,21.38,294.53,1019.67,1.2060701069544326,-53.28613611080826
1155981,1155.981,21.41,294.56,1019.69,1.2059709262240847,-53.45171150064174
1156135,1156.135,21.42,294.57,1019.69,1.2059299861783834,-53.45171150064174
1156299,1156.299,21.43,294.58,1019.7,1.2059008749480793,-53.53449820935234
1156455,1156.455,21.49,294.64,1019.71,1.205667130925346,-53.61728426061187
1156609,1156.609,21.5,294.65,1019.68,1.2055907426266002,-53.36892413446038
1156764,1156.764,21.5,294.65,1019.71,1.2056262123055963,-53.61728426061187
1156919,1156.919,21.49,294.64,1019.73,1.2056907781805641,-53.78285439079739
1157073,1157.073,21.47,294.62,1019.71,1.2057489764980107,-53.61728426061187
1157228,1157.228,21.46,294.60999999999996,1019.71,1.2057899034514916,-53.61728426061187
1157385,1157.385,21.46,294.60999999999996,1019.7,1.205778078619888,-53.53449820935234
1157540,1157.54,21.46,294.60999999999996,1019.72,1.2058017282830953,-53.700069654420325
1157695,1157.695,21.45,294.59999999999997,1019.71,1.2058308331834486,-53.61728426061187
1157850,1157.85,21.46,294.60999999999996,1019.71,1.2057899034514916,-53.61728426061187
1158004,1158.004,21.46,294.60999999999996,1019.69,1.2057662537882843,-53.45171150064174
1158159,1158.159,21.46,294.60999999999996,1019.7,1.205778078619888,-53.53449820935234
1158313,1158.313,21.46,294.60999999999996,1019.7,1.205778078619888,-53.53449820935234
1158468,1158.468,21.47,294.62,1019.72,1.2057608009282557,-53.700069654420325
1158633,1158.633,21.47,294.62,1019.7,1.2057371520677658,-53.53449820935234
1158788,1158.788,21.48,294.63,1019.7,1.2056962282938097,-53.53449820935234
1158942,1158.942,21.49,294.64,1019.7,1.205655307297737,-53.53449820935234
1159097,1159.097,21.51,294.65999999999997,1019.69,1.205561650813027,-53.45171150064174
1159251,1159.251,21.52,294.66999999999996,1019.67,1.2054970937024094,-53.28613611080826
1159406,1159.406,21.54,294.69,1019.7,1.2054507439757207,-53.53449820935234
1159561,1159.561,21.55,294.7,1019.71,1.205421660861364,-53.61728426061187
1159718,1159.718,21.56,294.71,1019.72,1.2053925797206837,-53.700069654420325
1159873,1159.873,21.56,294.71,1019.7,1.2053689380822001,-53.53449820935234
1160028,1160.028,21.57,294.71999999999997,1019.71,1.2053398597171687,-53.61728426061187
1160182,1160.182,21.57,294.71999999999997,1019.71,1.2053398597171687,-53.61728426061187
1160337,1160.337,21.57,294.71999999999997,1019.71,1.2053398597171687,-53.61728426061187
1160491,1160.491,21.56,294.71,1019.71,1.2053807589014418,-53.61728426061187
1160646,1160.646,21.58,294.72999999999996,1019.7,1.2052871432911656,-53.53449820935234
1160838,1160.838,21.61,294.76,1019.67,1.205129015474586,-53.28613611080826
1161002,1161.002,21.63,294.78,1019.68,1.2050590688477092,-53.36892413446038
1161194,1161.194,21.67,294.82,1019.7,1.2049192040641923,-53.53449820935234
1161349,1161.349,21.68,294.83,1019.71,1.2048901518022044,-53.61728426061187
1161503,1161.503,21.68,294.83,1019.69,1.2048665197862038,-53.45171150064174
1161658,1161.658,21.69,294.84,1019.69,1.2048256546892093,-53.45171150064174
1161812,1161.812,21.7,294.84999999999997,1019.7,1.2047966075706469,-53.53449820935234
1161967,1161.967,21.68,294.83,1019.72,1.2049019678102049,-53.700069654420325
1162125,1162.125,21.66,294.81,1019.71,1.2049718919162984,-53.61728426061187
1162279,1162.279,21.64,294.78999999999996,1019.72,1.2050654607330056,-53.700069654420325
1162434,1162.434,21.62,294.77,1019.7,1.205123587007515,-53.53449820935234
1162589,1162.589,21.61,294.76,1019.69,1.2051526531027494,-53.45171150064174
1162743,1162.743,21.62,294.77,1019.74,1.2051708606600406,-53.865638469762764
1162898,1162.898,21.61,294.76,1019.71,1.205176290730913,-53.61728426061187
1163052,1163.052,21.61,294.76,1019.72,1.2051881095449948,-53.700069654420325
1163207,1163.207,21.6,294.75,1019.72,1.2052289980304756,-53.700069654420325
1163372,1163.372,21.59,294.73999999999995,1019.7,1.2052462500583743,-53.53449820935234
1163527,1163.527,21.58,294.72999999999996,1019.7,1.2052871432911656,-53.53449820935234
1163681,1163.681,21.57,294.71999999999997,1019.68,1.2053043984627028,-53.36892413446038
1163836,1163.836,21.55,294.7,1019.68,1.2053861972002977,-53.36892413446038
1163991,1163.991,21.53,294.67999999999995,1019.7,1.2054916510866203,-53.53449820935234
1164146,1164.146,21.53,294.67999999999995,1019.71,1.2055034731092846,-53.61728426061187
1164301,1164.301,21.52,294.66999999999996,1019.7,1.2055325609739886,-53.53449820935234
1164457,1164.457,21.51,294.65999999999997,1019.68,1.2055498279879446,-53.36892413446038
1164612,1164.612,21.5,294.65,1019.68,1.2055907426266002,-53.36892413446038
1164768,1164.768,21.49,294.64,1019.68,1.2056316600425188,-53.36892413446038
1164922,1164.922,21.48,294.63,1019.69,1.2056844042648964,-53.45171150064174
1165077,1165.077,21.47,294.62,1019.69,1.205725327637521,-53.45171150064174
1165232,1165.232,21.46,294.60999999999996,1019.68,1.2057544289566808,-53.36892413446038
1165386,1165.386,21.45,294.59999999999997,1019.66,1.2057717070185006,-53.20334742966569
1165541,1165.541,21.44,294.59,1019.68,1.205836288790956,-53.36892413446038
1165706,1165.706,21.43,294.58,1019.67,1.2058653968405493,-53.28613611080826
1165860,1165.86,21.42,294.57,1019.67,1.2059063333037612,-53.28613611080826
1166015,1166.015,21.42,294.57,1019.69,1.2059299861783834,-53.45171150064174
1166170,1166.17,21.42,294.57,1019.69,1.2059299861783834,-53.45171150064174
1166324,1166.324,21.42,294.57,1019.71,1.2059536390530057,-53.61728426061187
1166480,1166.48,21.41,294.56,1019.7,1.205982753062891,-53.53449820935234
1166634,1166.634,21.41,294.56,1019.7,1.205982753062891,-53.53449820935234
1166791,1166.791,21.4,294.54999999999995,1019.69,1.206011869049623,-53.45171150064174
1166946,1166.946,21.4,294.54999999999995,1019.7,1.2060236962899515,-53.53449820935234
1167101,1167.101,21.4,294.54999999999995,1019.69,1.206011869049623,-53.45171150064174
1167256,1167.256,21.39,294.53999999999996,1019.69,1.2060528146552811,-53.45171150064174
1167411,1167.411,21.39,294.53999999999996,1019.71,1.206076469939037,-53.61728426061187
1167565,1167.565,21.38,294.53,1019.68,1.2060819349978873,-53.36892413446038
1167720,1167.72,21.37,294.52,1019.67,1.2061110573179714,-53.28613611080826
1167874,1167.874,21.37,294.52,1019.68,1.2061228857630304,-53.36892413446038
1168039,1168.039,21.36,294.51,1019.7,1.2061874970024964,-53.53449820935234
1168194,1168.194,21.36,294.51,1019.7,1.2061874970024964,-53.53449820935234
1168349,1168.349,21.36,294.51,1019.7,1.2061874970024964,-53.53449820935234
1168503,1168.503,21.36,294.51,1019.66,1.2061401816157356,-53.20334742966569
1168658,1168.658,21.36,294.51,1019.67,1.2061520104624257,-53.28613611080826
1168813,1168.813,21.36,294.51,1019.69,1.2061756681558062,-53.45171150064174
1168968,1168.968,21.36,294.51,1019.7,1.2061874970024964,-53.53449820935234
1169125,1169.125,21.36,294.51,1019.67,1.2061520104624257,-53.28613611080826
1169279,1169.279,21.36,294.51,1019.68,1.2061638393091159,-53.36892413446038
1169471,1169.471,21.35,294.5,1019.69,1.2062166248847757,-53.45171150064174
1169627,1169.627,21.35,294.5,1019.68,1.2062047956364268,-53.36892413446038
1169781,1169.781,21.35,294.5,1019.72,1.2062521126298222,-53.700069654420325
1169936,1169.936,21.35,294.5,1019.7,1.2062284541331245,-53.53449820935234
1170090,1170.09,21.34,294.48999999999995,1019.67,1.206233925095212,-53.28613611080826
1170245,1170.245,21.34,294.48999999999995,1019.69,1.2062575843952816,-53.45171150064174
1170447,1170.447,21.34,294.48999999999995,1019.71,1.2062812436953512,-53.61728426061187
1170601,1170.601,21.34,294.48999999999995,1019.7,1.2062694140453165,-53.53449820935234
1170756,1170.756,21.33,294.47999999999996,1019.69,1.2062985466876068,-53.45171150064174
1170911,1170.911,21.34,294.48999999999995,1019.7,1.2062694140453165,-53.53449820935234
1171102,1171.102,21.33,294.47999999999996,1019.7,1.2063103767393548,-53.53449820935234
1171257,1171.257,21.33,294.47999999999996,1019.71,1.2063222067911028,-53.61728426061187
1171412,1171.412,21.33,294.47999999999996,1019.71,1.2063222067911028,-53.61728426061187
1171567,1171.567,21.33,294.47999999999996,1019.7,1.2063103767393548,-53.53449820935234
1171720,1171.72,21.33,294.47999999999996,1019.67,1.2062748865841109,-53.28613611080826
1171874,1171.874,21.33,294.47999999999996,1019.72,1.2063340368428508,-53.700069654420325
1172029,1172.029,21.33,294.47999999999996,1019.68,1.2062867166358588,-53.36892413446038
1172183,1172.183,21.33,294.47999999999996,1019.67,1.2062748865841109,-53.28613611080826
1172339,1172.339,21.33,294.47999999999996,1019.67,1.2062748865841109,-53.28613611080826
1172494,1172.494,21.32,294.46999999999997,1019.68,1.2063276813085466,-53.36892413446038
1172648,1172.648,21.32,294.46999999999997,1019.69,1.206339511762035,-53.45171150064174
1172813,1172.813,21.32,294.46999999999997,1019.66,1.2063040204015698,-53.20334742966569
1172968,1172.968,21.31,294.46,1019.67,1.2063568179083373,-53.28613611080826
1173122,1173.122,21.32,294.46999999999997,1019.68,1.2063276813085466,-53.36892413446038
1173277,1173.277,21.31,294.46,1019.66,1.206344987053081,-53.20334742966569
1173432,1173.432,21.32,294.46999999999997,1019.66,1.2063040204015698,-53.20334742966569
1173586,1173.586,21.32,294.46999999999997,1019.66,1.2063040204015698,-53.20334742966569
1173742,1173.742,21.32,294.46999999999997,1019.67,1.2063158508550582,-53.28613611080826
1173897,1173.897,21.32,294.46999999999997,1019.67,1.2063158508550582,-53.28613611080826
1174053,1174.053,21.32,294.46999999999997,1019.66,1.2063040204015698,-53.20334742966569
1174209,1174.209,21.31,294.46,1019.66,1.206344987053081,-53.20334742966569
1174364,1174.364,21.32,294.46999999999997,1019.69,1.206339511762035,-53.45171150064174
1174518,1174.518,21.33,294.47999999999996,1019.68,1.2062867166358588,-53.36892413446038
1174673,1174.673,21.33,294.47999999999996,1019.67,1.2062748865841109,-53.28613611080826
1174827,1174.827,21.42,294.57,1019.62,1.2058472011172057,-52.872186129935024
1174983,1174.983,21.59,294.73999999999995,1019.64,1.2051753323619896,-53.03776809485016
1175147,1175.147,21.72,294.87,1019.69,1.2047030760286446,-53.45171150064174
1175303,1175.303,21.77,294.91999999999996,1019.67,1.2044752088745727,-53.28613611080826
1175457,1175.457,21.81,294.96,1019.68,1.2043236788545149,-53.36892413446038
1175612,1175.612,21.86,295.01,1019.68,1.2041195631162593,-53.36892413446038
1175766,1175.766,21.9,295.04999999999995,1019.68,1.2039563203352914,-53.36892413446038
1175921,1175.921,21.95,295.09999999999997,1019.71,1.2037877446826295,-53.61728426061187
1176077,1176.077,21.97,295.12,1019.68,1.203670751948115,-53.36892413446038
1176231,1176.231,22.01,295.15999999999997,1019.69,1.2035194336243613,-53.45171150064174
1176388,1176.388,22.05,295.2,1019.67,1.2033327527143935,-53.28613611080826
1176544,1176.544,22.1,295.25,1019.68,1.203140769906614,-53.36892413446038
1176698,1176.698,22.16,295.31,1019.69,1.2029081169908449,-53.45171150064174
1176853,1176.853,22.2,295.34999999999997,1019.69,1.2027452040919806,-53.45171150064174
1177008,1177.008,22.24,295.39,1019.65,1.2025351608856478,-53.12055809101299
1177162,1177.162,22.31,295.46,1019.67,1.2022738394411732,-53.28613611080826
1177318,1177.318,22.38,295.53,1019.69,1.2020126417912445,-53.45171150064174
1177482,1177.482,22.5,295.65,1019.68,1.2015129792488675,-53.36892413446038
1177636,1177.636,22.54,295.69,1019.7,1.2013740056890836,-53.53449820935234
1177792,1177.792,22.53,295.67999999999995,1019.7,1.2014146365740166,-53.53449820935234
1177947,1177.947,22.49,295.64,1019.72,1.2016007548690388,-53.700069654420325
1178101,1178.101,22.48,295.63,1019.7,1.2016178322301703,-53.53449820935234
1178256,1178.256,22.49,295.64,1019.7,1.2015771876004775,-53.53449820935234
1178448,1178.448,22.51,295.65999999999997,1019.67,1.2014605580778226,-53.28613611080826
1178603,1178.603,22.54,295.69,1019.69,1.2013622240473687,-53.45171150064174
1178761,1178.761,22.6,295.75,1019.71,1.2011420573316784,-53.61728426061187
1178915,1178.915,22.8,295.95,1019.68,1.2002950238720316,-53.36892413446038
1179070,1179.07,22.95,296.09999999999997,1019.72,1.1997340329938626,-53.700069654420325
1179225,1179.225,23.15,296.29999999999995,1019.68,1.1988771930979674,-53.36892413446038
1179380,1179.38,23.27,296.41999999999996,1019.68,1.198391850465312,-53.36892413446038
1179535,1179.535,23.35,296.5,1019.7,1.1980920058759028,-53.53449820935234
1179689,1179.689,23.34,296.48999999999995,1019.73,1.1981676646197896,-53.78285439079739
1179854,1179.854,23.32,296.46999999999997,1019.71,1.1982249922617598,-53.61728426061187
1180009,1180.009,23.28,296.42999999999995,1019.72,1.198398431904607,-53.700069654420325
1180164,1180.164,23.26,296.40999999999997,1019.69,1.19844403369848,-53.45171150064174
1180319,1180.319,23.26,296.40999999999997,1019.69,1.19844403369848,-53.45171150064174
1180474,1180.474,23.27,296.41999999999996,1019.69,1.198403603092121,-53.45171150064174
1180628,1180.628,23.3,296.45,1019.65,1.198235321889059,-53.12055809101299
1180783,1180.783,23.35,296.5,1019.64,1.1980215091412234,-53.03776809485016
1180975,1180.975,23.43,296.58,1019.68,1.19774533790184,-53.36892413446038
1181132,1181.132,23.48,296.63,1019.65,1.1975082128375805,-53.12055809101299
1181287,1181.287,23.57,296.71999999999997,1019.7,1.1972036928491683,-53.53449820935234
1181441,1181.441,23.63,296.78,1019.67,1.196926439117491,-53.28613611080826
1181597,1181.597,23.68,296.83,1019.68,1.196736557338974,-53.36892413446038
1181752,1181.752,23.75,296.9,1019.68,1.1964544032163278,-53.36892413446038
1181906,1181.906,23.78,296.92999999999995,1019.69,1.19634525318616,-53.45171150064174
1182061,1182.061,23.82,296.96999999999997,1019.64,1.1961254586671137,-53.03776809485016
1182226,1182.226,23.85,297.0,1019.64,1.1960046379137128,-53.03776809485016
1182380,1182.38,23.88,297.03,1019.67,1.195919027038646,-53.28613611080826
1182536,1182.536,23.94,297.09,1019.66,1.1956657743029055,-53.20334742966569
1182691,1182.691,23.98,297.13,1019.66,1.1955048123301255,-53.20334742966569
1182845,1182.845,24.05,297.2,1019.66,1.1952232331347585,-53.20334742966569
1183000,1183.0,24.09,297.23999999999995,1019.69,1.1950975508968056,-53.45171150064174
1183155,1183.155,24.13,297.28,1019.68,1.1949250279700205,-53.36892413446038
1183310,1183.31,24.16,297.31,1019.72,1.1948513241044119,-53.700069654420325
1183467,1183.467,24.16,297.31,1019.69,1.194816171768748,-53.45171150064174
1183623,1183.623,24.17,297.32,1019.68,1.1947642685151612,-53.36892413446038
1183777,1183.777,24.17,297.32,1019.67,1.194752551464042,-53.28613611080826
1183932,1183.932,24.19,297.34,1019.7,1.194707337533481,-53.53449820935234
1184086,1184.086,24.2,297.34999999999997,1019.69,1.194655443176615,-53.45171150064174
1184242,1184.242,24.21,297.35999999999996,1019.7,1.1946269832600391,-53.53449820935234
1184397,1184.397,24.21,297.35999999999996,1019.7,1.1946269832600391,-53.53449820935234
1184562,1184.562,24.21,297.35999999999996,1019.69,1.1946152677850634,-53.45171150064174
1184716,1184.716,24.23,297.38,1019.71,1.1945583544819554,-53.61728426061187
1184871,1184.871,24.23,297.38,1019.68,1.194523210420767,-53.36892413446038
1185025,1185.025,24.21,297.35999999999996,1019.69,1.1946152677850634,-53.45171150064174
1185181,1185.181,24.19,297.34,1019.71,1.1947190537964751,-53.61728426061187
1185336,1185.336,24.17,297.32,1019.72,1.1948111367196377,-53.700069654420325
1185490,1185.49,24.14,297.28999999999996,1019.69,1.1948965522841888,-53.45171150064174
1185646,1185.646,24.11,297.26,1019.71,1.1950405821699654,-53.61728426061187
1185803,1185.803,24.09,297.23999999999995,1019.69,1.1950975508968056,-53.45171150064174
1185957,1185.957,24.06,297.21,1019.71,1.19524162530145,-53.61728426061187
1186113,1186.113,24.04,297.19,1019.75,1.1953689502015508,-53.94842189130659
1186268,1186.268,24.03,297.17999999999995,1019.73,1.1953857287944056,-53.78285439079739
1186422,1186.422,24.04,297.19,1019.72,1.1953337836720033,-53.700069654420325
1186577,1186.577,24.05,297.2,1019.73,1.1953052856094262,-53.78285439079739
1186732,1186.732,24.07,297.21999999999997,1019.7,1.1951896902705244,-53.53449820935234
1186934,1186.934,24.08,297.22999999999996,1019.7,1.1951494793331938,-53.53449820935234
1187126,1187.126,24.08,297.22999999999996,1019.7,1.1951494793331938,-53.53449820935234
1187280,1187.28,24.09,297.23999999999995,1019.72,1.195132711510842,-53.700069654420325
1187436,1187.436,24.09,297.23999999999995,1019.72,1.195132711510842,-53.700069654420325
1187591,1187.591,24.1,297.25,1019.73,1.1951042250062958,-53.78285439079739
1187745,1187.745,24.09,297.23999999999995,1019.7,1.1951092711014846,-53.53449820935234
1187900,1187.9,24.06,297.21,1019.71,1.19524162530145,-53.61728426061187
1188055,1188.055,24.03,297.17999999999995,1019.71,1.19536228365248,-53.61728426061187
1188212,1188.212,23.99,297.14,1019.72,1.1955349235023311,-53.700069654420325
1188367,1188.367,23.97,297.12,1019.7,1.1955919485130762,-53.53449820935234
1188522,1188.522,23.97,297.12,1019.72,1.1956153983894813,-53.700069654420325
1188677,1188.677,23.99,297.14,1019.69,1.1954997510552818,-53.45171150064174
1188832,1188.832,24.01,297.15999999999997,1019.69,1.1954192893679045,-53.45171150064174
1188987,1188.987,24.04,297.19,1019.67,1.1952751727894242,-53.28613611080826
1189142,1189.142,24.09,297.23999999999995,1019.66,1.195062390282769,-53.20334742966569
1189307,1189.307,24.13,297.28,1019.7,1.194948465225394,-53.53449820935234
1189461,1189.461,24.17,297.32,1019.67,1.194752551464042,-53.28613611080826
1189616,1189.616,24.2,297.34999999999997,1019.71,1.1946788749145585,-53.61728426061187
1189772,1189.772,24.25,297.4,1019.69,1.1944545932366055,-53.45171150064174
1189926,1189.926,24.28,297.42999999999995,1019.67,1.1943106902507785,-53.28613611080826
1190081,1190.081,24.3,297.45,1019.68,1.1942420988903268,-53.36892413446038
1190236,1190.236,24.33,297.47999999999996,1019.67,1.1941099522700316,-53.28613611080826
1190391,1190.391,24.37,297.52,1019.66,1.193937701289494,-53.20334742966569
1190548,1190.548,24.43,297.58,1019.64,1.1936735582376934,-53.03776809485016
1190704,1190.704,24.48,297.63,1019.66,1.1934964381535806,-53.20334742966569
1190895,1190.895,24.55,297.7,1019.66,1.193215804123783,-53.20334742966569
1191050,1191.05,24.6,297.75,1019.66,1.1930154320324107,-53.20334742966569
1191204,1191.204,24.63,297.78,1019.7,1.1929420368802646,-53.53449820935234
1191359,1191.359,24.64,297.78999999999996,1019.72,1.1929253741545476,-53.700069654420325
1191515,1191.515,24.63,297.78,1019.68,1.1929186389781978,-53.36892413446038
1191669,1191.669,24.62,297.77,1019.68,1.1929587007251494,-53.36892413446038
1191827,1191.827,24.61,297.76,1019.68,1.1929987651629759,-53.36892413446038
1191981,1191.981,24.59,297.73999999999995,1019.67,1.193067201589605,-53.28613611080826
1192137,1192.137,24.58,297.72999999999996,1019.66,1.1930955727929677,-53.20334742966569
1192292,1192.292,24.56,297.71,1019.66,1.1931757243211523,-53.20334742966569
1192446,1192.446,24.55,297.7,1019.69,1.1932509104083522,-53.45171150064174
1192602,1192.602,24.53,297.67999999999995,1019.7,1.1933427833317831,-53.53449820935234
1192757,1192.757,24.51,297.65999999999997,1019.67,1.19338785393163,-53.28613611080826
1192914,1192.914,24.49,297.64,1019.65,1.1934446350423715,-53.12055809101299
1193069,1193.069,24.48,297.63,1019.71,1.1935549623890196,-53.61728426061187
1193224,1193.224,24.45,297.59999999999997,1019.68,1.1936401623485475,-53.36892413446038
1193379,1193.379,24.43,297.58,1019.7,1.1937437991202542,-53.53449820935234
1193534,1193.534,24.4,297.54999999999995,1019.7,1.1938641564180985,-53.53449820935234
1193689,1193.689,24.38,297.53,1019.71,1.1939561168818067,-53.61728426061187
1193843,1193.843,24.36,297.51,1019.72,1.1940480897095314,-53.700069654420325
1193999,1193.999,24.33,297.47999999999996,1019.7,1.194145084517296,-53.53449820935234
1194164,1194.164,24.31,297.46,1019.68,1.1942019509007185,-53.36892413446038
1194318,1194.318,24.28,297.42999999999995,1019.7,1.1943458284040118,-53.53449820935234
1194473,1194.473,24.26,297.40999999999997,1019.67,1.1943910043417807,-53.28613611080826
1194629,1194.629,24.24,297.39,1019.71,1.1945181864078953,-53.61728426061187
1194783,1194.783,24.22,297.37,1019.71,1.194598525257571,-53.61728426061187
1194938,1194.938,24.2,297.34999999999997,1019.71,1.1946788749145585,-53.61728426061187
1195093,1195.093,24.17,297.32,1019.7,1.1947877026173994,-53.53449820935234
1195250,1195.25,24.14,297.28999999999996,1019.7,1.1949082705176939,-53.53449820935234
1195406,1195.406,24.11,297.26,1019.69,1.1950171433377057,-53.45171150064174
1195560,1195.56,24.09,297.23999999999995,1019.71,1.1951209913061633,-53.61728426061187
1195715,1195.715,24.07,297.21999999999997,1019.69,1.1951779692771902,-53.45171150064174
1195870,1195.87,24.05,297.2,1019.71,1.1952818420452354,-53.61728426061187
1196061,1196.061,24.02,297.16999999999996,1019.68,1.195367339620176,-53.36892413446038
1196217,1196.217,24.01,297.15999999999997,1019.73,1.1954661828076505,-53.78285439079739
1196371,1196.371,24.0,297.15,1019.72,1.1954946901210926,-53.700069654420325
1196536,1196.536,23.97,297.12,1019.67,1.1955567736984685,-53.28613611080826
1196691,1196.691,23.96,297.10999999999996,1019.68,1.195608738564598,-53.36892413446038
1196847,1196.847,23.94,297.09,1019.7,1.1957126787916295,-53.53449820935234
1197001,1197.001,23.92,297.07,1019.69,1.1957814522791477,-53.45171150064174
1197156,1197.156,23.91,297.06,1019.68,1.1958099788424146,-53.36892413446038
1197310,1197.31,23.9,297.04999999999995,1019.72,1.1958971458322933,-53.700069654420325
1197466,1197.466,23.88,297.03,1019.71,1.195965941002067,-53.61728426061187
1197624,1197.624,23.86,297.01,1019.71,1.1960464747174975,-53.61728426061187
1197778,1197.778,23.85,297.0,1019.72,1.1960984753181234,-53.700069654420325
1197933,1197.933,23.83,296.97999999999996,1019.71,1.1961672956288099,-53.61728426061187
1198089,1198.089,23.81,296.96,1019.69,1.196224393953955,-53.45171150064174
1198243,1198.243,23.81,296.96,1019.69,1.196224393953955,-53.45171150064174
1198398,1198.398,23.79,296.94,1019.69,1.196304964061987,-53.45171150064174
1198554,1198.554,23.78,296.92999999999995,1019.7,1.1963569856269332,-53.53449820935234
1198708,1198.708,23.76,296.90999999999997,1019.66,1.196390639882962,-53.20334742966569
1198873,1198.873,23.75,296.9,1019.67,1.1964426695900605,-53.28613611080826
1199028,1199.028,23.73,296.88,1019.69,1.1965467395195584,-53.45171150064174
1199183,1199.183,23.71,296.85999999999996,1019.68,1.1966156178499217,-53.36892413446038
1199338,1199.338,23.69,296.84,1019.68,1.1966962414598024,-53.36892413446038
1199493,1199.493,23.67,296.82,1019.65,1.1967416655683967,-53.12055809101299
1199648,1199.648,23.66,296.81,1019.63,1.1967585113262154,-52.954977441167344
1199803,1199.803,23.64,296.78999999999996,1019.67,1.196886110048482,-53.28613611080826
1199961,1199.961,23.63,296.78,1019.66,1.1969147007468504,-53.20334742966569
1200115,1200.115,23.62,296.77,1019.67,1.196966770904367,-53.28613611080826
1200270,1200.27,23.6,296.75,1019.66,1.197035703075485,-53.20334742966569
1200425,1200.425,23.6,296.75,1019.69,1.1970709217474857,-53.45171150064174
1200580,1200.58,23.58,296.72999999999996,1019.65,1.1971046445388454,-53.12055809101299
1200772,1200.772,23.58,296.72999999999996,1019.67,1.1971281252360362,-53.28613611080826
1200926,1200.926,23.59,296.73999999999995,1019.68,1.1970995225278958,-53.36892413446038
1201082,1201.082,23.62,296.77,1019.68,1.1969785096705452,-53.36892413446038
1201247,1201.247,23.69,296.84,1019.69,1.196707977457777,-53.45171150064174
1201401,1201.401,23.75,296.9,1019.69,1.1964661368425948,-53.45171150064174
1201556,1201.556,23.84,296.98999999999995,1019.64,1.196044908786063,-53.03776809485016
1201712,1201.712,23.94,297.09,1019.66,1.1956657743029055,-53.20334742966569
1201866,1201.866,24.02,297.16999999999996,1019.68,1.195367339620176,-53.36892413446038
1202021,1202.021,24.11,297.26,1019.68,1.195005423921576,-53.36892413446038
1202176,1202.176,24.14,297.28999999999996,1019.68,1.1948848340506837,-53.36892413446038
1202334,1202.334,24.18,297.33,1019.71,1.1947592353810377,-53.61728426061187
1202489,1202.489,24.22,297.37,1019.69,1.1945750950955591,-53.45171150064174
1202643,1202.643,24.25,297.4,1019.69,1.1944545932366055,-53.45171150064174
1202799,1202.799,24.33,297.47999999999996,1019.66,1.1940982415209436,-53.20334742966569
1202954,1202.954,24.41,297.56,1019.67,1.1937889118204361,-53.28613611080826
1203108,1203.108,24.51,297.65999999999997,1019.67,1.19338785393163,-53.28613611080826
1203264,1203.264,24.56,297.71,1019.66,1.1931757243211523,-53.20334742966569
1203419,1203.419,24.6,297.75,1019.66,1.1930154320324107,-53.20334742966569
1203583,1203.583,24.66,297.81,1019.69,1.1928101676524174,-53.45171150064174
1203739,1203.739,24.68,297.83,1019.69,1.1927300675840795,-53.45171150064174
1203894,1203.894,24.69,297.84,1019.67,1.1926666283954104,-53.28613611080826
1204048,1204.048,24.7,297.84999999999997,1019.67,1.192626585869696,-53.28613611080826
1204204,1204.204,24.71,297.85999999999996,1019.67,1.192586546032663,-53.28613611080826
1204359,1204.359,24.71,297.85999999999996,1019.66,1.1925748502237639,-53.20334742966569
1204513,1204.513,24.73,297.88,1019.67,1.1925064744235565,-53.28613611080826
1204709,1204.709,24.73,297.88,1019.66,1.192494779399927,-53.20334742966569
1204863,1204.863,24.72,297.87,1019.67,1.19254650888404,-53.28613611080826
1205019,1205.019,24.72,297.87,1019.66,1.1925348134677887,-53.20334742966569
1205174,1205.174,24.71,297.85999999999996,1019.69,1.1926099376504615,-53.45171150064174
1205328,1205.328,24.7,297.84999999999997,1019.68,1.1926382820712698,-53.36892413446038
1205484,1205.484,24.67,297.82,1019.69,1.1927701162734754,-53.45171150064174
1205639,1205.639,24.62,297.77,1019.69,1.1929704000690684,-53.45171150064174
1205793,1205.793,24.58,297.72999999999996,1019.68,1.1931189746244173,-53.36892413446038
1205958,1205.958,24.55,297.7,1019.66,1.193215804123783,-53.20334742966569
1206114,1206.114,24.53,297.67999999999995,1019.65,1.1932842689264025,-53.12055809101299
1206268,1206.268,24.51,297.65999999999997,1019.63,1.1933410392620238,-52.954977441167344
1206423,1206.423,24.48,297.63,1019.63,1.1934613236123173,-52.954977441167344
1206579,1206.579,24.46,297.60999999999996,1019.67,1.1935883491861463,-53.28613611080826
1206733,1206.733,24.43,297.58,1019.66,1.1936969718652135,-53.20334742966569
1206888,1206.888,24.41,297.56,1019.71,1.1938357422228927,-53.61728426061187
1207046,1207.046,24.38,297.53,1019.7,1.1939444081007131,-53.53449820935234
1207201,1207.201,24.35,297.5,1019.69,1.194053095894341,-53.45171150064174
1207356,1207.356,24.33,297.47999999999996,1019.69,1.1941333737682078,-53.45171150064174
1207510,1207.51,24.3,297.45,1019.67,1.1942303869601243,-53.28613611080826
1207666,1207.666,24.28,297.42999999999995,1019.7,1.1943458284040118,-53.53449820935234
1207821,1207.821,24.26,297.40999999999997,1019.68,1.1944027178471732,-53.36892413446038
1207976,1207.976,24.23,297.38,1019.7,1.1945466397948927,-53.53449820935234
1208131,1208.131,24.21,297.35999999999996,1019.67,1.1945918368351123,-53.28613611080826
1208296,1208.296,24.18,297.33,1019.69,1.1947358020669507,-53.45171150064174
1208450,1208.45,24.16,297.31,1019.67,1.1947927368783053,-53.28613611080826
1208606,1208.606,24.14,297.28999999999996,1019.68,1.1948848340506837,-53.36892413446038
1208761,1208.761,24.11,297.26,1019.67,1.1949937045054462,-53.28613611080826
1208916,1208.916,24.09,297.23999999999995,1019.71,1.1951209913061633,-53.61728426061187
1209071,1209.071,24.05,297.2,1019.67,1.195234954916854,-53.28613611080826
1209226,1209.226,24.04,297.19,1019.69,1.1952986171424558,-53.45171150064174
1209383,1209.383,24.03,297.17999999999995,1019.68,1.1953271159395915,-53.36892413446038
1209539,1209.539,23.99,297.14,1019.69,1.1954997510552818,-53.45171150064174
1209694,1209.694,23.98,297.13,1019.7,1.1955517105045104,-53.53449820935234
